
pro1.elf:     file format elf32-avr

Sections:
Idx Name          Size      VMA       LMA       File off  Algn
  0 .text         00003436  00000000  00000000  00000094  2**1
                  CONTENTS, ALLOC, LOAD, READONLY, CODE
  1 .data         0000004c  00800060  00003436  000034ca  2**0
                  CONTENTS, ALLOC, LOAD, DATA
  2 .bss          00000002  008000ac  008000ac  00003516  2**0
                  ALLOC
  3 .stab         00003a14  00000000  00000000  00003518  2**2
                  CONTENTS, READONLY, DEBUGGING
  4 .stabstr      000012c9  00000000  00000000  00006f2c  2**0
                  CONTENTS, READONLY, DEBUGGING
  5 .debug_aranges 00000140  00000000  00000000  000081f5  2**0
                  CONTENTS, READONLY, DEBUGGING
  6 .debug_pubnames 00000170  00000000  00000000  00008335  2**0
                  CONTENTS, READONLY, DEBUGGING
  7 .debug_info   00001c49  00000000  00000000  000084a5  2**0
                  CONTENTS, READONLY, DEBUGGING
  8 .debug_abbrev 00000eeb  00000000  00000000  0000a0ee  2**0
                  CONTENTS, READONLY, DEBUGGING
  9 .debug_line   00000dad  00000000  00000000  0000afd9  2**0
                  CONTENTS, READONLY, DEBUGGING
 10 .debug_frame  00000160  00000000  00000000  0000bd88  2**2
                  CONTENTS, READONLY, DEBUGGING
 11 .debug_str    0000028d  00000000  00000000  0000bee8  2**0
                  CONTENTS, READONLY, DEBUGGING
 12 .debug_loc    000007ce  00000000  00000000  0000c175  2**0
                  CONTENTS, READONLY, DEBUGGING
 13 .debug_ranges 00000050  00000000  00000000  0000c943  2**0
                  CONTENTS, READONLY, DEBUGGING

Disassembly of section .text:

00000000 <__vectors>:
       0:	0c 94 2a 00 	jmp	0x54	; 0x54 <__ctors_end>
       4:	0c 94 47 00 	jmp	0x8e	; 0x8e <__bad_interrupt>
       8:	0c 94 47 00 	jmp	0x8e	; 0x8e <__bad_interrupt>
       c:	0c 94 47 00 	jmp	0x8e	; 0x8e <__bad_interrupt>
      10:	0c 94 47 00 	jmp	0x8e	; 0x8e <__bad_interrupt>
      14:	0c 94 47 00 	jmp	0x8e	; 0x8e <__bad_interrupt>
      18:	0c 94 47 00 	jmp	0x8e	; 0x8e <__bad_interrupt>
      1c:	0c 94 47 00 	jmp	0x8e	; 0x8e <__bad_interrupt>
      20:	0c 94 47 00 	jmp	0x8e	; 0x8e <__bad_interrupt>
      24:	0c 94 47 00 	jmp	0x8e	; 0x8e <__bad_interrupt>
      28:	0c 94 47 00 	jmp	0x8e	; 0x8e <__bad_interrupt>
      2c:	0c 94 47 00 	jmp	0x8e	; 0x8e <__bad_interrupt>
      30:	0c 94 47 00 	jmp	0x8e	; 0x8e <__bad_interrupt>
      34:	0c 94 47 00 	jmp	0x8e	; 0x8e <__bad_interrupt>
      38:	0c 94 47 00 	jmp	0x8e	; 0x8e <__bad_interrupt>
      3c:	0c 94 47 00 	jmp	0x8e	; 0x8e <__bad_interrupt>
      40:	0c 94 0b 0b 	jmp	0x1616	; 0x1616 <__vector_16>
      44:	0c 94 47 00 	jmp	0x8e	; 0x8e <__bad_interrupt>
      48:	0c 94 47 00 	jmp	0x8e	; 0x8e <__bad_interrupt>
      4c:	0c 94 47 00 	jmp	0x8e	; 0x8e <__bad_interrupt>
      50:	0c 94 47 00 	jmp	0x8e	; 0x8e <__bad_interrupt>

00000054 <__ctors_end>:
      54:	11 24       	eor	r1, r1
      56:	1f be       	out	0x3f, r1	; 63
      58:	cf e5       	ldi	r28, 0x5F	; 95
      5a:	d8 e0       	ldi	r29, 0x08	; 8
      5c:	de bf       	out	0x3e, r29	; 62
      5e:	cd bf       	out	0x3d, r28	; 61

00000060 <__do_copy_data>:
      60:	10 e0       	ldi	r17, 0x00	; 0
      62:	a0 e6       	ldi	r26, 0x60	; 96
      64:	b0 e0       	ldi	r27, 0x00	; 0
      66:	e6 e3       	ldi	r30, 0x36	; 54
      68:	f4 e3       	ldi	r31, 0x34	; 52
      6a:	02 c0       	rjmp	.+4      	; 0x70 <.do_copy_data_start>

0000006c <.do_copy_data_loop>:
      6c:	05 90       	lpm	r0, Z+
      6e:	0d 92       	st	X+, r0

00000070 <.do_copy_data_start>:
      70:	ac 3a       	cpi	r26, 0xAC	; 172
      72:	b1 07       	cpc	r27, r17
      74:	d9 f7       	brne	.-10     	; 0x6c <.do_copy_data_loop>

00000076 <__do_clear_bss>:
      76:	10 e0       	ldi	r17, 0x00	; 0
      78:	ac ea       	ldi	r26, 0xAC	; 172
      7a:	b0 e0       	ldi	r27, 0x00	; 0
      7c:	01 c0       	rjmp	.+2      	; 0x80 <.do_clear_bss_start>

0000007e <.do_clear_bss_loop>:
      7e:	1d 92       	st	X+, r1

00000080 <.do_clear_bss_start>:
      80:	ae 3a       	cpi	r26, 0xAE	; 174
      82:	b1 07       	cpc	r27, r17
      84:	e1 f7       	brne	.-8      	; 0x7e <.do_clear_bss_loop>
      86:	0e 94 ba 18 	call	0x3174	; 0x3174 <main>
      8a:	0c 94 19 1a 	jmp	0x3432	; 0x3432 <_exit>

0000008e <__bad_interrupt>:
      8e:	0c 94 00 00 	jmp	0	; 0x0 <__vectors>

00000092 <__fixunssfsi>:
      92:	ef 92       	push	r14
      94:	ff 92       	push	r15
      96:	0f 93       	push	r16
      98:	1f 93       	push	r17
      9a:	7b 01       	movw	r14, r22
      9c:	8c 01       	movw	r16, r24
      9e:	20 e0       	ldi	r18, 0x00	; 0
      a0:	30 e0       	ldi	r19, 0x00	; 0
      a2:	40 e0       	ldi	r20, 0x00	; 0
      a4:	5f e4       	ldi	r21, 0x4F	; 79
      a6:	0e 94 49 03 	call	0x692	; 0x692 <__gesf2>
      aa:	88 23       	and	r24, r24
      ac:	8c f0       	brlt	.+34     	; 0xd0 <__fixunssfsi+0x3e>
      ae:	c8 01       	movw	r24, r16
      b0:	b7 01       	movw	r22, r14
      b2:	20 e0       	ldi	r18, 0x00	; 0
      b4:	30 e0       	ldi	r19, 0x00	; 0
      b6:	40 e0       	ldi	r20, 0x00	; 0
      b8:	5f e4       	ldi	r21, 0x4F	; 79
      ba:	0e 94 c1 01 	call	0x382	; 0x382 <__subsf3>
      be:	0e 94 a9 03 	call	0x752	; 0x752 <__fixsfsi>
      c2:	9b 01       	movw	r18, r22
      c4:	ac 01       	movw	r20, r24
      c6:	20 50       	subi	r18, 0x00	; 0
      c8:	30 40       	sbci	r19, 0x00	; 0
      ca:	40 40       	sbci	r20, 0x00	; 0
      cc:	50 48       	sbci	r21, 0x80	; 128
      ce:	06 c0       	rjmp	.+12     	; 0xdc <__fixunssfsi+0x4a>
      d0:	c8 01       	movw	r24, r16
      d2:	b7 01       	movw	r22, r14
      d4:	0e 94 a9 03 	call	0x752	; 0x752 <__fixsfsi>
      d8:	9b 01       	movw	r18, r22
      da:	ac 01       	movw	r20, r24
      dc:	b9 01       	movw	r22, r18
      de:	ca 01       	movw	r24, r20
      e0:	1f 91       	pop	r17
      e2:	0f 91       	pop	r16
      e4:	ff 90       	pop	r15
      e6:	ef 90       	pop	r14
      e8:	08 95       	ret

000000ea <_fpadd_parts>:
      ea:	a0 e0       	ldi	r26, 0x00	; 0
      ec:	b0 e0       	ldi	r27, 0x00	; 0
      ee:	eb e7       	ldi	r30, 0x7B	; 123
      f0:	f0 e0       	ldi	r31, 0x00	; 0
      f2:	0c 94 e2 19 	jmp	0x33c4	; 0x33c4 <__prologue_saves__>
      f6:	dc 01       	movw	r26, r24
      f8:	2b 01       	movw	r4, r22
      fa:	fa 01       	movw	r30, r20
      fc:	9c 91       	ld	r25, X
      fe:	92 30       	cpi	r25, 0x02	; 2
     100:	08 f4       	brcc	.+2      	; 0x104 <_fpadd_parts+0x1a>
     102:	39 c1       	rjmp	.+626    	; 0x376 <_fpadd_parts+0x28c>
     104:	eb 01       	movw	r28, r22
     106:	88 81       	ld	r24, Y
     108:	82 30       	cpi	r24, 0x02	; 2
     10a:	08 f4       	brcc	.+2      	; 0x10e <_fpadd_parts+0x24>
     10c:	33 c1       	rjmp	.+614    	; 0x374 <_fpadd_parts+0x28a>
     10e:	94 30       	cpi	r25, 0x04	; 4
     110:	69 f4       	brne	.+26     	; 0x12c <_fpadd_parts+0x42>
     112:	84 30       	cpi	r24, 0x04	; 4
     114:	09 f0       	breq	.+2      	; 0x118 <_fpadd_parts+0x2e>
     116:	2f c1       	rjmp	.+606    	; 0x376 <_fpadd_parts+0x28c>
     118:	11 96       	adiw	r26, 0x01	; 1
     11a:	9c 91       	ld	r25, X
     11c:	11 97       	sbiw	r26, 0x01	; 1
     11e:	89 81       	ldd	r24, Y+1	; 0x01
     120:	98 17       	cp	r25, r24
     122:	09 f4       	brne	.+2      	; 0x126 <_fpadd_parts+0x3c>
     124:	28 c1       	rjmp	.+592    	; 0x376 <_fpadd_parts+0x28c>
     126:	a3 e9       	ldi	r26, 0x93	; 147
     128:	b0 e0       	ldi	r27, 0x00	; 0
     12a:	25 c1       	rjmp	.+586    	; 0x376 <_fpadd_parts+0x28c>
     12c:	84 30       	cpi	r24, 0x04	; 4
     12e:	09 f4       	brne	.+2      	; 0x132 <_fpadd_parts+0x48>
     130:	21 c1       	rjmp	.+578    	; 0x374 <_fpadd_parts+0x28a>
     132:	82 30       	cpi	r24, 0x02	; 2
     134:	a9 f4       	brne	.+42     	; 0x160 <_fpadd_parts+0x76>
     136:	92 30       	cpi	r25, 0x02	; 2
     138:	09 f0       	breq	.+2      	; 0x13c <_fpadd_parts+0x52>
     13a:	1d c1       	rjmp	.+570    	; 0x376 <_fpadd_parts+0x28c>
     13c:	9a 01       	movw	r18, r20
     13e:	ad 01       	movw	r20, r26
     140:	88 e0       	ldi	r24, 0x08	; 8
     142:	ea 01       	movw	r28, r20
     144:	09 90       	ld	r0, Y+
     146:	ae 01       	movw	r20, r28
     148:	e9 01       	movw	r28, r18
     14a:	09 92       	st	Y+, r0
     14c:	9e 01       	movw	r18, r28
     14e:	81 50       	subi	r24, 0x01	; 1
     150:	c1 f7       	brne	.-16     	; 0x142 <_fpadd_parts+0x58>
     152:	e2 01       	movw	r28, r4
     154:	89 81       	ldd	r24, Y+1	; 0x01
     156:	11 96       	adiw	r26, 0x01	; 1
     158:	9c 91       	ld	r25, X
     15a:	89 23       	and	r24, r25
     15c:	81 83       	std	Z+1, r24	; 0x01
     15e:	08 c1       	rjmp	.+528    	; 0x370 <_fpadd_parts+0x286>
     160:	92 30       	cpi	r25, 0x02	; 2
     162:	09 f4       	brne	.+2      	; 0x166 <_fpadd_parts+0x7c>
     164:	07 c1       	rjmp	.+526    	; 0x374 <_fpadd_parts+0x28a>
     166:	12 96       	adiw	r26, 0x02	; 2
     168:	2d 90       	ld	r2, X+
     16a:	3c 90       	ld	r3, X
     16c:	13 97       	sbiw	r26, 0x03	; 3
     16e:	eb 01       	movw	r28, r22
     170:	8a 81       	ldd	r24, Y+2	; 0x02
     172:	9b 81       	ldd	r25, Y+3	; 0x03
     174:	14 96       	adiw	r26, 0x04	; 4
     176:	ad 90       	ld	r10, X+
     178:	bd 90       	ld	r11, X+
     17a:	cd 90       	ld	r12, X+
     17c:	dc 90       	ld	r13, X
     17e:	17 97       	sbiw	r26, 0x07	; 7
     180:	ec 80       	ldd	r14, Y+4	; 0x04
     182:	fd 80       	ldd	r15, Y+5	; 0x05
     184:	0e 81       	ldd	r16, Y+6	; 0x06
     186:	1f 81       	ldd	r17, Y+7	; 0x07
     188:	91 01       	movw	r18, r2
     18a:	28 1b       	sub	r18, r24
     18c:	39 0b       	sbc	r19, r25
     18e:	b9 01       	movw	r22, r18
     190:	37 ff       	sbrs	r19, 7
     192:	04 c0       	rjmp	.+8      	; 0x19c <_fpadd_parts+0xb2>
     194:	66 27       	eor	r22, r22
     196:	77 27       	eor	r23, r23
     198:	62 1b       	sub	r22, r18
     19a:	73 0b       	sbc	r23, r19
     19c:	60 32       	cpi	r22, 0x20	; 32
     19e:	71 05       	cpc	r23, r1
     1a0:	0c f0       	brlt	.+2      	; 0x1a4 <_fpadd_parts+0xba>
     1a2:	61 c0       	rjmp	.+194    	; 0x266 <_fpadd_parts+0x17c>
     1a4:	12 16       	cp	r1, r18
     1a6:	13 06       	cpc	r1, r19
     1a8:	6c f5       	brge	.+90     	; 0x204 <_fpadd_parts+0x11a>
     1aa:	37 01       	movw	r6, r14
     1ac:	48 01       	movw	r8, r16
     1ae:	06 2e       	mov	r0, r22
     1b0:	04 c0       	rjmp	.+8      	; 0x1ba <_fpadd_parts+0xd0>
     1b2:	96 94       	lsr	r9
     1b4:	87 94       	ror	r8
     1b6:	77 94       	ror	r7
     1b8:	67 94       	ror	r6
     1ba:	0a 94       	dec	r0
     1bc:	d2 f7       	brpl	.-12     	; 0x1b2 <_fpadd_parts+0xc8>
     1be:	21 e0       	ldi	r18, 0x01	; 1
     1c0:	30 e0       	ldi	r19, 0x00	; 0
     1c2:	40 e0       	ldi	r20, 0x00	; 0
     1c4:	50 e0       	ldi	r21, 0x00	; 0
     1c6:	04 c0       	rjmp	.+8      	; 0x1d0 <_fpadd_parts+0xe6>
     1c8:	22 0f       	add	r18, r18
     1ca:	33 1f       	adc	r19, r19
     1cc:	44 1f       	adc	r20, r20
     1ce:	55 1f       	adc	r21, r21
     1d0:	6a 95       	dec	r22
     1d2:	d2 f7       	brpl	.-12     	; 0x1c8 <_fpadd_parts+0xde>
     1d4:	21 50       	subi	r18, 0x01	; 1
     1d6:	30 40       	sbci	r19, 0x00	; 0
     1d8:	40 40       	sbci	r20, 0x00	; 0
     1da:	50 40       	sbci	r21, 0x00	; 0
     1dc:	2e 21       	and	r18, r14
     1de:	3f 21       	and	r19, r15
     1e0:	40 23       	and	r20, r16
     1e2:	51 23       	and	r21, r17
     1e4:	21 15       	cp	r18, r1
     1e6:	31 05       	cpc	r19, r1
     1e8:	41 05       	cpc	r20, r1
     1ea:	51 05       	cpc	r21, r1
     1ec:	21 f0       	breq	.+8      	; 0x1f6 <_fpadd_parts+0x10c>
     1ee:	21 e0       	ldi	r18, 0x01	; 1
     1f0:	30 e0       	ldi	r19, 0x00	; 0
     1f2:	40 e0       	ldi	r20, 0x00	; 0
     1f4:	50 e0       	ldi	r21, 0x00	; 0
     1f6:	79 01       	movw	r14, r18
     1f8:	8a 01       	movw	r16, r20
     1fa:	e6 28       	or	r14, r6
     1fc:	f7 28       	or	r15, r7
     1fe:	08 29       	or	r16, r8
     200:	19 29       	or	r17, r9
     202:	3c c0       	rjmp	.+120    	; 0x27c <_fpadd_parts+0x192>
     204:	23 2b       	or	r18, r19
     206:	d1 f1       	breq	.+116    	; 0x27c <_fpadd_parts+0x192>
     208:	26 0e       	add	r2, r22
     20a:	37 1e       	adc	r3, r23
     20c:	35 01       	movw	r6, r10
     20e:	46 01       	movw	r8, r12
     210:	06 2e       	mov	r0, r22
     212:	04 c0       	rjmp	.+8      	; 0x21c <_fpadd_parts+0x132>
     214:	96 94       	lsr	r9
     216:	87 94       	ror	r8
     218:	77 94       	ror	r7
     21a:	67 94       	ror	r6
     21c:	0a 94       	dec	r0
     21e:	d2 f7       	brpl	.-12     	; 0x214 <_fpadd_parts+0x12a>
     220:	21 e0       	ldi	r18, 0x01	; 1
     222:	30 e0       	ldi	r19, 0x00	; 0
     224:	40 e0       	ldi	r20, 0x00	; 0
     226:	50 e0       	ldi	r21, 0x00	; 0
     228:	04 c0       	rjmp	.+8      	; 0x232 <_fpadd_parts+0x148>
     22a:	22 0f       	add	r18, r18
     22c:	33 1f       	adc	r19, r19
     22e:	44 1f       	adc	r20, r20
     230:	55 1f       	adc	r21, r21
     232:	6a 95       	dec	r22
     234:	d2 f7       	brpl	.-12     	; 0x22a <_fpadd_parts+0x140>
     236:	21 50       	subi	r18, 0x01	; 1
     238:	30 40       	sbci	r19, 0x00	; 0
     23a:	40 40       	sbci	r20, 0x00	; 0
     23c:	50 40       	sbci	r21, 0x00	; 0
     23e:	2a 21       	and	r18, r10
     240:	3b 21       	and	r19, r11
     242:	4c 21       	and	r20, r12
     244:	5d 21       	and	r21, r13
     246:	21 15       	cp	r18, r1
     248:	31 05       	cpc	r19, r1
     24a:	41 05       	cpc	r20, r1
     24c:	51 05       	cpc	r21, r1
     24e:	21 f0       	breq	.+8      	; 0x258 <_fpadd_parts+0x16e>
     250:	21 e0       	ldi	r18, 0x01	; 1
     252:	30 e0       	ldi	r19, 0x00	; 0
     254:	40 e0       	ldi	r20, 0x00	; 0
     256:	50 e0       	ldi	r21, 0x00	; 0
     258:	59 01       	movw	r10, r18
     25a:	6a 01       	movw	r12, r20
     25c:	a6 28       	or	r10, r6
     25e:	b7 28       	or	r11, r7
     260:	c8 28       	or	r12, r8
     262:	d9 28       	or	r13, r9
     264:	0b c0       	rjmp	.+22     	; 0x27c <_fpadd_parts+0x192>
     266:	82 15       	cp	r24, r2
     268:	93 05       	cpc	r25, r3
     26a:	2c f0       	brlt	.+10     	; 0x276 <_fpadd_parts+0x18c>
     26c:	1c 01       	movw	r2, r24
     26e:	aa 24       	eor	r10, r10
     270:	bb 24       	eor	r11, r11
     272:	65 01       	movw	r12, r10
     274:	03 c0       	rjmp	.+6      	; 0x27c <_fpadd_parts+0x192>
     276:	ee 24       	eor	r14, r14
     278:	ff 24       	eor	r15, r15
     27a:	87 01       	movw	r16, r14
     27c:	11 96       	adiw	r26, 0x01	; 1
     27e:	9c 91       	ld	r25, X
     280:	d2 01       	movw	r26, r4
     282:	11 96       	adiw	r26, 0x01	; 1
     284:	8c 91       	ld	r24, X
     286:	98 17       	cp	r25, r24
     288:	09 f4       	brne	.+2      	; 0x28c <_fpadd_parts+0x1a2>
     28a:	45 c0       	rjmp	.+138    	; 0x316 <_fpadd_parts+0x22c>
     28c:	99 23       	and	r25, r25
     28e:	39 f0       	breq	.+14     	; 0x29e <_fpadd_parts+0x1b4>
     290:	a8 01       	movw	r20, r16
     292:	97 01       	movw	r18, r14
     294:	2a 19       	sub	r18, r10
     296:	3b 09       	sbc	r19, r11
     298:	4c 09       	sbc	r20, r12
     29a:	5d 09       	sbc	r21, r13
     29c:	06 c0       	rjmp	.+12     	; 0x2aa <_fpadd_parts+0x1c0>
     29e:	a6 01       	movw	r20, r12
     2a0:	95 01       	movw	r18, r10
     2a2:	2e 19       	sub	r18, r14
     2a4:	3f 09       	sbc	r19, r15
     2a6:	40 0b       	sbc	r20, r16
     2a8:	51 0b       	sbc	r21, r17
     2aa:	57 fd       	sbrc	r21, 7
     2ac:	08 c0       	rjmp	.+16     	; 0x2be <_fpadd_parts+0x1d4>
     2ae:	11 82       	std	Z+1, r1	; 0x01
     2b0:	33 82       	std	Z+3, r3	; 0x03
     2b2:	22 82       	std	Z+2, r2	; 0x02
     2b4:	24 83       	std	Z+4, r18	; 0x04
     2b6:	35 83       	std	Z+5, r19	; 0x05
     2b8:	46 83       	std	Z+6, r20	; 0x06
     2ba:	57 83       	std	Z+7, r21	; 0x07
     2bc:	1d c0       	rjmp	.+58     	; 0x2f8 <_fpadd_parts+0x20e>
     2be:	81 e0       	ldi	r24, 0x01	; 1
     2c0:	81 83       	std	Z+1, r24	; 0x01
     2c2:	33 82       	std	Z+3, r3	; 0x03
     2c4:	22 82       	std	Z+2, r2	; 0x02
     2c6:	88 27       	eor	r24, r24
     2c8:	99 27       	eor	r25, r25
     2ca:	dc 01       	movw	r26, r24
     2cc:	82 1b       	sub	r24, r18
     2ce:	93 0b       	sbc	r25, r19
     2d0:	a4 0b       	sbc	r26, r20
     2d2:	b5 0b       	sbc	r27, r21
     2d4:	84 83       	std	Z+4, r24	; 0x04
     2d6:	95 83       	std	Z+5, r25	; 0x05
     2d8:	a6 83       	std	Z+6, r26	; 0x06
     2da:	b7 83       	std	Z+7, r27	; 0x07
     2dc:	0d c0       	rjmp	.+26     	; 0x2f8 <_fpadd_parts+0x20e>
     2de:	22 0f       	add	r18, r18
     2e0:	33 1f       	adc	r19, r19
     2e2:	44 1f       	adc	r20, r20
     2e4:	55 1f       	adc	r21, r21
     2e6:	24 83       	std	Z+4, r18	; 0x04
     2e8:	35 83       	std	Z+5, r19	; 0x05
     2ea:	46 83       	std	Z+6, r20	; 0x06
     2ec:	57 83       	std	Z+7, r21	; 0x07
     2ee:	82 81       	ldd	r24, Z+2	; 0x02
     2f0:	93 81       	ldd	r25, Z+3	; 0x03
     2f2:	01 97       	sbiw	r24, 0x01	; 1
     2f4:	93 83       	std	Z+3, r25	; 0x03
     2f6:	82 83       	std	Z+2, r24	; 0x02
     2f8:	24 81       	ldd	r18, Z+4	; 0x04
     2fa:	35 81       	ldd	r19, Z+5	; 0x05
     2fc:	46 81       	ldd	r20, Z+6	; 0x06
     2fe:	57 81       	ldd	r21, Z+7	; 0x07
     300:	da 01       	movw	r26, r20
     302:	c9 01       	movw	r24, r18
     304:	01 97       	sbiw	r24, 0x01	; 1
     306:	a1 09       	sbc	r26, r1
     308:	b1 09       	sbc	r27, r1
     30a:	8f 5f       	subi	r24, 0xFF	; 255
     30c:	9f 4f       	sbci	r25, 0xFF	; 255
     30e:	af 4f       	sbci	r26, 0xFF	; 255
     310:	bf 43       	sbci	r27, 0x3F	; 63
     312:	28 f3       	brcs	.-54     	; 0x2de <_fpadd_parts+0x1f4>
     314:	0b c0       	rjmp	.+22     	; 0x32c <_fpadd_parts+0x242>
     316:	91 83       	std	Z+1, r25	; 0x01
     318:	33 82       	std	Z+3, r3	; 0x03
     31a:	22 82       	std	Z+2, r2	; 0x02
     31c:	ea 0c       	add	r14, r10
     31e:	fb 1c       	adc	r15, r11
     320:	0c 1d       	adc	r16, r12
     322:	1d 1d       	adc	r17, r13
     324:	e4 82       	std	Z+4, r14	; 0x04
     326:	f5 82       	std	Z+5, r15	; 0x05
     328:	06 83       	std	Z+6, r16	; 0x06
     32a:	17 83       	std	Z+7, r17	; 0x07
     32c:	83 e0       	ldi	r24, 0x03	; 3
     32e:	80 83       	st	Z, r24
     330:	24 81       	ldd	r18, Z+4	; 0x04
     332:	35 81       	ldd	r19, Z+5	; 0x05
     334:	46 81       	ldd	r20, Z+6	; 0x06
     336:	57 81       	ldd	r21, Z+7	; 0x07
     338:	57 ff       	sbrs	r21, 7
     33a:	1a c0       	rjmp	.+52     	; 0x370 <_fpadd_parts+0x286>
     33c:	c9 01       	movw	r24, r18
     33e:	aa 27       	eor	r26, r26
     340:	97 fd       	sbrc	r25, 7
     342:	a0 95       	com	r26
     344:	ba 2f       	mov	r27, r26
     346:	81 70       	andi	r24, 0x01	; 1
     348:	90 70       	andi	r25, 0x00	; 0
     34a:	a0 70       	andi	r26, 0x00	; 0
     34c:	b0 70       	andi	r27, 0x00	; 0
     34e:	56 95       	lsr	r21
     350:	47 95       	ror	r20
     352:	37 95       	ror	r19
     354:	27 95       	ror	r18
     356:	82 2b       	or	r24, r18
     358:	93 2b       	or	r25, r19
     35a:	a4 2b       	or	r26, r20
     35c:	b5 2b       	or	r27, r21
     35e:	84 83       	std	Z+4, r24	; 0x04
     360:	95 83       	std	Z+5, r25	; 0x05
     362:	a6 83       	std	Z+6, r26	; 0x06
     364:	b7 83       	std	Z+7, r27	; 0x07
     366:	82 81       	ldd	r24, Z+2	; 0x02
     368:	93 81       	ldd	r25, Z+3	; 0x03
     36a:	01 96       	adiw	r24, 0x01	; 1
     36c:	93 83       	std	Z+3, r25	; 0x03
     36e:	82 83       	std	Z+2, r24	; 0x02
     370:	df 01       	movw	r26, r30
     372:	01 c0       	rjmp	.+2      	; 0x376 <_fpadd_parts+0x28c>
     374:	d2 01       	movw	r26, r4
     376:	cd 01       	movw	r24, r26
     378:	cd b7       	in	r28, 0x3d	; 61
     37a:	de b7       	in	r29, 0x3e	; 62
     37c:	e2 e1       	ldi	r30, 0x12	; 18
     37e:	0c 94 fe 19 	jmp	0x33fc	; 0x33fc <__epilogue_restores__>

00000382 <__subsf3>:
     382:	a0 e2       	ldi	r26, 0x20	; 32
     384:	b0 e0       	ldi	r27, 0x00	; 0
     386:	e7 ec       	ldi	r30, 0xC7	; 199
     388:	f1 e0       	ldi	r31, 0x01	; 1
     38a:	0c 94 ee 19 	jmp	0x33dc	; 0x33dc <__prologue_saves__+0x18>
     38e:	69 83       	std	Y+1, r22	; 0x01
     390:	7a 83       	std	Y+2, r23	; 0x02
     392:	8b 83       	std	Y+3, r24	; 0x03
     394:	9c 83       	std	Y+4, r25	; 0x04
     396:	2d 83       	std	Y+5, r18	; 0x05
     398:	3e 83       	std	Y+6, r19	; 0x06
     39a:	4f 83       	std	Y+7, r20	; 0x07
     39c:	58 87       	std	Y+8, r21	; 0x08
     39e:	e9 e0       	ldi	r30, 0x09	; 9
     3a0:	ee 2e       	mov	r14, r30
     3a2:	f1 2c       	mov	r15, r1
     3a4:	ec 0e       	add	r14, r28
     3a6:	fd 1e       	adc	r15, r29
     3a8:	ce 01       	movw	r24, r28
     3aa:	01 96       	adiw	r24, 0x01	; 1
     3ac:	b7 01       	movw	r22, r14
     3ae:	0e 94 d2 04 	call	0x9a4	; 0x9a4 <__unpack_f>
     3b2:	8e 01       	movw	r16, r28
     3b4:	0f 5e       	subi	r16, 0xEF	; 239
     3b6:	1f 4f       	sbci	r17, 0xFF	; 255
     3b8:	ce 01       	movw	r24, r28
     3ba:	05 96       	adiw	r24, 0x05	; 5
     3bc:	b8 01       	movw	r22, r16
     3be:	0e 94 d2 04 	call	0x9a4	; 0x9a4 <__unpack_f>
     3c2:	8a 89       	ldd	r24, Y+18	; 0x12
     3c4:	91 e0       	ldi	r25, 0x01	; 1
     3c6:	89 27       	eor	r24, r25
     3c8:	8a 8b       	std	Y+18, r24	; 0x12
     3ca:	c7 01       	movw	r24, r14
     3cc:	b8 01       	movw	r22, r16
     3ce:	ae 01       	movw	r20, r28
     3d0:	47 5e       	subi	r20, 0xE7	; 231
     3d2:	5f 4f       	sbci	r21, 0xFF	; 255
     3d4:	0e 94 75 00 	call	0xea	; 0xea <_fpadd_parts>
     3d8:	0e 94 fd 03 	call	0x7fa	; 0x7fa <__pack_f>
     3dc:	a0 96       	adiw	r28, 0x20	; 32
     3de:	e6 e0       	ldi	r30, 0x06	; 6
     3e0:	0c 94 0a 1a 	jmp	0x3414	; 0x3414 <__epilogue_restores__+0x18>

000003e4 <__addsf3>:
     3e4:	a0 e2       	ldi	r26, 0x20	; 32
     3e6:	b0 e0       	ldi	r27, 0x00	; 0
     3e8:	e8 ef       	ldi	r30, 0xF8	; 248
     3ea:	f1 e0       	ldi	r31, 0x01	; 1
     3ec:	0c 94 ee 19 	jmp	0x33dc	; 0x33dc <__prologue_saves__+0x18>
     3f0:	69 83       	std	Y+1, r22	; 0x01
     3f2:	7a 83       	std	Y+2, r23	; 0x02
     3f4:	8b 83       	std	Y+3, r24	; 0x03
     3f6:	9c 83       	std	Y+4, r25	; 0x04
     3f8:	2d 83       	std	Y+5, r18	; 0x05
     3fa:	3e 83       	std	Y+6, r19	; 0x06
     3fc:	4f 83       	std	Y+7, r20	; 0x07
     3fe:	58 87       	std	Y+8, r21	; 0x08
     400:	f9 e0       	ldi	r31, 0x09	; 9
     402:	ef 2e       	mov	r14, r31
     404:	f1 2c       	mov	r15, r1
     406:	ec 0e       	add	r14, r28
     408:	fd 1e       	adc	r15, r29
     40a:	ce 01       	movw	r24, r28
     40c:	01 96       	adiw	r24, 0x01	; 1
     40e:	b7 01       	movw	r22, r14
     410:	0e 94 d2 04 	call	0x9a4	; 0x9a4 <__unpack_f>
     414:	8e 01       	movw	r16, r28
     416:	0f 5e       	subi	r16, 0xEF	; 239
     418:	1f 4f       	sbci	r17, 0xFF	; 255
     41a:	ce 01       	movw	r24, r28
     41c:	05 96       	adiw	r24, 0x05	; 5
     41e:	b8 01       	movw	r22, r16
     420:	0e 94 d2 04 	call	0x9a4	; 0x9a4 <__unpack_f>
     424:	c7 01       	movw	r24, r14
     426:	b8 01       	movw	r22, r16
     428:	ae 01       	movw	r20, r28
     42a:	47 5e       	subi	r20, 0xE7	; 231
     42c:	5f 4f       	sbci	r21, 0xFF	; 255
     42e:	0e 94 75 00 	call	0xea	; 0xea <_fpadd_parts>
     432:	0e 94 fd 03 	call	0x7fa	; 0x7fa <__pack_f>
     436:	a0 96       	adiw	r28, 0x20	; 32
     438:	e6 e0       	ldi	r30, 0x06	; 6
     43a:	0c 94 0a 1a 	jmp	0x3414	; 0x3414 <__epilogue_restores__+0x18>

0000043e <__mulsf3>:
     43e:	a0 e2       	ldi	r26, 0x20	; 32
     440:	b0 e0       	ldi	r27, 0x00	; 0
     442:	e5 e2       	ldi	r30, 0x25	; 37
     444:	f2 e0       	ldi	r31, 0x02	; 2
     446:	0c 94 e2 19 	jmp	0x33c4	; 0x33c4 <__prologue_saves__>
     44a:	69 83       	std	Y+1, r22	; 0x01
     44c:	7a 83       	std	Y+2, r23	; 0x02
     44e:	8b 83       	std	Y+3, r24	; 0x03
     450:	9c 83       	std	Y+4, r25	; 0x04
     452:	2d 83       	std	Y+5, r18	; 0x05
     454:	3e 83       	std	Y+6, r19	; 0x06
     456:	4f 83       	std	Y+7, r20	; 0x07
     458:	58 87       	std	Y+8, r21	; 0x08
     45a:	ce 01       	movw	r24, r28
     45c:	01 96       	adiw	r24, 0x01	; 1
     45e:	be 01       	movw	r22, r28
     460:	67 5f       	subi	r22, 0xF7	; 247
     462:	7f 4f       	sbci	r23, 0xFF	; 255
     464:	0e 94 d2 04 	call	0x9a4	; 0x9a4 <__unpack_f>
     468:	ce 01       	movw	r24, r28
     46a:	05 96       	adiw	r24, 0x05	; 5
     46c:	be 01       	movw	r22, r28
     46e:	6f 5e       	subi	r22, 0xEF	; 239
     470:	7f 4f       	sbci	r23, 0xFF	; 255
     472:	0e 94 d2 04 	call	0x9a4	; 0x9a4 <__unpack_f>
     476:	99 85       	ldd	r25, Y+9	; 0x09
     478:	92 30       	cpi	r25, 0x02	; 2
     47a:	88 f0       	brcs	.+34     	; 0x49e <__mulsf3+0x60>
     47c:	89 89       	ldd	r24, Y+17	; 0x11
     47e:	82 30       	cpi	r24, 0x02	; 2
     480:	c8 f0       	brcs	.+50     	; 0x4b4 <__mulsf3+0x76>
     482:	94 30       	cpi	r25, 0x04	; 4
     484:	19 f4       	brne	.+6      	; 0x48c <__mulsf3+0x4e>
     486:	82 30       	cpi	r24, 0x02	; 2
     488:	51 f4       	brne	.+20     	; 0x49e <__mulsf3+0x60>
     48a:	04 c0       	rjmp	.+8      	; 0x494 <__mulsf3+0x56>
     48c:	84 30       	cpi	r24, 0x04	; 4
     48e:	29 f4       	brne	.+10     	; 0x49a <__mulsf3+0x5c>
     490:	92 30       	cpi	r25, 0x02	; 2
     492:	81 f4       	brne	.+32     	; 0x4b4 <__mulsf3+0x76>
     494:	83 e9       	ldi	r24, 0x93	; 147
     496:	90 e0       	ldi	r25, 0x00	; 0
     498:	c6 c0       	rjmp	.+396    	; 0x626 <__mulsf3+0x1e8>
     49a:	92 30       	cpi	r25, 0x02	; 2
     49c:	49 f4       	brne	.+18     	; 0x4b0 <__mulsf3+0x72>
     49e:	20 e0       	ldi	r18, 0x00	; 0
     4a0:	9a 85       	ldd	r25, Y+10	; 0x0a
     4a2:	8a 89       	ldd	r24, Y+18	; 0x12
     4a4:	98 13       	cpse	r25, r24
     4a6:	21 e0       	ldi	r18, 0x01	; 1
     4a8:	2a 87       	std	Y+10, r18	; 0x0a
     4aa:	ce 01       	movw	r24, r28
     4ac:	09 96       	adiw	r24, 0x09	; 9
     4ae:	bb c0       	rjmp	.+374    	; 0x626 <__mulsf3+0x1e8>
     4b0:	82 30       	cpi	r24, 0x02	; 2
     4b2:	49 f4       	brne	.+18     	; 0x4c6 <__mulsf3+0x88>
     4b4:	20 e0       	ldi	r18, 0x00	; 0
     4b6:	9a 85       	ldd	r25, Y+10	; 0x0a
     4b8:	8a 89       	ldd	r24, Y+18	; 0x12
     4ba:	98 13       	cpse	r25, r24
     4bc:	21 e0       	ldi	r18, 0x01	; 1
     4be:	2a 8b       	std	Y+18, r18	; 0x12
     4c0:	ce 01       	movw	r24, r28
     4c2:	41 96       	adiw	r24, 0x11	; 17
     4c4:	b0 c0       	rjmp	.+352    	; 0x626 <__mulsf3+0x1e8>
     4c6:	2d 84       	ldd	r2, Y+13	; 0x0d
     4c8:	3e 84       	ldd	r3, Y+14	; 0x0e
     4ca:	4f 84       	ldd	r4, Y+15	; 0x0f
     4cc:	58 88       	ldd	r5, Y+16	; 0x10
     4ce:	6d 88       	ldd	r6, Y+21	; 0x15
     4d0:	7e 88       	ldd	r7, Y+22	; 0x16
     4d2:	8f 88       	ldd	r8, Y+23	; 0x17
     4d4:	98 8c       	ldd	r9, Y+24	; 0x18
     4d6:	ee 24       	eor	r14, r14
     4d8:	ff 24       	eor	r15, r15
     4da:	87 01       	movw	r16, r14
     4dc:	aa 24       	eor	r10, r10
     4de:	bb 24       	eor	r11, r11
     4e0:	65 01       	movw	r12, r10
     4e2:	40 e0       	ldi	r20, 0x00	; 0
     4e4:	50 e0       	ldi	r21, 0x00	; 0
     4e6:	60 e0       	ldi	r22, 0x00	; 0
     4e8:	70 e0       	ldi	r23, 0x00	; 0
     4ea:	e0 e0       	ldi	r30, 0x00	; 0
     4ec:	f0 e0       	ldi	r31, 0x00	; 0
     4ee:	c1 01       	movw	r24, r2
     4f0:	81 70       	andi	r24, 0x01	; 1
     4f2:	90 70       	andi	r25, 0x00	; 0
     4f4:	89 2b       	or	r24, r25
     4f6:	e9 f0       	breq	.+58     	; 0x532 <__mulsf3+0xf4>
     4f8:	e6 0c       	add	r14, r6
     4fa:	f7 1c       	adc	r15, r7
     4fc:	08 1d       	adc	r16, r8
     4fe:	19 1d       	adc	r17, r9
     500:	9a 01       	movw	r18, r20
     502:	ab 01       	movw	r20, r22
     504:	2a 0d       	add	r18, r10
     506:	3b 1d       	adc	r19, r11
     508:	4c 1d       	adc	r20, r12
     50a:	5d 1d       	adc	r21, r13
     50c:	80 e0       	ldi	r24, 0x00	; 0
     50e:	90 e0       	ldi	r25, 0x00	; 0
     510:	a0 e0       	ldi	r26, 0x00	; 0
     512:	b0 e0       	ldi	r27, 0x00	; 0
     514:	e6 14       	cp	r14, r6
     516:	f7 04       	cpc	r15, r7
     518:	08 05       	cpc	r16, r8
     51a:	19 05       	cpc	r17, r9
     51c:	20 f4       	brcc	.+8      	; 0x526 <__mulsf3+0xe8>
     51e:	81 e0       	ldi	r24, 0x01	; 1
     520:	90 e0       	ldi	r25, 0x00	; 0
     522:	a0 e0       	ldi	r26, 0x00	; 0
     524:	b0 e0       	ldi	r27, 0x00	; 0
     526:	ba 01       	movw	r22, r20
     528:	a9 01       	movw	r20, r18
     52a:	48 0f       	add	r20, r24
     52c:	59 1f       	adc	r21, r25
     52e:	6a 1f       	adc	r22, r26
     530:	7b 1f       	adc	r23, r27
     532:	aa 0c       	add	r10, r10
     534:	bb 1c       	adc	r11, r11
     536:	cc 1c       	adc	r12, r12
     538:	dd 1c       	adc	r13, r13
     53a:	97 fe       	sbrs	r9, 7
     53c:	08 c0       	rjmp	.+16     	; 0x54e <__mulsf3+0x110>
     53e:	81 e0       	ldi	r24, 0x01	; 1
     540:	90 e0       	ldi	r25, 0x00	; 0
     542:	a0 e0       	ldi	r26, 0x00	; 0
     544:	b0 e0       	ldi	r27, 0x00	; 0
     546:	a8 2a       	or	r10, r24
     548:	b9 2a       	or	r11, r25
     54a:	ca 2a       	or	r12, r26
     54c:	db 2a       	or	r13, r27
     54e:	31 96       	adiw	r30, 0x01	; 1
     550:	e0 32       	cpi	r30, 0x20	; 32
     552:	f1 05       	cpc	r31, r1
     554:	49 f0       	breq	.+18     	; 0x568 <__mulsf3+0x12a>
     556:	66 0c       	add	r6, r6
     558:	77 1c       	adc	r7, r7
     55a:	88 1c       	adc	r8, r8
     55c:	99 1c       	adc	r9, r9
     55e:	56 94       	lsr	r5
     560:	47 94       	ror	r4
     562:	37 94       	ror	r3
     564:	27 94       	ror	r2
     566:	c3 cf       	rjmp	.-122    	; 0x4ee <__mulsf3+0xb0>
     568:	fa 85       	ldd	r31, Y+10	; 0x0a
     56a:	ea 89       	ldd	r30, Y+18	; 0x12
     56c:	2b 89       	ldd	r18, Y+19	; 0x13
     56e:	3c 89       	ldd	r19, Y+20	; 0x14
     570:	8b 85       	ldd	r24, Y+11	; 0x0b
     572:	9c 85       	ldd	r25, Y+12	; 0x0c
     574:	28 0f       	add	r18, r24
     576:	39 1f       	adc	r19, r25
     578:	2e 5f       	subi	r18, 0xFE	; 254
     57a:	3f 4f       	sbci	r19, 0xFF	; 255
     57c:	17 c0       	rjmp	.+46     	; 0x5ac <__mulsf3+0x16e>
     57e:	ca 01       	movw	r24, r20
     580:	81 70       	andi	r24, 0x01	; 1
     582:	90 70       	andi	r25, 0x00	; 0
     584:	89 2b       	or	r24, r25
     586:	61 f0       	breq	.+24     	; 0x5a0 <__mulsf3+0x162>
     588:	16 95       	lsr	r17
     58a:	07 95       	ror	r16
     58c:	f7 94       	ror	r15
     58e:	e7 94       	ror	r14
     590:	80 e0       	ldi	r24, 0x00	; 0
     592:	90 e0       	ldi	r25, 0x00	; 0
     594:	a0 e0       	ldi	r26, 0x00	; 0
     596:	b0 e8       	ldi	r27, 0x80	; 128
     598:	e8 2a       	or	r14, r24
     59a:	f9 2a       	or	r15, r25
     59c:	0a 2b       	or	r16, r26
     59e:	1b 2b       	or	r17, r27
     5a0:	76 95       	lsr	r23
     5a2:	67 95       	ror	r22
     5a4:	57 95       	ror	r21
     5a6:	47 95       	ror	r20
     5a8:	2f 5f       	subi	r18, 0xFF	; 255
     5aa:	3f 4f       	sbci	r19, 0xFF	; 255
     5ac:	77 fd       	sbrc	r23, 7
     5ae:	e7 cf       	rjmp	.-50     	; 0x57e <__mulsf3+0x140>
     5b0:	0c c0       	rjmp	.+24     	; 0x5ca <__mulsf3+0x18c>
     5b2:	44 0f       	add	r20, r20
     5b4:	55 1f       	adc	r21, r21
     5b6:	66 1f       	adc	r22, r22
     5b8:	77 1f       	adc	r23, r23
     5ba:	17 fd       	sbrc	r17, 7
     5bc:	41 60       	ori	r20, 0x01	; 1
     5be:	ee 0c       	add	r14, r14
     5c0:	ff 1c       	adc	r15, r15
     5c2:	00 1f       	adc	r16, r16
     5c4:	11 1f       	adc	r17, r17
     5c6:	21 50       	subi	r18, 0x01	; 1
     5c8:	30 40       	sbci	r19, 0x00	; 0
     5ca:	40 30       	cpi	r20, 0x00	; 0
     5cc:	90 e0       	ldi	r25, 0x00	; 0
     5ce:	59 07       	cpc	r21, r25
     5d0:	90 e0       	ldi	r25, 0x00	; 0
     5d2:	69 07       	cpc	r22, r25
     5d4:	90 e4       	ldi	r25, 0x40	; 64
     5d6:	79 07       	cpc	r23, r25
     5d8:	60 f3       	brcs	.-40     	; 0x5b2 <__mulsf3+0x174>
     5da:	2b 8f       	std	Y+27, r18	; 0x1b
     5dc:	3c 8f       	std	Y+28, r19	; 0x1c
     5de:	db 01       	movw	r26, r22
     5e0:	ca 01       	movw	r24, r20
     5e2:	8f 77       	andi	r24, 0x7F	; 127
     5e4:	90 70       	andi	r25, 0x00	; 0
     5e6:	a0 70       	andi	r26, 0x00	; 0
     5e8:	b0 70       	andi	r27, 0x00	; 0
     5ea:	80 34       	cpi	r24, 0x40	; 64
     5ec:	91 05       	cpc	r25, r1
     5ee:	a1 05       	cpc	r26, r1
     5f0:	b1 05       	cpc	r27, r1
     5f2:	61 f4       	brne	.+24     	; 0x60c <__mulsf3+0x1ce>
     5f4:	47 fd       	sbrc	r20, 7
     5f6:	0a c0       	rjmp	.+20     	; 0x60c <__mulsf3+0x1ce>
     5f8:	e1 14       	cp	r14, r1
     5fa:	f1 04       	cpc	r15, r1
     5fc:	01 05       	cpc	r16, r1
     5fe:	11 05       	cpc	r17, r1
     600:	29 f0       	breq	.+10     	; 0x60c <__mulsf3+0x1ce>
     602:	40 5c       	subi	r20, 0xC0	; 192
     604:	5f 4f       	sbci	r21, 0xFF	; 255
     606:	6f 4f       	sbci	r22, 0xFF	; 255
     608:	7f 4f       	sbci	r23, 0xFF	; 255
     60a:	40 78       	andi	r20, 0x80	; 128
     60c:	1a 8e       	std	Y+26, r1	; 0x1a
     60e:	fe 17       	cp	r31, r30
     610:	11 f0       	breq	.+4      	; 0x616 <__mulsf3+0x1d8>
     612:	81 e0       	ldi	r24, 0x01	; 1
     614:	8a 8f       	std	Y+26, r24	; 0x1a
     616:	4d 8f       	std	Y+29, r20	; 0x1d
     618:	5e 8f       	std	Y+30, r21	; 0x1e
     61a:	6f 8f       	std	Y+31, r22	; 0x1f
     61c:	78 a3       	std	Y+32, r23	; 0x20
     61e:	83 e0       	ldi	r24, 0x03	; 3
     620:	89 8f       	std	Y+25, r24	; 0x19
     622:	ce 01       	movw	r24, r28
     624:	49 96       	adiw	r24, 0x19	; 25
     626:	0e 94 fd 03 	call	0x7fa	; 0x7fa <__pack_f>
     62a:	a0 96       	adiw	r28, 0x20	; 32
     62c:	e2 e1       	ldi	r30, 0x12	; 18
     62e:	0c 94 fe 19 	jmp	0x33fc	; 0x33fc <__epilogue_restores__>

00000632 <__gtsf2>:
     632:	a8 e1       	ldi	r26, 0x18	; 24
     634:	b0 e0       	ldi	r27, 0x00	; 0
     636:	ef e1       	ldi	r30, 0x1F	; 31
     638:	f3 e0       	ldi	r31, 0x03	; 3
     63a:	0c 94 ee 19 	jmp	0x33dc	; 0x33dc <__prologue_saves__+0x18>
     63e:	69 83       	std	Y+1, r22	; 0x01
     640:	7a 83       	std	Y+2, r23	; 0x02
     642:	8b 83       	std	Y+3, r24	; 0x03
     644:	9c 83       	std	Y+4, r25	; 0x04
     646:	2d 83       	std	Y+5, r18	; 0x05
     648:	3e 83       	std	Y+6, r19	; 0x06
     64a:	4f 83       	std	Y+7, r20	; 0x07
     64c:	58 87       	std	Y+8, r21	; 0x08
     64e:	89 e0       	ldi	r24, 0x09	; 9
     650:	e8 2e       	mov	r14, r24
     652:	f1 2c       	mov	r15, r1
     654:	ec 0e       	add	r14, r28
     656:	fd 1e       	adc	r15, r29
     658:	ce 01       	movw	r24, r28
     65a:	01 96       	adiw	r24, 0x01	; 1
     65c:	b7 01       	movw	r22, r14
     65e:	0e 94 d2 04 	call	0x9a4	; 0x9a4 <__unpack_f>
     662:	8e 01       	movw	r16, r28
     664:	0f 5e       	subi	r16, 0xEF	; 239
     666:	1f 4f       	sbci	r17, 0xFF	; 255
     668:	ce 01       	movw	r24, r28
     66a:	05 96       	adiw	r24, 0x05	; 5
     66c:	b8 01       	movw	r22, r16
     66e:	0e 94 d2 04 	call	0x9a4	; 0x9a4 <__unpack_f>
     672:	89 85       	ldd	r24, Y+9	; 0x09
     674:	82 30       	cpi	r24, 0x02	; 2
     676:	40 f0       	brcs	.+16     	; 0x688 <__gtsf2+0x56>
     678:	89 89       	ldd	r24, Y+17	; 0x11
     67a:	82 30       	cpi	r24, 0x02	; 2
     67c:	28 f0       	brcs	.+10     	; 0x688 <__gtsf2+0x56>
     67e:	c7 01       	movw	r24, r14
     680:	b8 01       	movw	r22, r16
     682:	0e 94 4a 05 	call	0xa94	; 0xa94 <__fpcmp_parts_f>
     686:	01 c0       	rjmp	.+2      	; 0x68a <__gtsf2+0x58>
     688:	8f ef       	ldi	r24, 0xFF	; 255
     68a:	68 96       	adiw	r28, 0x18	; 24
     68c:	e6 e0       	ldi	r30, 0x06	; 6
     68e:	0c 94 0a 1a 	jmp	0x3414	; 0x3414 <__epilogue_restores__+0x18>

00000692 <__gesf2>:
     692:	a8 e1       	ldi	r26, 0x18	; 24
     694:	b0 e0       	ldi	r27, 0x00	; 0
     696:	ef e4       	ldi	r30, 0x4F	; 79
     698:	f3 e0       	ldi	r31, 0x03	; 3
     69a:	0c 94 ee 19 	jmp	0x33dc	; 0x33dc <__prologue_saves__+0x18>
     69e:	69 83       	std	Y+1, r22	; 0x01
     6a0:	7a 83       	std	Y+2, r23	; 0x02
     6a2:	8b 83       	std	Y+3, r24	; 0x03
     6a4:	9c 83       	std	Y+4, r25	; 0x04
     6a6:	2d 83       	std	Y+5, r18	; 0x05
     6a8:	3e 83       	std	Y+6, r19	; 0x06
     6aa:	4f 83       	std	Y+7, r20	; 0x07
     6ac:	58 87       	std	Y+8, r21	; 0x08
     6ae:	89 e0       	ldi	r24, 0x09	; 9
     6b0:	e8 2e       	mov	r14, r24
     6b2:	f1 2c       	mov	r15, r1
     6b4:	ec 0e       	add	r14, r28
     6b6:	fd 1e       	adc	r15, r29
     6b8:	ce 01       	movw	r24, r28
     6ba:	01 96       	adiw	r24, 0x01	; 1
     6bc:	b7 01       	movw	r22, r14
     6be:	0e 94 d2 04 	call	0x9a4	; 0x9a4 <__unpack_f>
     6c2:	8e 01       	movw	r16, r28
     6c4:	0f 5e       	subi	r16, 0xEF	; 239
     6c6:	1f 4f       	sbci	r17, 0xFF	; 255
     6c8:	ce 01       	movw	r24, r28
     6ca:	05 96       	adiw	r24, 0x05	; 5
     6cc:	b8 01       	movw	r22, r16
     6ce:	0e 94 d2 04 	call	0x9a4	; 0x9a4 <__unpack_f>
     6d2:	89 85       	ldd	r24, Y+9	; 0x09
     6d4:	82 30       	cpi	r24, 0x02	; 2
     6d6:	40 f0       	brcs	.+16     	; 0x6e8 <__gesf2+0x56>
     6d8:	89 89       	ldd	r24, Y+17	; 0x11
     6da:	82 30       	cpi	r24, 0x02	; 2
     6dc:	28 f0       	brcs	.+10     	; 0x6e8 <__gesf2+0x56>
     6de:	c7 01       	movw	r24, r14
     6e0:	b8 01       	movw	r22, r16
     6e2:	0e 94 4a 05 	call	0xa94	; 0xa94 <__fpcmp_parts_f>
     6e6:	01 c0       	rjmp	.+2      	; 0x6ea <__gesf2+0x58>
     6e8:	8f ef       	ldi	r24, 0xFF	; 255
     6ea:	68 96       	adiw	r28, 0x18	; 24
     6ec:	e6 e0       	ldi	r30, 0x06	; 6
     6ee:	0c 94 0a 1a 	jmp	0x3414	; 0x3414 <__epilogue_restores__+0x18>

000006f2 <__ltsf2>:
     6f2:	a8 e1       	ldi	r26, 0x18	; 24
     6f4:	b0 e0       	ldi	r27, 0x00	; 0
     6f6:	ef e7       	ldi	r30, 0x7F	; 127
     6f8:	f3 e0       	ldi	r31, 0x03	; 3
     6fa:	0c 94 ee 19 	jmp	0x33dc	; 0x33dc <__prologue_saves__+0x18>
     6fe:	69 83       	std	Y+1, r22	; 0x01
     700:	7a 83       	std	Y+2, r23	; 0x02
     702:	8b 83       	std	Y+3, r24	; 0x03
     704:	9c 83       	std	Y+4, r25	; 0x04
     706:	2d 83       	std	Y+5, r18	; 0x05
     708:	3e 83       	std	Y+6, r19	; 0x06
     70a:	4f 83       	std	Y+7, r20	; 0x07
     70c:	58 87       	std	Y+8, r21	; 0x08
     70e:	89 e0       	ldi	r24, 0x09	; 9
     710:	e8 2e       	mov	r14, r24
     712:	f1 2c       	mov	r15, r1
     714:	ec 0e       	add	r14, r28
     716:	fd 1e       	adc	r15, r29
     718:	ce 01       	movw	r24, r28
     71a:	01 96       	adiw	r24, 0x01	; 1
     71c:	b7 01       	movw	r22, r14
     71e:	0e 94 d2 04 	call	0x9a4	; 0x9a4 <__unpack_f>
     722:	8e 01       	movw	r16, r28
     724:	0f 5e       	subi	r16, 0xEF	; 239
     726:	1f 4f       	sbci	r17, 0xFF	; 255
     728:	ce 01       	movw	r24, r28
     72a:	05 96       	adiw	r24, 0x05	; 5
     72c:	b8 01       	movw	r22, r16
     72e:	0e 94 d2 04 	call	0x9a4	; 0x9a4 <__unpack_f>
     732:	89 85       	ldd	r24, Y+9	; 0x09
     734:	82 30       	cpi	r24, 0x02	; 2
     736:	40 f0       	brcs	.+16     	; 0x748 <__ltsf2+0x56>
     738:	89 89       	ldd	r24, Y+17	; 0x11
     73a:	82 30       	cpi	r24, 0x02	; 2
     73c:	28 f0       	brcs	.+10     	; 0x748 <__ltsf2+0x56>
     73e:	c7 01       	movw	r24, r14
     740:	b8 01       	movw	r22, r16
     742:	0e 94 4a 05 	call	0xa94	; 0xa94 <__fpcmp_parts_f>
     746:	01 c0       	rjmp	.+2      	; 0x74a <__ltsf2+0x58>
     748:	81 e0       	ldi	r24, 0x01	; 1
     74a:	68 96       	adiw	r28, 0x18	; 24
     74c:	e6 e0       	ldi	r30, 0x06	; 6
     74e:	0c 94 0a 1a 	jmp	0x3414	; 0x3414 <__epilogue_restores__+0x18>

00000752 <__fixsfsi>:
     752:	ac e0       	ldi	r26, 0x0C	; 12
     754:	b0 e0       	ldi	r27, 0x00	; 0
     756:	ef ea       	ldi	r30, 0xAF	; 175
     758:	f3 e0       	ldi	r31, 0x03	; 3
     75a:	0c 94 f2 19 	jmp	0x33e4	; 0x33e4 <__prologue_saves__+0x20>
     75e:	69 83       	std	Y+1, r22	; 0x01
     760:	7a 83       	std	Y+2, r23	; 0x02
     762:	8b 83       	std	Y+3, r24	; 0x03
     764:	9c 83       	std	Y+4, r25	; 0x04
     766:	ce 01       	movw	r24, r28
     768:	01 96       	adiw	r24, 0x01	; 1
     76a:	be 01       	movw	r22, r28
     76c:	6b 5f       	subi	r22, 0xFB	; 251
     76e:	7f 4f       	sbci	r23, 0xFF	; 255
     770:	0e 94 d2 04 	call	0x9a4	; 0x9a4 <__unpack_f>
     774:	8d 81       	ldd	r24, Y+5	; 0x05
     776:	82 30       	cpi	r24, 0x02	; 2
     778:	61 f1       	breq	.+88     	; 0x7d2 <__fixsfsi+0x80>
     77a:	82 30       	cpi	r24, 0x02	; 2
     77c:	50 f1       	brcs	.+84     	; 0x7d2 <__fixsfsi+0x80>
     77e:	84 30       	cpi	r24, 0x04	; 4
     780:	21 f4       	brne	.+8      	; 0x78a <__fixsfsi+0x38>
     782:	8e 81       	ldd	r24, Y+6	; 0x06
     784:	88 23       	and	r24, r24
     786:	51 f1       	breq	.+84     	; 0x7dc <__fixsfsi+0x8a>
     788:	2e c0       	rjmp	.+92     	; 0x7e6 <__fixsfsi+0x94>
     78a:	2f 81       	ldd	r18, Y+7	; 0x07
     78c:	38 85       	ldd	r19, Y+8	; 0x08
     78e:	37 fd       	sbrc	r19, 7
     790:	20 c0       	rjmp	.+64     	; 0x7d2 <__fixsfsi+0x80>
     792:	6e 81       	ldd	r22, Y+6	; 0x06
     794:	2f 31       	cpi	r18, 0x1F	; 31
     796:	31 05       	cpc	r19, r1
     798:	1c f0       	brlt	.+6      	; 0x7a0 <__fixsfsi+0x4e>
     79a:	66 23       	and	r22, r22
     79c:	f9 f0       	breq	.+62     	; 0x7dc <__fixsfsi+0x8a>
     79e:	23 c0       	rjmp	.+70     	; 0x7e6 <__fixsfsi+0x94>
     7a0:	8e e1       	ldi	r24, 0x1E	; 30
     7a2:	90 e0       	ldi	r25, 0x00	; 0
     7a4:	82 1b       	sub	r24, r18
     7a6:	93 0b       	sbc	r25, r19
     7a8:	29 85       	ldd	r18, Y+9	; 0x09
     7aa:	3a 85       	ldd	r19, Y+10	; 0x0a
     7ac:	4b 85       	ldd	r20, Y+11	; 0x0b
     7ae:	5c 85       	ldd	r21, Y+12	; 0x0c
     7b0:	04 c0       	rjmp	.+8      	; 0x7ba <__fixsfsi+0x68>
     7b2:	56 95       	lsr	r21
     7b4:	47 95       	ror	r20
     7b6:	37 95       	ror	r19
     7b8:	27 95       	ror	r18
     7ba:	8a 95       	dec	r24
     7bc:	d2 f7       	brpl	.-12     	; 0x7b2 <__fixsfsi+0x60>
     7be:	66 23       	and	r22, r22
     7c0:	b1 f0       	breq	.+44     	; 0x7ee <__fixsfsi+0x9c>
     7c2:	50 95       	com	r21
     7c4:	40 95       	com	r20
     7c6:	30 95       	com	r19
     7c8:	21 95       	neg	r18
     7ca:	3f 4f       	sbci	r19, 0xFF	; 255
     7cc:	4f 4f       	sbci	r20, 0xFF	; 255
     7ce:	5f 4f       	sbci	r21, 0xFF	; 255
     7d0:	0e c0       	rjmp	.+28     	; 0x7ee <__fixsfsi+0x9c>
     7d2:	20 e0       	ldi	r18, 0x00	; 0
     7d4:	30 e0       	ldi	r19, 0x00	; 0
     7d6:	40 e0       	ldi	r20, 0x00	; 0
     7d8:	50 e0       	ldi	r21, 0x00	; 0
     7da:	09 c0       	rjmp	.+18     	; 0x7ee <__fixsfsi+0x9c>
     7dc:	2f ef       	ldi	r18, 0xFF	; 255
     7de:	3f ef       	ldi	r19, 0xFF	; 255
     7e0:	4f ef       	ldi	r20, 0xFF	; 255
     7e2:	5f e7       	ldi	r21, 0x7F	; 127
     7e4:	04 c0       	rjmp	.+8      	; 0x7ee <__fixsfsi+0x9c>
     7e6:	20 e0       	ldi	r18, 0x00	; 0
     7e8:	30 e0       	ldi	r19, 0x00	; 0
     7ea:	40 e0       	ldi	r20, 0x00	; 0
     7ec:	50 e8       	ldi	r21, 0x80	; 128
     7ee:	b9 01       	movw	r22, r18
     7f0:	ca 01       	movw	r24, r20
     7f2:	2c 96       	adiw	r28, 0x0c	; 12
     7f4:	e2 e0       	ldi	r30, 0x02	; 2
     7f6:	0c 94 0e 1a 	jmp	0x341c	; 0x341c <__epilogue_restores__+0x20>

000007fa <__pack_f>:
     7fa:	df 92       	push	r13
     7fc:	ef 92       	push	r14
     7fe:	ff 92       	push	r15
     800:	0f 93       	push	r16
     802:	1f 93       	push	r17
     804:	fc 01       	movw	r30, r24
     806:	e4 80       	ldd	r14, Z+4	; 0x04
     808:	f5 80       	ldd	r15, Z+5	; 0x05
     80a:	06 81       	ldd	r16, Z+6	; 0x06
     80c:	17 81       	ldd	r17, Z+7	; 0x07
     80e:	d1 80       	ldd	r13, Z+1	; 0x01
     810:	80 81       	ld	r24, Z
     812:	82 30       	cpi	r24, 0x02	; 2
     814:	48 f4       	brcc	.+18     	; 0x828 <__pack_f+0x2e>
     816:	80 e0       	ldi	r24, 0x00	; 0
     818:	90 e0       	ldi	r25, 0x00	; 0
     81a:	a0 e1       	ldi	r26, 0x10	; 16
     81c:	b0 e0       	ldi	r27, 0x00	; 0
     81e:	e8 2a       	or	r14, r24
     820:	f9 2a       	or	r15, r25
     822:	0a 2b       	or	r16, r26
     824:	1b 2b       	or	r17, r27
     826:	a5 c0       	rjmp	.+330    	; 0x972 <__stack+0x113>
     828:	84 30       	cpi	r24, 0x04	; 4
     82a:	09 f4       	brne	.+2      	; 0x82e <__pack_f+0x34>
     82c:	9f c0       	rjmp	.+318    	; 0x96c <__stack+0x10d>
     82e:	82 30       	cpi	r24, 0x02	; 2
     830:	21 f4       	brne	.+8      	; 0x83a <__pack_f+0x40>
     832:	ee 24       	eor	r14, r14
     834:	ff 24       	eor	r15, r15
     836:	87 01       	movw	r16, r14
     838:	05 c0       	rjmp	.+10     	; 0x844 <__pack_f+0x4a>
     83a:	e1 14       	cp	r14, r1
     83c:	f1 04       	cpc	r15, r1
     83e:	01 05       	cpc	r16, r1
     840:	11 05       	cpc	r17, r1
     842:	19 f4       	brne	.+6      	; 0x84a <__pack_f+0x50>
     844:	e0 e0       	ldi	r30, 0x00	; 0
     846:	f0 e0       	ldi	r31, 0x00	; 0
     848:	96 c0       	rjmp	.+300    	; 0x976 <__stack+0x117>
     84a:	62 81       	ldd	r22, Z+2	; 0x02
     84c:	73 81       	ldd	r23, Z+3	; 0x03
     84e:	9f ef       	ldi	r25, 0xFF	; 255
     850:	62 38       	cpi	r22, 0x82	; 130
     852:	79 07       	cpc	r23, r25
     854:	0c f0       	brlt	.+2      	; 0x858 <__pack_f+0x5e>
     856:	5b c0       	rjmp	.+182    	; 0x90e <__stack+0xaf>
     858:	22 e8       	ldi	r18, 0x82	; 130
     85a:	3f ef       	ldi	r19, 0xFF	; 255
     85c:	26 1b       	sub	r18, r22
     85e:	37 0b       	sbc	r19, r23
     860:	2a 31       	cpi	r18, 0x1A	; 26
     862:	31 05       	cpc	r19, r1
     864:	2c f0       	brlt	.+10     	; 0x870 <__stack+0x11>
     866:	20 e0       	ldi	r18, 0x00	; 0
     868:	30 e0       	ldi	r19, 0x00	; 0
     86a:	40 e0       	ldi	r20, 0x00	; 0
     86c:	50 e0       	ldi	r21, 0x00	; 0
     86e:	2a c0       	rjmp	.+84     	; 0x8c4 <__stack+0x65>
     870:	b8 01       	movw	r22, r16
     872:	a7 01       	movw	r20, r14
     874:	02 2e       	mov	r0, r18
     876:	04 c0       	rjmp	.+8      	; 0x880 <__stack+0x21>
     878:	76 95       	lsr	r23
     87a:	67 95       	ror	r22
     87c:	57 95       	ror	r21
     87e:	47 95       	ror	r20
     880:	0a 94       	dec	r0
     882:	d2 f7       	brpl	.-12     	; 0x878 <__stack+0x19>
     884:	81 e0       	ldi	r24, 0x01	; 1
     886:	90 e0       	ldi	r25, 0x00	; 0
     888:	a0 e0       	ldi	r26, 0x00	; 0
     88a:	b0 e0       	ldi	r27, 0x00	; 0
     88c:	04 c0       	rjmp	.+8      	; 0x896 <__stack+0x37>
     88e:	88 0f       	add	r24, r24
     890:	99 1f       	adc	r25, r25
     892:	aa 1f       	adc	r26, r26
     894:	bb 1f       	adc	r27, r27
     896:	2a 95       	dec	r18
     898:	d2 f7       	brpl	.-12     	; 0x88e <__stack+0x2f>
     89a:	01 97       	sbiw	r24, 0x01	; 1
     89c:	a1 09       	sbc	r26, r1
     89e:	b1 09       	sbc	r27, r1
     8a0:	8e 21       	and	r24, r14
     8a2:	9f 21       	and	r25, r15
     8a4:	a0 23       	and	r26, r16
     8a6:	b1 23       	and	r27, r17
     8a8:	00 97       	sbiw	r24, 0x00	; 0
     8aa:	a1 05       	cpc	r26, r1
     8ac:	b1 05       	cpc	r27, r1
     8ae:	21 f0       	breq	.+8      	; 0x8b8 <__stack+0x59>
     8b0:	81 e0       	ldi	r24, 0x01	; 1
     8b2:	90 e0       	ldi	r25, 0x00	; 0
     8b4:	a0 e0       	ldi	r26, 0x00	; 0
     8b6:	b0 e0       	ldi	r27, 0x00	; 0
     8b8:	9a 01       	movw	r18, r20
     8ba:	ab 01       	movw	r20, r22
     8bc:	28 2b       	or	r18, r24
     8be:	39 2b       	or	r19, r25
     8c0:	4a 2b       	or	r20, r26
     8c2:	5b 2b       	or	r21, r27
     8c4:	da 01       	movw	r26, r20
     8c6:	c9 01       	movw	r24, r18
     8c8:	8f 77       	andi	r24, 0x7F	; 127
     8ca:	90 70       	andi	r25, 0x00	; 0
     8cc:	a0 70       	andi	r26, 0x00	; 0
     8ce:	b0 70       	andi	r27, 0x00	; 0
     8d0:	80 34       	cpi	r24, 0x40	; 64
     8d2:	91 05       	cpc	r25, r1
     8d4:	a1 05       	cpc	r26, r1
     8d6:	b1 05       	cpc	r27, r1
     8d8:	39 f4       	brne	.+14     	; 0x8e8 <__stack+0x89>
     8da:	27 ff       	sbrs	r18, 7
     8dc:	09 c0       	rjmp	.+18     	; 0x8f0 <__stack+0x91>
     8de:	20 5c       	subi	r18, 0xC0	; 192
     8e0:	3f 4f       	sbci	r19, 0xFF	; 255
     8e2:	4f 4f       	sbci	r20, 0xFF	; 255
     8e4:	5f 4f       	sbci	r21, 0xFF	; 255
     8e6:	04 c0       	rjmp	.+8      	; 0x8f0 <__stack+0x91>
     8e8:	21 5c       	subi	r18, 0xC1	; 193
     8ea:	3f 4f       	sbci	r19, 0xFF	; 255
     8ec:	4f 4f       	sbci	r20, 0xFF	; 255
     8ee:	5f 4f       	sbci	r21, 0xFF	; 255
     8f0:	e0 e0       	ldi	r30, 0x00	; 0
     8f2:	f0 e0       	ldi	r31, 0x00	; 0
     8f4:	20 30       	cpi	r18, 0x00	; 0
     8f6:	a0 e0       	ldi	r26, 0x00	; 0
     8f8:	3a 07       	cpc	r19, r26
     8fa:	a0 e0       	ldi	r26, 0x00	; 0
     8fc:	4a 07       	cpc	r20, r26
     8fe:	a0 e4       	ldi	r26, 0x40	; 64
     900:	5a 07       	cpc	r21, r26
     902:	10 f0       	brcs	.+4      	; 0x908 <__stack+0xa9>
     904:	e1 e0       	ldi	r30, 0x01	; 1
     906:	f0 e0       	ldi	r31, 0x00	; 0
     908:	79 01       	movw	r14, r18
     90a:	8a 01       	movw	r16, r20
     90c:	27 c0       	rjmp	.+78     	; 0x95c <__stack+0xfd>
     90e:	60 38       	cpi	r22, 0x80	; 128
     910:	71 05       	cpc	r23, r1
     912:	64 f5       	brge	.+88     	; 0x96c <__stack+0x10d>
     914:	fb 01       	movw	r30, r22
     916:	e1 58       	subi	r30, 0x81	; 129
     918:	ff 4f       	sbci	r31, 0xFF	; 255
     91a:	d8 01       	movw	r26, r16
     91c:	c7 01       	movw	r24, r14
     91e:	8f 77       	andi	r24, 0x7F	; 127
     920:	90 70       	andi	r25, 0x00	; 0
     922:	a0 70       	andi	r26, 0x00	; 0
     924:	b0 70       	andi	r27, 0x00	; 0
     926:	80 34       	cpi	r24, 0x40	; 64
     928:	91 05       	cpc	r25, r1
     92a:	a1 05       	cpc	r26, r1
     92c:	b1 05       	cpc	r27, r1
     92e:	39 f4       	brne	.+14     	; 0x93e <__stack+0xdf>
     930:	e7 fe       	sbrs	r14, 7
     932:	0d c0       	rjmp	.+26     	; 0x94e <__stack+0xef>
     934:	80 e4       	ldi	r24, 0x40	; 64
     936:	90 e0       	ldi	r25, 0x00	; 0
     938:	a0 e0       	ldi	r26, 0x00	; 0
     93a:	b0 e0       	ldi	r27, 0x00	; 0
     93c:	04 c0       	rjmp	.+8      	; 0x946 <__stack+0xe7>
     93e:	8f e3       	ldi	r24, 0x3F	; 63
     940:	90 e0       	ldi	r25, 0x00	; 0
     942:	a0 e0       	ldi	r26, 0x00	; 0
     944:	b0 e0       	ldi	r27, 0x00	; 0
     946:	e8 0e       	add	r14, r24
     948:	f9 1e       	adc	r15, r25
     94a:	0a 1f       	adc	r16, r26
     94c:	1b 1f       	adc	r17, r27
     94e:	17 ff       	sbrs	r17, 7
     950:	05 c0       	rjmp	.+10     	; 0x95c <__stack+0xfd>
     952:	16 95       	lsr	r17
     954:	07 95       	ror	r16
     956:	f7 94       	ror	r15
     958:	e7 94       	ror	r14
     95a:	31 96       	adiw	r30, 0x01	; 1
     95c:	87 e0       	ldi	r24, 0x07	; 7
     95e:	16 95       	lsr	r17
     960:	07 95       	ror	r16
     962:	f7 94       	ror	r15
     964:	e7 94       	ror	r14
     966:	8a 95       	dec	r24
     968:	d1 f7       	brne	.-12     	; 0x95e <__stack+0xff>
     96a:	05 c0       	rjmp	.+10     	; 0x976 <__stack+0x117>
     96c:	ee 24       	eor	r14, r14
     96e:	ff 24       	eor	r15, r15
     970:	87 01       	movw	r16, r14
     972:	ef ef       	ldi	r30, 0xFF	; 255
     974:	f0 e0       	ldi	r31, 0x00	; 0
     976:	6e 2f       	mov	r22, r30
     978:	67 95       	ror	r22
     97a:	66 27       	eor	r22, r22
     97c:	67 95       	ror	r22
     97e:	90 2f       	mov	r25, r16
     980:	9f 77       	andi	r25, 0x7F	; 127
     982:	d7 94       	ror	r13
     984:	dd 24       	eor	r13, r13
     986:	d7 94       	ror	r13
     988:	8e 2f       	mov	r24, r30
     98a:	86 95       	lsr	r24
     98c:	49 2f       	mov	r20, r25
     98e:	46 2b       	or	r20, r22
     990:	58 2f       	mov	r21, r24
     992:	5d 29       	or	r21, r13
     994:	b7 01       	movw	r22, r14
     996:	ca 01       	movw	r24, r20
     998:	1f 91       	pop	r17
     99a:	0f 91       	pop	r16
     99c:	ff 90       	pop	r15
     99e:	ef 90       	pop	r14
     9a0:	df 90       	pop	r13
     9a2:	08 95       	ret

000009a4 <__unpack_f>:
     9a4:	fc 01       	movw	r30, r24
     9a6:	db 01       	movw	r26, r22
     9a8:	40 81       	ld	r20, Z
     9aa:	51 81       	ldd	r21, Z+1	; 0x01
     9ac:	22 81       	ldd	r18, Z+2	; 0x02
     9ae:	62 2f       	mov	r22, r18
     9b0:	6f 77       	andi	r22, 0x7F	; 127
     9b2:	70 e0       	ldi	r23, 0x00	; 0
     9b4:	22 1f       	adc	r18, r18
     9b6:	22 27       	eor	r18, r18
     9b8:	22 1f       	adc	r18, r18
     9ba:	93 81       	ldd	r25, Z+3	; 0x03
     9bc:	89 2f       	mov	r24, r25
     9be:	88 0f       	add	r24, r24
     9c0:	82 2b       	or	r24, r18
     9c2:	28 2f       	mov	r18, r24
     9c4:	30 e0       	ldi	r19, 0x00	; 0
     9c6:	99 1f       	adc	r25, r25
     9c8:	99 27       	eor	r25, r25
     9ca:	99 1f       	adc	r25, r25
     9cc:	11 96       	adiw	r26, 0x01	; 1
     9ce:	9c 93       	st	X, r25
     9d0:	11 97       	sbiw	r26, 0x01	; 1
     9d2:	21 15       	cp	r18, r1
     9d4:	31 05       	cpc	r19, r1
     9d6:	a9 f5       	brne	.+106    	; 0xa42 <__unpack_f+0x9e>
     9d8:	41 15       	cp	r20, r1
     9da:	51 05       	cpc	r21, r1
     9dc:	61 05       	cpc	r22, r1
     9de:	71 05       	cpc	r23, r1
     9e0:	11 f4       	brne	.+4      	; 0x9e6 <__unpack_f+0x42>
     9e2:	82 e0       	ldi	r24, 0x02	; 2
     9e4:	37 c0       	rjmp	.+110    	; 0xa54 <__unpack_f+0xb0>
     9e6:	82 e8       	ldi	r24, 0x82	; 130
     9e8:	9f ef       	ldi	r25, 0xFF	; 255
     9ea:	13 96       	adiw	r26, 0x03	; 3
     9ec:	9c 93       	st	X, r25
     9ee:	8e 93       	st	-X, r24
     9f0:	12 97       	sbiw	r26, 0x02	; 2
     9f2:	9a 01       	movw	r18, r20
     9f4:	ab 01       	movw	r20, r22
     9f6:	67 e0       	ldi	r22, 0x07	; 7
     9f8:	22 0f       	add	r18, r18
     9fa:	33 1f       	adc	r19, r19
     9fc:	44 1f       	adc	r20, r20
     9fe:	55 1f       	adc	r21, r21
     a00:	6a 95       	dec	r22
     a02:	d1 f7       	brne	.-12     	; 0x9f8 <__unpack_f+0x54>
     a04:	83 e0       	ldi	r24, 0x03	; 3
     a06:	8c 93       	st	X, r24
     a08:	0d c0       	rjmp	.+26     	; 0xa24 <__unpack_f+0x80>
     a0a:	22 0f       	add	r18, r18
     a0c:	33 1f       	adc	r19, r19
     a0e:	44 1f       	adc	r20, r20
     a10:	55 1f       	adc	r21, r21
     a12:	12 96       	adiw	r26, 0x02	; 2
     a14:	8d 91       	ld	r24, X+
     a16:	9c 91       	ld	r25, X
     a18:	13 97       	sbiw	r26, 0x03	; 3
     a1a:	01 97       	sbiw	r24, 0x01	; 1
     a1c:	13 96       	adiw	r26, 0x03	; 3
     a1e:	9c 93       	st	X, r25
     a20:	8e 93       	st	-X, r24
     a22:	12 97       	sbiw	r26, 0x02	; 2
     a24:	20 30       	cpi	r18, 0x00	; 0
     a26:	80 e0       	ldi	r24, 0x00	; 0
     a28:	38 07       	cpc	r19, r24
     a2a:	80 e0       	ldi	r24, 0x00	; 0
     a2c:	48 07       	cpc	r20, r24
     a2e:	80 e4       	ldi	r24, 0x40	; 64
     a30:	58 07       	cpc	r21, r24
     a32:	58 f3       	brcs	.-42     	; 0xa0a <__unpack_f+0x66>
     a34:	14 96       	adiw	r26, 0x04	; 4
     a36:	2d 93       	st	X+, r18
     a38:	3d 93       	st	X+, r19
     a3a:	4d 93       	st	X+, r20
     a3c:	5c 93       	st	X, r21
     a3e:	17 97       	sbiw	r26, 0x07	; 7
     a40:	08 95       	ret
     a42:	2f 3f       	cpi	r18, 0xFF	; 255
     a44:	31 05       	cpc	r19, r1
     a46:	79 f4       	brne	.+30     	; 0xa66 <__unpack_f+0xc2>
     a48:	41 15       	cp	r20, r1
     a4a:	51 05       	cpc	r21, r1
     a4c:	61 05       	cpc	r22, r1
     a4e:	71 05       	cpc	r23, r1
     a50:	19 f4       	brne	.+6      	; 0xa58 <__unpack_f+0xb4>
     a52:	84 e0       	ldi	r24, 0x04	; 4
     a54:	8c 93       	st	X, r24
     a56:	08 95       	ret
     a58:	64 ff       	sbrs	r22, 4
     a5a:	03 c0       	rjmp	.+6      	; 0xa62 <__unpack_f+0xbe>
     a5c:	81 e0       	ldi	r24, 0x01	; 1
     a5e:	8c 93       	st	X, r24
     a60:	12 c0       	rjmp	.+36     	; 0xa86 <__unpack_f+0xe2>
     a62:	1c 92       	st	X, r1
     a64:	10 c0       	rjmp	.+32     	; 0xa86 <__unpack_f+0xe2>
     a66:	2f 57       	subi	r18, 0x7F	; 127
     a68:	30 40       	sbci	r19, 0x00	; 0
     a6a:	13 96       	adiw	r26, 0x03	; 3
     a6c:	3c 93       	st	X, r19
     a6e:	2e 93       	st	-X, r18
     a70:	12 97       	sbiw	r26, 0x02	; 2
     a72:	83 e0       	ldi	r24, 0x03	; 3
     a74:	8c 93       	st	X, r24
     a76:	87 e0       	ldi	r24, 0x07	; 7
     a78:	44 0f       	add	r20, r20
     a7a:	55 1f       	adc	r21, r21
     a7c:	66 1f       	adc	r22, r22
     a7e:	77 1f       	adc	r23, r23
     a80:	8a 95       	dec	r24
     a82:	d1 f7       	brne	.-12     	; 0xa78 <__unpack_f+0xd4>
     a84:	70 64       	ori	r23, 0x40	; 64
     a86:	14 96       	adiw	r26, 0x04	; 4
     a88:	4d 93       	st	X+, r20
     a8a:	5d 93       	st	X+, r21
     a8c:	6d 93       	st	X+, r22
     a8e:	7c 93       	st	X, r23
     a90:	17 97       	sbiw	r26, 0x07	; 7
     a92:	08 95       	ret

00000a94 <__fpcmp_parts_f>:
     a94:	1f 93       	push	r17
     a96:	dc 01       	movw	r26, r24
     a98:	fb 01       	movw	r30, r22
     a9a:	9c 91       	ld	r25, X
     a9c:	92 30       	cpi	r25, 0x02	; 2
     a9e:	08 f4       	brcc	.+2      	; 0xaa2 <__fpcmp_parts_f+0xe>
     aa0:	47 c0       	rjmp	.+142    	; 0xb30 <__fpcmp_parts_f+0x9c>
     aa2:	80 81       	ld	r24, Z
     aa4:	82 30       	cpi	r24, 0x02	; 2
     aa6:	08 f4       	brcc	.+2      	; 0xaaa <__fpcmp_parts_f+0x16>
     aa8:	43 c0       	rjmp	.+134    	; 0xb30 <__fpcmp_parts_f+0x9c>
     aaa:	94 30       	cpi	r25, 0x04	; 4
     aac:	51 f4       	brne	.+20     	; 0xac2 <__fpcmp_parts_f+0x2e>
     aae:	11 96       	adiw	r26, 0x01	; 1
     ab0:	1c 91       	ld	r17, X
     ab2:	84 30       	cpi	r24, 0x04	; 4
     ab4:	99 f5       	brne	.+102    	; 0xb1c <__fpcmp_parts_f+0x88>
     ab6:	81 81       	ldd	r24, Z+1	; 0x01
     ab8:	68 2f       	mov	r22, r24
     aba:	70 e0       	ldi	r23, 0x00	; 0
     abc:	61 1b       	sub	r22, r17
     abe:	71 09       	sbc	r23, r1
     ac0:	3f c0       	rjmp	.+126    	; 0xb40 <__fpcmp_parts_f+0xac>
     ac2:	84 30       	cpi	r24, 0x04	; 4
     ac4:	21 f0       	breq	.+8      	; 0xace <__fpcmp_parts_f+0x3a>
     ac6:	92 30       	cpi	r25, 0x02	; 2
     ac8:	31 f4       	brne	.+12     	; 0xad6 <__fpcmp_parts_f+0x42>
     aca:	82 30       	cpi	r24, 0x02	; 2
     acc:	b9 f1       	breq	.+110    	; 0xb3c <__fpcmp_parts_f+0xa8>
     ace:	81 81       	ldd	r24, Z+1	; 0x01
     ad0:	88 23       	and	r24, r24
     ad2:	89 f1       	breq	.+98     	; 0xb36 <__fpcmp_parts_f+0xa2>
     ad4:	2d c0       	rjmp	.+90     	; 0xb30 <__fpcmp_parts_f+0x9c>
     ad6:	11 96       	adiw	r26, 0x01	; 1
     ad8:	1c 91       	ld	r17, X
     ada:	11 97       	sbiw	r26, 0x01	; 1
     adc:	82 30       	cpi	r24, 0x02	; 2
     ade:	f1 f0       	breq	.+60     	; 0xb1c <__fpcmp_parts_f+0x88>
     ae0:	81 81       	ldd	r24, Z+1	; 0x01
     ae2:	18 17       	cp	r17, r24
     ae4:	d9 f4       	brne	.+54     	; 0xb1c <__fpcmp_parts_f+0x88>
     ae6:	12 96       	adiw	r26, 0x02	; 2
     ae8:	2d 91       	ld	r18, X+
     aea:	3c 91       	ld	r19, X
     aec:	13 97       	sbiw	r26, 0x03	; 3
     aee:	82 81       	ldd	r24, Z+2	; 0x02
     af0:	93 81       	ldd	r25, Z+3	; 0x03
     af2:	82 17       	cp	r24, r18
     af4:	93 07       	cpc	r25, r19
     af6:	94 f0       	brlt	.+36     	; 0xb1c <__fpcmp_parts_f+0x88>
     af8:	28 17       	cp	r18, r24
     afa:	39 07       	cpc	r19, r25
     afc:	bc f0       	brlt	.+46     	; 0xb2c <__fpcmp_parts_f+0x98>
     afe:	14 96       	adiw	r26, 0x04	; 4
     b00:	8d 91       	ld	r24, X+
     b02:	9d 91       	ld	r25, X+
     b04:	0d 90       	ld	r0, X+
     b06:	bc 91       	ld	r27, X
     b08:	a0 2d       	mov	r26, r0
     b0a:	24 81       	ldd	r18, Z+4	; 0x04
     b0c:	35 81       	ldd	r19, Z+5	; 0x05
     b0e:	46 81       	ldd	r20, Z+6	; 0x06
     b10:	57 81       	ldd	r21, Z+7	; 0x07
     b12:	28 17       	cp	r18, r24
     b14:	39 07       	cpc	r19, r25
     b16:	4a 07       	cpc	r20, r26
     b18:	5b 07       	cpc	r21, r27
     b1a:	18 f4       	brcc	.+6      	; 0xb22 <__fpcmp_parts_f+0x8e>
     b1c:	11 23       	and	r17, r17
     b1e:	41 f0       	breq	.+16     	; 0xb30 <__fpcmp_parts_f+0x9c>
     b20:	0a c0       	rjmp	.+20     	; 0xb36 <__fpcmp_parts_f+0xa2>
     b22:	82 17       	cp	r24, r18
     b24:	93 07       	cpc	r25, r19
     b26:	a4 07       	cpc	r26, r20
     b28:	b5 07       	cpc	r27, r21
     b2a:	40 f4       	brcc	.+16     	; 0xb3c <__fpcmp_parts_f+0xa8>
     b2c:	11 23       	and	r17, r17
     b2e:	19 f0       	breq	.+6      	; 0xb36 <__fpcmp_parts_f+0xa2>
     b30:	61 e0       	ldi	r22, 0x01	; 1
     b32:	70 e0       	ldi	r23, 0x00	; 0
     b34:	05 c0       	rjmp	.+10     	; 0xb40 <__fpcmp_parts_f+0xac>
     b36:	6f ef       	ldi	r22, 0xFF	; 255
     b38:	7f ef       	ldi	r23, 0xFF	; 255
     b3a:	02 c0       	rjmp	.+4      	; 0xb40 <__fpcmp_parts_f+0xac>
     b3c:	60 e0       	ldi	r22, 0x00	; 0
     b3e:	70 e0       	ldi	r23, 0x00	; 0
     b40:	cb 01       	movw	r24, r22
     b42:	1f 91       	pop	r17
     b44:	08 95       	ret

00000b46 <MUART_voidInit>:
#include "../../LIB/STD_TYPES.h"

#include "UART.h"

void MUART_voidInit (u32 A_u32BoudRate , u8 A_u8DataSize)
{
     b46:	df 93       	push	r29
     b48:	cf 93       	push	r28
     b4a:	cd b7       	in	r28, 0x3d	; 61
     b4c:	de b7       	in	r29, 0x3e	; 62
     b4e:	29 97       	sbiw	r28, 0x09	; 9
     b50:	0f b6       	in	r0, 0x3f	; 63
     b52:	f8 94       	cli
     b54:	de bf       	out	0x3e, r29	; 62
     b56:	0f be       	out	0x3f, r0	; 63
     b58:	cd bf       	out	0x3d, r28	; 61
     b5a:	6b 83       	std	Y+3, r22	; 0x03
     b5c:	7c 83       	std	Y+4, r23	; 0x04
     b5e:	8d 83       	std	Y+5, r24	; 0x05
     b60:	9e 83       	std	Y+6, r25	; 0x06
     b62:	4f 83       	std	Y+7, r20	; 0x07
	u16 L_u16UBRRVal = (8000000/(16*A_u32BoudRate))-1 ;
     b64:	8b 81       	ldd	r24, Y+3	; 0x03
     b66:	9c 81       	ldd	r25, Y+4	; 0x04
     b68:	ad 81       	ldd	r26, Y+5	; 0x05
     b6a:	be 81       	ldd	r27, Y+6	; 0x06
     b6c:	88 0f       	add	r24, r24
     b6e:	99 1f       	adc	r25, r25
     b70:	aa 1f       	adc	r26, r26
     b72:	bb 1f       	adc	r27, r27
     b74:	88 0f       	add	r24, r24
     b76:	99 1f       	adc	r25, r25
     b78:	aa 1f       	adc	r26, r26
     b7a:	bb 1f       	adc	r27, r27
     b7c:	88 0f       	add	r24, r24
     b7e:	99 1f       	adc	r25, r25
     b80:	aa 1f       	adc	r26, r26
     b82:	bb 1f       	adc	r27, r27
     b84:	88 0f       	add	r24, r24
     b86:	99 1f       	adc	r25, r25
     b88:	aa 1f       	adc	r26, r26
     b8a:	bb 1f       	adc	r27, r27
     b8c:	9c 01       	movw	r18, r24
     b8e:	ad 01       	movw	r20, r26
     b90:	80 e0       	ldi	r24, 0x00	; 0
     b92:	92 e1       	ldi	r25, 0x12	; 18
     b94:	aa e7       	ldi	r26, 0x7A	; 122
     b96:	b0 e0       	ldi	r27, 0x00	; 0
     b98:	bc 01       	movw	r22, r24
     b9a:	cd 01       	movw	r24, r26
     b9c:	0e 94 c0 19 	call	0x3380	; 0x3380 <__udivmodsi4>
     ba0:	da 01       	movw	r26, r20
     ba2:	c9 01       	movw	r24, r18
     ba4:	01 97       	sbiw	r24, 0x01	; 1
     ba6:	9a 83       	std	Y+2, r25	; 0x02
     ba8:	89 83       	std	Y+1, r24	; 0x01
	UBRRL = (u8)L_u16UBRRVal ;
     baa:	e9 e2       	ldi	r30, 0x29	; 41
     bac:	f0 e0       	ldi	r31, 0x00	; 0
     bae:	89 81       	ldd	r24, Y+1	; 0x01
     bb0:	80 83       	st	Z, r24
	UBRRH = (L_u16UBRRVal>>8) ;
     bb2:	e0 e4       	ldi	r30, 0x40	; 64
     bb4:	f0 e0       	ldi	r31, 0x00	; 0
     bb6:	89 81       	ldd	r24, Y+1	; 0x01
     bb8:	9a 81       	ldd	r25, Y+2	; 0x02
     bba:	89 2f       	mov	r24, r25
     bbc:	99 27       	eor	r25, r25
     bbe:	80 83       	st	Z, r24
	SET_BIT(UCSRB , 3) ;
     bc0:	aa e2       	ldi	r26, 0x2A	; 42
     bc2:	b0 e0       	ldi	r27, 0x00	; 0
     bc4:	ea e2       	ldi	r30, 0x2A	; 42
     bc6:	f0 e0       	ldi	r31, 0x00	; 0
     bc8:	80 81       	ld	r24, Z
     bca:	88 60       	ori	r24, 0x08	; 8
     bcc:	8c 93       	st	X, r24
	SET_BIT(UCSRB , 4) ;
     bce:	aa e2       	ldi	r26, 0x2A	; 42
     bd0:	b0 e0       	ldi	r27, 0x00	; 0
     bd2:	ea e2       	ldi	r30, 0x2A	; 42
     bd4:	f0 e0       	ldi	r31, 0x00	; 0
     bd6:	80 81       	ld	r24, Z
     bd8:	80 61       	ori	r24, 0x10	; 16
     bda:	8c 93       	st	X, r24

	switch(A_u8DataSize)
     bdc:	8f 81       	ldd	r24, Y+7	; 0x07
     bde:	28 2f       	mov	r18, r24
     be0:	30 e0       	ldi	r19, 0x00	; 0
     be2:	39 87       	std	Y+9, r19	; 0x09
     be4:	28 87       	std	Y+8, r18	; 0x08
     be6:	88 85       	ldd	r24, Y+8	; 0x08
     be8:	99 85       	ldd	r25, Y+9	; 0x09
     bea:	87 30       	cpi	r24, 0x07	; 7
     bec:	91 05       	cpc	r25, r1
     bee:	09 f4       	brne	.+2      	; 0xbf2 <MUART_voidInit+0xac>
     bf0:	57 c0       	rjmp	.+174    	; 0xca0 <MUART_voidInit+0x15a>
     bf2:	28 85       	ldd	r18, Y+8	; 0x08
     bf4:	39 85       	ldd	r19, Y+9	; 0x09
     bf6:	28 30       	cpi	r18, 0x08	; 8
     bf8:	31 05       	cpc	r19, r1
     bfa:	5c f4       	brge	.+22     	; 0xc12 <MUART_voidInit+0xcc>
     bfc:	88 85       	ldd	r24, Y+8	; 0x08
     bfe:	99 85       	ldd	r25, Y+9	; 0x09
     c00:	85 30       	cpi	r24, 0x05	; 5
     c02:	91 05       	cpc	r25, r1
     c04:	99 f0       	breq	.+38     	; 0xc2c <MUART_voidInit+0xe6>
     c06:	28 85       	ldd	r18, Y+8	; 0x08
     c08:	39 85       	ldd	r19, Y+9	; 0x09
     c0a:	26 30       	cpi	r18, 0x06	; 6
     c0c:	31 05       	cpc	r19, r1
     c0e:	59 f1       	breq	.+86     	; 0xc66 <MUART_voidInit+0x120>
     c10:	9d c0       	rjmp	.+314    	; 0xd4c <MUART_voidInit+0x206>
     c12:	88 85       	ldd	r24, Y+8	; 0x08
     c14:	99 85       	ldd	r25, Y+9	; 0x09
     c16:	88 30       	cpi	r24, 0x08	; 8
     c18:	91 05       	cpc	r25, r1
     c1a:	09 f4       	brne	.+2      	; 0xc1e <MUART_voidInit+0xd8>
     c1c:	5e c0       	rjmp	.+188    	; 0xcda <MUART_voidInit+0x194>
     c1e:	28 85       	ldd	r18, Y+8	; 0x08
     c20:	39 85       	ldd	r19, Y+9	; 0x09
     c22:	29 30       	cpi	r18, 0x09	; 9
     c24:	31 05       	cpc	r19, r1
     c26:	09 f4       	brne	.+2      	; 0xc2a <MUART_voidInit+0xe4>
     c28:	75 c0       	rjmp	.+234    	; 0xd14 <MUART_voidInit+0x1ce>
     c2a:	90 c0       	rjmp	.+288    	; 0xd4c <MUART_voidInit+0x206>
	{
	case 5 :
		SET_BIT(UCSRC , 7) ;
     c2c:	a0 e4       	ldi	r26, 0x40	; 64
     c2e:	b0 e0       	ldi	r27, 0x00	; 0
     c30:	e0 e4       	ldi	r30, 0x40	; 64
     c32:	f0 e0       	ldi	r31, 0x00	; 0
     c34:	80 81       	ld	r24, Z
     c36:	80 68       	ori	r24, 0x80	; 128
     c38:	8c 93       	st	X, r24
		CLR_BIT(UCSRB , 2) ;
     c3a:	aa e2       	ldi	r26, 0x2A	; 42
     c3c:	b0 e0       	ldi	r27, 0x00	; 0
     c3e:	ea e2       	ldi	r30, 0x2A	; 42
     c40:	f0 e0       	ldi	r31, 0x00	; 0
     c42:	80 81       	ld	r24, Z
     c44:	8b 7f       	andi	r24, 0xFB	; 251
     c46:	8c 93       	st	X, r24
		CLR_BIT(UCSRC , 2) ;
     c48:	a0 e4       	ldi	r26, 0x40	; 64
     c4a:	b0 e0       	ldi	r27, 0x00	; 0
     c4c:	e0 e4       	ldi	r30, 0x40	; 64
     c4e:	f0 e0       	ldi	r31, 0x00	; 0
     c50:	80 81       	ld	r24, Z
     c52:	8b 7f       	andi	r24, 0xFB	; 251
     c54:	8c 93       	st	X, r24
		CLR_BIT(UCSRC , 1) ;
     c56:	a0 e4       	ldi	r26, 0x40	; 64
     c58:	b0 e0       	ldi	r27, 0x00	; 0
     c5a:	e0 e4       	ldi	r30, 0x40	; 64
     c5c:	f0 e0       	ldi	r31, 0x00	; 0
     c5e:	80 81       	ld	r24, Z
     c60:	8d 7f       	andi	r24, 0xFD	; 253
     c62:	8c 93       	st	X, r24
     c64:	73 c0       	rjmp	.+230    	; 0xd4c <MUART_voidInit+0x206>
		break ;
	case 6 :
		SET_BIT(UCSRC , 7) ;
     c66:	a0 e4       	ldi	r26, 0x40	; 64
     c68:	b0 e0       	ldi	r27, 0x00	; 0
     c6a:	e0 e4       	ldi	r30, 0x40	; 64
     c6c:	f0 e0       	ldi	r31, 0x00	; 0
     c6e:	80 81       	ld	r24, Z
     c70:	80 68       	ori	r24, 0x80	; 128
     c72:	8c 93       	st	X, r24
		CLR_BIT(UCSRB , 2) ;
     c74:	aa e2       	ldi	r26, 0x2A	; 42
     c76:	b0 e0       	ldi	r27, 0x00	; 0
     c78:	ea e2       	ldi	r30, 0x2A	; 42
     c7a:	f0 e0       	ldi	r31, 0x00	; 0
     c7c:	80 81       	ld	r24, Z
     c7e:	8b 7f       	andi	r24, 0xFB	; 251
     c80:	8c 93       	st	X, r24
		CLR_BIT(UCSRC , 2) ;
     c82:	a0 e4       	ldi	r26, 0x40	; 64
     c84:	b0 e0       	ldi	r27, 0x00	; 0
     c86:	e0 e4       	ldi	r30, 0x40	; 64
     c88:	f0 e0       	ldi	r31, 0x00	; 0
     c8a:	80 81       	ld	r24, Z
     c8c:	8b 7f       	andi	r24, 0xFB	; 251
     c8e:	8c 93       	st	X, r24
		SET_BIT(UCSRC , 1) ;
     c90:	a0 e4       	ldi	r26, 0x40	; 64
     c92:	b0 e0       	ldi	r27, 0x00	; 0
     c94:	e0 e4       	ldi	r30, 0x40	; 64
     c96:	f0 e0       	ldi	r31, 0x00	; 0
     c98:	80 81       	ld	r24, Z
     c9a:	82 60       	ori	r24, 0x02	; 2
     c9c:	8c 93       	st	X, r24
     c9e:	56 c0       	rjmp	.+172    	; 0xd4c <MUART_voidInit+0x206>
		break ;
	case 7 :
		SET_BIT(UCSRC , 7) ;
     ca0:	a0 e4       	ldi	r26, 0x40	; 64
     ca2:	b0 e0       	ldi	r27, 0x00	; 0
     ca4:	e0 e4       	ldi	r30, 0x40	; 64
     ca6:	f0 e0       	ldi	r31, 0x00	; 0
     ca8:	80 81       	ld	r24, Z
     caa:	80 68       	ori	r24, 0x80	; 128
     cac:	8c 93       	st	X, r24
		CLR_BIT(UCSRB , 2) ;
     cae:	aa e2       	ldi	r26, 0x2A	; 42
     cb0:	b0 e0       	ldi	r27, 0x00	; 0
     cb2:	ea e2       	ldi	r30, 0x2A	; 42
     cb4:	f0 e0       	ldi	r31, 0x00	; 0
     cb6:	80 81       	ld	r24, Z
     cb8:	8b 7f       	andi	r24, 0xFB	; 251
     cba:	8c 93       	st	X, r24
		SET_BIT(UCSRC , 2) ;
     cbc:	a0 e4       	ldi	r26, 0x40	; 64
     cbe:	b0 e0       	ldi	r27, 0x00	; 0
     cc0:	e0 e4       	ldi	r30, 0x40	; 64
     cc2:	f0 e0       	ldi	r31, 0x00	; 0
     cc4:	80 81       	ld	r24, Z
     cc6:	84 60       	ori	r24, 0x04	; 4
     cc8:	8c 93       	st	X, r24
		CLR_BIT(UCSRC , 1) ;
     cca:	a0 e4       	ldi	r26, 0x40	; 64
     ccc:	b0 e0       	ldi	r27, 0x00	; 0
     cce:	e0 e4       	ldi	r30, 0x40	; 64
     cd0:	f0 e0       	ldi	r31, 0x00	; 0
     cd2:	80 81       	ld	r24, Z
     cd4:	8d 7f       	andi	r24, 0xFD	; 253
     cd6:	8c 93       	st	X, r24
     cd8:	39 c0       	rjmp	.+114    	; 0xd4c <MUART_voidInit+0x206>
		break ;
	case 8 :
		SET_BIT(UCSRC , 7) ;
     cda:	a0 e4       	ldi	r26, 0x40	; 64
     cdc:	b0 e0       	ldi	r27, 0x00	; 0
     cde:	e0 e4       	ldi	r30, 0x40	; 64
     ce0:	f0 e0       	ldi	r31, 0x00	; 0
     ce2:	80 81       	ld	r24, Z
     ce4:	80 68       	ori	r24, 0x80	; 128
     ce6:	8c 93       	st	X, r24
		CLR_BIT(UCSRB , 2) ;
     ce8:	aa e2       	ldi	r26, 0x2A	; 42
     cea:	b0 e0       	ldi	r27, 0x00	; 0
     cec:	ea e2       	ldi	r30, 0x2A	; 42
     cee:	f0 e0       	ldi	r31, 0x00	; 0
     cf0:	80 81       	ld	r24, Z
     cf2:	8b 7f       	andi	r24, 0xFB	; 251
     cf4:	8c 93       	st	X, r24
		SET_BIT(UCSRC , 2) ;
     cf6:	a0 e4       	ldi	r26, 0x40	; 64
     cf8:	b0 e0       	ldi	r27, 0x00	; 0
     cfa:	e0 e4       	ldi	r30, 0x40	; 64
     cfc:	f0 e0       	ldi	r31, 0x00	; 0
     cfe:	80 81       	ld	r24, Z
     d00:	84 60       	ori	r24, 0x04	; 4
     d02:	8c 93       	st	X, r24
		SET_BIT(UCSRC , 1) ;
     d04:	a0 e4       	ldi	r26, 0x40	; 64
     d06:	b0 e0       	ldi	r27, 0x00	; 0
     d08:	e0 e4       	ldi	r30, 0x40	; 64
     d0a:	f0 e0       	ldi	r31, 0x00	; 0
     d0c:	80 81       	ld	r24, Z
     d0e:	82 60       	ori	r24, 0x02	; 2
     d10:	8c 93       	st	X, r24
     d12:	1c c0       	rjmp	.+56     	; 0xd4c <MUART_voidInit+0x206>
		break ;
	case 9 :
		SET_BIT(UCSRC , 7) ;
     d14:	a0 e4       	ldi	r26, 0x40	; 64
     d16:	b0 e0       	ldi	r27, 0x00	; 0
     d18:	e0 e4       	ldi	r30, 0x40	; 64
     d1a:	f0 e0       	ldi	r31, 0x00	; 0
     d1c:	80 81       	ld	r24, Z
     d1e:	80 68       	ori	r24, 0x80	; 128
     d20:	8c 93       	st	X, r24
		SET_BIT(UCSRB , 2) ;
     d22:	aa e2       	ldi	r26, 0x2A	; 42
     d24:	b0 e0       	ldi	r27, 0x00	; 0
     d26:	ea e2       	ldi	r30, 0x2A	; 42
     d28:	f0 e0       	ldi	r31, 0x00	; 0
     d2a:	80 81       	ld	r24, Z
     d2c:	84 60       	ori	r24, 0x04	; 4
     d2e:	8c 93       	st	X, r24
		SET_BIT(UCSRC , 2) ;
     d30:	a0 e4       	ldi	r26, 0x40	; 64
     d32:	b0 e0       	ldi	r27, 0x00	; 0
     d34:	e0 e4       	ldi	r30, 0x40	; 64
     d36:	f0 e0       	ldi	r31, 0x00	; 0
     d38:	80 81       	ld	r24, Z
     d3a:	84 60       	ori	r24, 0x04	; 4
     d3c:	8c 93       	st	X, r24
		SET_BIT(UCSRC , 1) ;
     d3e:	a0 e4       	ldi	r26, 0x40	; 64
     d40:	b0 e0       	ldi	r27, 0x00	; 0
     d42:	e0 e4       	ldi	r30, 0x40	; 64
     d44:	f0 e0       	ldi	r31, 0x00	; 0
     d46:	80 81       	ld	r24, Z
     d48:	82 60       	ori	r24, 0x02	; 2
     d4a:	8c 93       	st	X, r24
		break ;
	}
}
     d4c:	29 96       	adiw	r28, 0x09	; 9
     d4e:	0f b6       	in	r0, 0x3f	; 63
     d50:	f8 94       	cli
     d52:	de bf       	out	0x3e, r29	; 62
     d54:	0f be       	out	0x3f, r0	; 63
     d56:	cd bf       	out	0x3d, r28	; 61
     d58:	cf 91       	pop	r28
     d5a:	df 91       	pop	r29
     d5c:	08 95       	ret

00000d5e <MUART_voidTX>:
void MUART_voidTX   (u16 A_u16Data)
{
     d5e:	df 93       	push	r29
     d60:	cf 93       	push	r28
     d62:	00 d0       	rcall	.+0      	; 0xd64 <MUART_voidTX+0x6>
     d64:	cd b7       	in	r28, 0x3d	; 61
     d66:	de b7       	in	r29, 0x3e	; 62
     d68:	9a 83       	std	Y+2, r25	; 0x02
     d6a:	89 83       	std	Y+1, r24	; 0x01
	while (READ_BIT(UCSRA , 5) == 0) ;
     d6c:	eb e2       	ldi	r30, 0x2B	; 43
     d6e:	f0 e0       	ldi	r31, 0x00	; 0
     d70:	80 81       	ld	r24, Z
     d72:	88 2f       	mov	r24, r24
     d74:	90 e0       	ldi	r25, 0x00	; 0
     d76:	80 72       	andi	r24, 0x20	; 32
     d78:	90 70       	andi	r25, 0x00	; 0
     d7a:	95 95       	asr	r25
     d7c:	87 95       	ror	r24
     d7e:	95 95       	asr	r25
     d80:	87 95       	ror	r24
     d82:	95 95       	asr	r25
     d84:	87 95       	ror	r24
     d86:	95 95       	asr	r25
     d88:	87 95       	ror	r24
     d8a:	95 95       	asr	r25
     d8c:	87 95       	ror	r24
     d8e:	00 97       	sbiw	r24, 0x00	; 0
     d90:	69 f3       	breq	.-38     	; 0xd6c <MUART_voidTX+0xe>
	UDR = A_u16Data ;
     d92:	ec e2       	ldi	r30, 0x2C	; 44
     d94:	f0 e0       	ldi	r31, 0x00	; 0
     d96:	89 81       	ldd	r24, Y+1	; 0x01
     d98:	80 83       	st	Z, r24
}
     d9a:	0f 90       	pop	r0
     d9c:	0f 90       	pop	r0
     d9e:	cf 91       	pop	r28
     da0:	df 91       	pop	r29
     da2:	08 95       	ret

00000da4 <MUART_u16Rx>:
u16  MUART_u16Rx    (void)
{
     da4:	df 93       	push	r29
     da6:	cf 93       	push	r28
     da8:	cd b7       	in	r28, 0x3d	; 61
     daa:	de b7       	in	r29, 0x3e	; 62
	while (READ_BIT(UCSRA , 7) == 0) ;
     dac:	eb e2       	ldi	r30, 0x2B	; 43
     dae:	f0 e0       	ldi	r31, 0x00	; 0
     db0:	80 81       	ld	r24, Z
     db2:	88 1f       	adc	r24, r24
     db4:	88 27       	eor	r24, r24
     db6:	88 1f       	adc	r24, r24
     db8:	88 2f       	mov	r24, r24
     dba:	90 e0       	ldi	r25, 0x00	; 0
     dbc:	90 70       	andi	r25, 0x00	; 0
     dbe:	00 97       	sbiw	r24, 0x00	; 0
     dc0:	a9 f3       	breq	.-22     	; 0xdac <MUART_u16Rx+0x8>
	return UDR ;
     dc2:	ec e2       	ldi	r30, 0x2C	; 44
     dc4:	f0 e0       	ldi	r31, 0x00	; 0
     dc6:	80 81       	ld	r24, Z
     dc8:	88 2f       	mov	r24, r24
     dca:	90 e0       	ldi	r25, 0x00	; 0
}
     dcc:	cf 91       	pop	r28
     dce:	df 91       	pop	r29
     dd0:	08 95       	ret

00000dd2 <MEEPROM_voidWriteData>:
#include "../../LIB/BITMATH.h"
#include "../../LIB/STD_TYPES.h"
#include "EEPROM.h"

void MEEPROM_voidWriteData (u16 A_u16Address , u8 A_u8Data)
{
     dd2:	df 93       	push	r29
     dd4:	cf 93       	push	r28
     dd6:	00 d0       	rcall	.+0      	; 0xdd8 <MEEPROM_voidWriteData+0x6>
     dd8:	0f 92       	push	r0
     dda:	cd b7       	in	r28, 0x3d	; 61
     ddc:	de b7       	in	r29, 0x3e	; 62
     dde:	9a 83       	std	Y+2, r25	; 0x02
     de0:	89 83       	std	Y+1, r24	; 0x01
     de2:	6b 83       	std	Y+3, r22	; 0x03
	EEAR = A_u16Address ;
     de4:	ee e3       	ldi	r30, 0x3E	; 62
     de6:	f0 e0       	ldi	r31, 0x00	; 0
     de8:	89 81       	ldd	r24, Y+1	; 0x01
     dea:	9a 81       	ldd	r25, Y+2	; 0x02
     dec:	91 83       	std	Z+1, r25	; 0x01
     dee:	80 83       	st	Z, r24
	EEDR = A_u8Data ;
     df0:	ed e3       	ldi	r30, 0x3D	; 61
     df2:	f0 e0       	ldi	r31, 0x00	; 0
     df4:	8b 81       	ldd	r24, Y+3	; 0x03
     df6:	80 83       	st	Z, r24
	SET_BIT(EECR , 2) ;
     df8:	ac e3       	ldi	r26, 0x3C	; 60
     dfa:	b0 e0       	ldi	r27, 0x00	; 0
     dfc:	ec e3       	ldi	r30, 0x3C	; 60
     dfe:	f0 e0       	ldi	r31, 0x00	; 0
     e00:	80 81       	ld	r24, Z
     e02:	84 60       	ori	r24, 0x04	; 4
     e04:	8c 93       	st	X, r24
	SET_BIT(EECR , 1) ;
     e06:	ac e3       	ldi	r26, 0x3C	; 60
     e08:	b0 e0       	ldi	r27, 0x00	; 0
     e0a:	ec e3       	ldi	r30, 0x3C	; 60
     e0c:	f0 e0       	ldi	r31, 0x00	; 0
     e0e:	80 81       	ld	r24, Z
     e10:	82 60       	ori	r24, 0x02	; 2
     e12:	8c 93       	st	X, r24

	while (READ_BIT(EECR , 1) == 1) ;
     e14:	ec e3       	ldi	r30, 0x3C	; 60
     e16:	f0 e0       	ldi	r31, 0x00	; 0
     e18:	80 81       	ld	r24, Z
     e1a:	88 2f       	mov	r24, r24
     e1c:	90 e0       	ldi	r25, 0x00	; 0
     e1e:	82 70       	andi	r24, 0x02	; 2
     e20:	90 70       	andi	r25, 0x00	; 0
     e22:	95 95       	asr	r25
     e24:	87 95       	ror	r24
     e26:	81 30       	cpi	r24, 0x01	; 1
     e28:	91 05       	cpc	r25, r1
     e2a:	a1 f3       	breq	.-24     	; 0xe14 <MEEPROM_voidWriteData+0x42>
}
     e2c:	0f 90       	pop	r0
     e2e:	0f 90       	pop	r0
     e30:	0f 90       	pop	r0
     e32:	cf 91       	pop	r28
     e34:	df 91       	pop	r29
     e36:	08 95       	ret

00000e38 <MEEPROM_u8ReadData>:
u8   MEEPROM_u8ReadData    (u16 A_u16Address              )
{
     e38:	df 93       	push	r29
     e3a:	cf 93       	push	r28
     e3c:	00 d0       	rcall	.+0      	; 0xe3e <MEEPROM_u8ReadData+0x6>
     e3e:	cd b7       	in	r28, 0x3d	; 61
     e40:	de b7       	in	r29, 0x3e	; 62
     e42:	9a 83       	std	Y+2, r25	; 0x02
     e44:	89 83       	std	Y+1, r24	; 0x01
	EEAR = A_u16Address ;
     e46:	ee e3       	ldi	r30, 0x3E	; 62
     e48:	f0 e0       	ldi	r31, 0x00	; 0
     e4a:	89 81       	ldd	r24, Y+1	; 0x01
     e4c:	9a 81       	ldd	r25, Y+2	; 0x02
     e4e:	91 83       	std	Z+1, r25	; 0x01
     e50:	80 83       	st	Z, r24
	SET_BIT(EECR , 0) ;
     e52:	ac e3       	ldi	r26, 0x3C	; 60
     e54:	b0 e0       	ldi	r27, 0x00	; 0
     e56:	ec e3       	ldi	r30, 0x3C	; 60
     e58:	f0 e0       	ldi	r31, 0x00	; 0
     e5a:	80 81       	ld	r24, Z
     e5c:	81 60       	ori	r24, 0x01	; 1
     e5e:	8c 93       	st	X, r24
	return EEDR ;
     e60:	ed e3       	ldi	r30, 0x3D	; 61
     e62:	f0 e0       	ldi	r31, 0x00	; 0
     e64:	80 81       	ld	r24, Z
}
     e66:	0f 90       	pop	r0
     e68:	0f 90       	pop	r0
     e6a:	cf 91       	pop	r28
     e6c:	df 91       	pop	r29
     e6e:	08 95       	ret

00000e70 <MDIO_voidInitPin>:
#include"../../LIB/BITMATH.h"
#include"../../LIB/STD_TYPES.h"
#include"DIO.h"

void MDIO_voidInitPin     (u8 A_u8PortName , u8 A_u8PinName , u8 A_u8Value)
{
     e70:	df 93       	push	r29
     e72:	cf 93       	push	r28
     e74:	00 d0       	rcall	.+0      	; 0xe76 <MDIO_voidInitPin+0x6>
     e76:	0f 92       	push	r0
     e78:	cd b7       	in	r28, 0x3d	; 61
     e7a:	de b7       	in	r29, 0x3e	; 62
     e7c:	89 83       	std	Y+1, r24	; 0x01
     e7e:	6a 83       	std	Y+2, r22	; 0x02
     e80:	4b 83       	std	Y+3, r20	; 0x03
	if( A_u8PortName == DIO_PORTA)
     e82:	89 81       	ldd	r24, Y+1	; 0x01
     e84:	88 23       	and	r24, r24
     e86:	81 f5       	brne	.+96     	; 0xee8 <MDIO_voidInitPin+0x78>
	{
		if(A_u8Value == DIO_INPUT)
     e88:	8b 81       	ldd	r24, Y+3	; 0x03
     e8a:	88 23       	and	r24, r24
     e8c:	a9 f4       	brne	.+42     	; 0xeb8 <MDIO_voidInitPin+0x48>
		{
			CLR_BIT(DDRA , A_u8PinName);
     e8e:	aa e3       	ldi	r26, 0x3A	; 58
     e90:	b0 e0       	ldi	r27, 0x00	; 0
     e92:	ea e3       	ldi	r30, 0x3A	; 58
     e94:	f0 e0       	ldi	r31, 0x00	; 0
     e96:	80 81       	ld	r24, Z
     e98:	48 2f       	mov	r20, r24
     e9a:	8a 81       	ldd	r24, Y+2	; 0x02
     e9c:	28 2f       	mov	r18, r24
     e9e:	30 e0       	ldi	r19, 0x00	; 0
     ea0:	81 e0       	ldi	r24, 0x01	; 1
     ea2:	90 e0       	ldi	r25, 0x00	; 0
     ea4:	02 2e       	mov	r0, r18
     ea6:	02 c0       	rjmp	.+4      	; 0xeac <MDIO_voidInitPin+0x3c>
     ea8:	88 0f       	add	r24, r24
     eaa:	99 1f       	adc	r25, r25
     eac:	0a 94       	dec	r0
     eae:	e2 f7       	brpl	.-8      	; 0xea8 <MDIO_voidInitPin+0x38>
     eb0:	80 95       	com	r24
     eb2:	84 23       	and	r24, r20
     eb4:	8c 93       	st	X, r24
     eb6:	af c0       	rjmp	.+350    	; 0x1016 <MDIO_voidInitPin+0x1a6>
		}
		else if(A_u8Value == DIO_OUTPUT)
     eb8:	8b 81       	ldd	r24, Y+3	; 0x03
     eba:	81 30       	cpi	r24, 0x01	; 1
     ebc:	09 f0       	breq	.+2      	; 0xec0 <MDIO_voidInitPin+0x50>
     ebe:	ab c0       	rjmp	.+342    	; 0x1016 <MDIO_voidInitPin+0x1a6>
		{
			SET_BIT(DDRA , A_u8PinName);
     ec0:	aa e3       	ldi	r26, 0x3A	; 58
     ec2:	b0 e0       	ldi	r27, 0x00	; 0
     ec4:	ea e3       	ldi	r30, 0x3A	; 58
     ec6:	f0 e0       	ldi	r31, 0x00	; 0
     ec8:	80 81       	ld	r24, Z
     eca:	48 2f       	mov	r20, r24
     ecc:	8a 81       	ldd	r24, Y+2	; 0x02
     ece:	28 2f       	mov	r18, r24
     ed0:	30 e0       	ldi	r19, 0x00	; 0
     ed2:	81 e0       	ldi	r24, 0x01	; 1
     ed4:	90 e0       	ldi	r25, 0x00	; 0
     ed6:	02 2e       	mov	r0, r18
     ed8:	02 c0       	rjmp	.+4      	; 0xede <MDIO_voidInitPin+0x6e>
     eda:	88 0f       	add	r24, r24
     edc:	99 1f       	adc	r25, r25
     ede:	0a 94       	dec	r0
     ee0:	e2 f7       	brpl	.-8      	; 0xeda <MDIO_voidInitPin+0x6a>
     ee2:	84 2b       	or	r24, r20
     ee4:	8c 93       	st	X, r24
     ee6:	97 c0       	rjmp	.+302    	; 0x1016 <MDIO_voidInitPin+0x1a6>
		}
	}
	else if( A_u8PortName == DIO_PORTB)
     ee8:	89 81       	ldd	r24, Y+1	; 0x01
     eea:	81 30       	cpi	r24, 0x01	; 1
     eec:	81 f5       	brne	.+96     	; 0xf4e <MDIO_voidInitPin+0xde>
	{
		if(A_u8Value == DIO_INPUT)
     eee:	8b 81       	ldd	r24, Y+3	; 0x03
     ef0:	88 23       	and	r24, r24
     ef2:	a9 f4       	brne	.+42     	; 0xf1e <MDIO_voidInitPin+0xae>
		{
			CLR_BIT(DDRB , A_u8PinName);
     ef4:	a7 e3       	ldi	r26, 0x37	; 55
     ef6:	b0 e0       	ldi	r27, 0x00	; 0
     ef8:	e7 e3       	ldi	r30, 0x37	; 55
     efa:	f0 e0       	ldi	r31, 0x00	; 0
     efc:	80 81       	ld	r24, Z
     efe:	48 2f       	mov	r20, r24
     f00:	8a 81       	ldd	r24, Y+2	; 0x02
     f02:	28 2f       	mov	r18, r24
     f04:	30 e0       	ldi	r19, 0x00	; 0
     f06:	81 e0       	ldi	r24, 0x01	; 1
     f08:	90 e0       	ldi	r25, 0x00	; 0
     f0a:	02 2e       	mov	r0, r18
     f0c:	02 c0       	rjmp	.+4      	; 0xf12 <MDIO_voidInitPin+0xa2>
     f0e:	88 0f       	add	r24, r24
     f10:	99 1f       	adc	r25, r25
     f12:	0a 94       	dec	r0
     f14:	e2 f7       	brpl	.-8      	; 0xf0e <MDIO_voidInitPin+0x9e>
     f16:	80 95       	com	r24
     f18:	84 23       	and	r24, r20
     f1a:	8c 93       	st	X, r24
     f1c:	7c c0       	rjmp	.+248    	; 0x1016 <MDIO_voidInitPin+0x1a6>
		}
		else if(A_u8Value == DIO_OUTPUT)
     f1e:	8b 81       	ldd	r24, Y+3	; 0x03
     f20:	81 30       	cpi	r24, 0x01	; 1
     f22:	09 f0       	breq	.+2      	; 0xf26 <MDIO_voidInitPin+0xb6>
     f24:	78 c0       	rjmp	.+240    	; 0x1016 <MDIO_voidInitPin+0x1a6>
		{
			SET_BIT(DDRB , A_u8PinName);
     f26:	a7 e3       	ldi	r26, 0x37	; 55
     f28:	b0 e0       	ldi	r27, 0x00	; 0
     f2a:	e7 e3       	ldi	r30, 0x37	; 55
     f2c:	f0 e0       	ldi	r31, 0x00	; 0
     f2e:	80 81       	ld	r24, Z
     f30:	48 2f       	mov	r20, r24
     f32:	8a 81       	ldd	r24, Y+2	; 0x02
     f34:	28 2f       	mov	r18, r24
     f36:	30 e0       	ldi	r19, 0x00	; 0
     f38:	81 e0       	ldi	r24, 0x01	; 1
     f3a:	90 e0       	ldi	r25, 0x00	; 0
     f3c:	02 2e       	mov	r0, r18
     f3e:	02 c0       	rjmp	.+4      	; 0xf44 <MDIO_voidInitPin+0xd4>
     f40:	88 0f       	add	r24, r24
     f42:	99 1f       	adc	r25, r25
     f44:	0a 94       	dec	r0
     f46:	e2 f7       	brpl	.-8      	; 0xf40 <MDIO_voidInitPin+0xd0>
     f48:	84 2b       	or	r24, r20
     f4a:	8c 93       	st	X, r24
     f4c:	64 c0       	rjmp	.+200    	; 0x1016 <MDIO_voidInitPin+0x1a6>
		}
	}
	else if( A_u8PortName == DIO_PORTC)
     f4e:	89 81       	ldd	r24, Y+1	; 0x01
     f50:	82 30       	cpi	r24, 0x02	; 2
     f52:	81 f5       	brne	.+96     	; 0xfb4 <MDIO_voidInitPin+0x144>
	{
		if(A_u8Value == DIO_INPUT)
     f54:	8b 81       	ldd	r24, Y+3	; 0x03
     f56:	88 23       	and	r24, r24
     f58:	a9 f4       	brne	.+42     	; 0xf84 <MDIO_voidInitPin+0x114>
		{
			CLR_BIT(DDRC , A_u8PinName);
     f5a:	a4 e3       	ldi	r26, 0x34	; 52
     f5c:	b0 e0       	ldi	r27, 0x00	; 0
     f5e:	e4 e3       	ldi	r30, 0x34	; 52
     f60:	f0 e0       	ldi	r31, 0x00	; 0
     f62:	80 81       	ld	r24, Z
     f64:	48 2f       	mov	r20, r24
     f66:	8a 81       	ldd	r24, Y+2	; 0x02
     f68:	28 2f       	mov	r18, r24
     f6a:	30 e0       	ldi	r19, 0x00	; 0
     f6c:	81 e0       	ldi	r24, 0x01	; 1
     f6e:	90 e0       	ldi	r25, 0x00	; 0
     f70:	02 2e       	mov	r0, r18
     f72:	02 c0       	rjmp	.+4      	; 0xf78 <MDIO_voidInitPin+0x108>
     f74:	88 0f       	add	r24, r24
     f76:	99 1f       	adc	r25, r25
     f78:	0a 94       	dec	r0
     f7a:	e2 f7       	brpl	.-8      	; 0xf74 <MDIO_voidInitPin+0x104>
     f7c:	80 95       	com	r24
     f7e:	84 23       	and	r24, r20
     f80:	8c 93       	st	X, r24
     f82:	49 c0       	rjmp	.+146    	; 0x1016 <MDIO_voidInitPin+0x1a6>
		}
		else if(A_u8Value == DIO_OUTPUT)
     f84:	8b 81       	ldd	r24, Y+3	; 0x03
     f86:	81 30       	cpi	r24, 0x01	; 1
     f88:	09 f0       	breq	.+2      	; 0xf8c <MDIO_voidInitPin+0x11c>
     f8a:	45 c0       	rjmp	.+138    	; 0x1016 <MDIO_voidInitPin+0x1a6>
		{
			SET_BIT(DDRC , A_u8PinName);
     f8c:	a4 e3       	ldi	r26, 0x34	; 52
     f8e:	b0 e0       	ldi	r27, 0x00	; 0
     f90:	e4 e3       	ldi	r30, 0x34	; 52
     f92:	f0 e0       	ldi	r31, 0x00	; 0
     f94:	80 81       	ld	r24, Z
     f96:	48 2f       	mov	r20, r24
     f98:	8a 81       	ldd	r24, Y+2	; 0x02
     f9a:	28 2f       	mov	r18, r24
     f9c:	30 e0       	ldi	r19, 0x00	; 0
     f9e:	81 e0       	ldi	r24, 0x01	; 1
     fa0:	90 e0       	ldi	r25, 0x00	; 0
     fa2:	02 2e       	mov	r0, r18
     fa4:	02 c0       	rjmp	.+4      	; 0xfaa <MDIO_voidInitPin+0x13a>
     fa6:	88 0f       	add	r24, r24
     fa8:	99 1f       	adc	r25, r25
     faa:	0a 94       	dec	r0
     fac:	e2 f7       	brpl	.-8      	; 0xfa6 <MDIO_voidInitPin+0x136>
     fae:	84 2b       	or	r24, r20
     fb0:	8c 93       	st	X, r24
     fb2:	31 c0       	rjmp	.+98     	; 0x1016 <MDIO_voidInitPin+0x1a6>
		}
	}
	else if( A_u8PortName == DIO_PORTD)
     fb4:	89 81       	ldd	r24, Y+1	; 0x01
     fb6:	83 30       	cpi	r24, 0x03	; 3
     fb8:	71 f5       	brne	.+92     	; 0x1016 <MDIO_voidInitPin+0x1a6>
	{
		if(A_u8Value == DIO_INPUT)
     fba:	8b 81       	ldd	r24, Y+3	; 0x03
     fbc:	88 23       	and	r24, r24
     fbe:	a9 f4       	brne	.+42     	; 0xfea <MDIO_voidInitPin+0x17a>
		{
			CLR_BIT(DDRD , A_u8PinName);
     fc0:	a1 e3       	ldi	r26, 0x31	; 49
     fc2:	b0 e0       	ldi	r27, 0x00	; 0
     fc4:	e1 e3       	ldi	r30, 0x31	; 49
     fc6:	f0 e0       	ldi	r31, 0x00	; 0
     fc8:	80 81       	ld	r24, Z
     fca:	48 2f       	mov	r20, r24
     fcc:	8a 81       	ldd	r24, Y+2	; 0x02
     fce:	28 2f       	mov	r18, r24
     fd0:	30 e0       	ldi	r19, 0x00	; 0
     fd2:	81 e0       	ldi	r24, 0x01	; 1
     fd4:	90 e0       	ldi	r25, 0x00	; 0
     fd6:	02 2e       	mov	r0, r18
     fd8:	02 c0       	rjmp	.+4      	; 0xfde <MDIO_voidInitPin+0x16e>
     fda:	88 0f       	add	r24, r24
     fdc:	99 1f       	adc	r25, r25
     fde:	0a 94       	dec	r0
     fe0:	e2 f7       	brpl	.-8      	; 0xfda <MDIO_voidInitPin+0x16a>
     fe2:	80 95       	com	r24
     fe4:	84 23       	and	r24, r20
     fe6:	8c 93       	st	X, r24
     fe8:	16 c0       	rjmp	.+44     	; 0x1016 <MDIO_voidInitPin+0x1a6>
		}
		else if(A_u8Value == DIO_OUTPUT)
     fea:	8b 81       	ldd	r24, Y+3	; 0x03
     fec:	81 30       	cpi	r24, 0x01	; 1
     fee:	99 f4       	brne	.+38     	; 0x1016 <MDIO_voidInitPin+0x1a6>
		{
			SET_BIT(DDRD , A_u8PinName);
     ff0:	a1 e3       	ldi	r26, 0x31	; 49
     ff2:	b0 e0       	ldi	r27, 0x00	; 0
     ff4:	e1 e3       	ldi	r30, 0x31	; 49
     ff6:	f0 e0       	ldi	r31, 0x00	; 0
     ff8:	80 81       	ld	r24, Z
     ffa:	48 2f       	mov	r20, r24
     ffc:	8a 81       	ldd	r24, Y+2	; 0x02
     ffe:	28 2f       	mov	r18, r24
    1000:	30 e0       	ldi	r19, 0x00	; 0
    1002:	81 e0       	ldi	r24, 0x01	; 1
    1004:	90 e0       	ldi	r25, 0x00	; 0
    1006:	02 2e       	mov	r0, r18
    1008:	02 c0       	rjmp	.+4      	; 0x100e <MDIO_voidInitPin+0x19e>
    100a:	88 0f       	add	r24, r24
    100c:	99 1f       	adc	r25, r25
    100e:	0a 94       	dec	r0
    1010:	e2 f7       	brpl	.-8      	; 0x100a <MDIO_voidInitPin+0x19a>
    1012:	84 2b       	or	r24, r20
    1014:	8c 93       	st	X, r24
		}
	}

}
    1016:	0f 90       	pop	r0
    1018:	0f 90       	pop	r0
    101a:	0f 90       	pop	r0
    101c:	cf 91       	pop	r28
    101e:	df 91       	pop	r29
    1020:	08 95       	ret

00001022 <MDIO_voidSetPinValue>:
void MDIO_voidSetPinValue  (u8 A_u8PortName , u8 A_u8PinName , u8 A_u8Value)
{
    1022:	df 93       	push	r29
    1024:	cf 93       	push	r28
    1026:	00 d0       	rcall	.+0      	; 0x1028 <MDIO_voidSetPinValue+0x6>
    1028:	0f 92       	push	r0
    102a:	cd b7       	in	r28, 0x3d	; 61
    102c:	de b7       	in	r29, 0x3e	; 62
    102e:	89 83       	std	Y+1, r24	; 0x01
    1030:	6a 83       	std	Y+2, r22	; 0x02
    1032:	4b 83       	std	Y+3, r20	; 0x03
	if( A_u8PortName == DIO_PORTA)
    1034:	89 81       	ldd	r24, Y+1	; 0x01
    1036:	88 23       	and	r24, r24
    1038:	81 f5       	brne	.+96     	; 0x109a <MDIO_voidSetPinValue+0x78>
	{
		if(A_u8Value == DIO_LOW)
    103a:	8b 81       	ldd	r24, Y+3	; 0x03
    103c:	88 23       	and	r24, r24
    103e:	a9 f4       	brne	.+42     	; 0x106a <MDIO_voidSetPinValue+0x48>
		{
			CLR_BIT(PORTA , A_u8PinName);
    1040:	ab e3       	ldi	r26, 0x3B	; 59
    1042:	b0 e0       	ldi	r27, 0x00	; 0
    1044:	eb e3       	ldi	r30, 0x3B	; 59
    1046:	f0 e0       	ldi	r31, 0x00	; 0
    1048:	80 81       	ld	r24, Z
    104a:	48 2f       	mov	r20, r24
    104c:	8a 81       	ldd	r24, Y+2	; 0x02
    104e:	28 2f       	mov	r18, r24
    1050:	30 e0       	ldi	r19, 0x00	; 0
    1052:	81 e0       	ldi	r24, 0x01	; 1
    1054:	90 e0       	ldi	r25, 0x00	; 0
    1056:	02 2e       	mov	r0, r18
    1058:	02 c0       	rjmp	.+4      	; 0x105e <MDIO_voidSetPinValue+0x3c>
    105a:	88 0f       	add	r24, r24
    105c:	99 1f       	adc	r25, r25
    105e:	0a 94       	dec	r0
    1060:	e2 f7       	brpl	.-8      	; 0x105a <MDIO_voidSetPinValue+0x38>
    1062:	80 95       	com	r24
    1064:	84 23       	and	r24, r20
    1066:	8c 93       	st	X, r24
    1068:	af c0       	rjmp	.+350    	; 0x11c8 <MDIO_voidSetPinValue+0x1a6>
		}
		else if(A_u8Value == DIO_HIGH)
    106a:	8b 81       	ldd	r24, Y+3	; 0x03
    106c:	81 30       	cpi	r24, 0x01	; 1
    106e:	09 f0       	breq	.+2      	; 0x1072 <MDIO_voidSetPinValue+0x50>
    1070:	ab c0       	rjmp	.+342    	; 0x11c8 <MDIO_voidSetPinValue+0x1a6>
		{
			SET_BIT(PORTA , A_u8PinName);
    1072:	ab e3       	ldi	r26, 0x3B	; 59
    1074:	b0 e0       	ldi	r27, 0x00	; 0
    1076:	eb e3       	ldi	r30, 0x3B	; 59
    1078:	f0 e0       	ldi	r31, 0x00	; 0
    107a:	80 81       	ld	r24, Z
    107c:	48 2f       	mov	r20, r24
    107e:	8a 81       	ldd	r24, Y+2	; 0x02
    1080:	28 2f       	mov	r18, r24
    1082:	30 e0       	ldi	r19, 0x00	; 0
    1084:	81 e0       	ldi	r24, 0x01	; 1
    1086:	90 e0       	ldi	r25, 0x00	; 0
    1088:	02 2e       	mov	r0, r18
    108a:	02 c0       	rjmp	.+4      	; 0x1090 <MDIO_voidSetPinValue+0x6e>
    108c:	88 0f       	add	r24, r24
    108e:	99 1f       	adc	r25, r25
    1090:	0a 94       	dec	r0
    1092:	e2 f7       	brpl	.-8      	; 0x108c <MDIO_voidSetPinValue+0x6a>
    1094:	84 2b       	or	r24, r20
    1096:	8c 93       	st	X, r24
    1098:	97 c0       	rjmp	.+302    	; 0x11c8 <MDIO_voidSetPinValue+0x1a6>
		}
	}
	else if( A_u8PortName == DIO_PORTB)
    109a:	89 81       	ldd	r24, Y+1	; 0x01
    109c:	81 30       	cpi	r24, 0x01	; 1
    109e:	81 f5       	brne	.+96     	; 0x1100 <MDIO_voidSetPinValue+0xde>
	{
		if(A_u8Value == DIO_LOW)
    10a0:	8b 81       	ldd	r24, Y+3	; 0x03
    10a2:	88 23       	and	r24, r24
    10a4:	a9 f4       	brne	.+42     	; 0x10d0 <MDIO_voidSetPinValue+0xae>
		{
			CLR_BIT(PORTB , A_u8PinName);
    10a6:	a8 e3       	ldi	r26, 0x38	; 56
    10a8:	b0 e0       	ldi	r27, 0x00	; 0
    10aa:	e8 e3       	ldi	r30, 0x38	; 56
    10ac:	f0 e0       	ldi	r31, 0x00	; 0
    10ae:	80 81       	ld	r24, Z
    10b0:	48 2f       	mov	r20, r24
    10b2:	8a 81       	ldd	r24, Y+2	; 0x02
    10b4:	28 2f       	mov	r18, r24
    10b6:	30 e0       	ldi	r19, 0x00	; 0
    10b8:	81 e0       	ldi	r24, 0x01	; 1
    10ba:	90 e0       	ldi	r25, 0x00	; 0
    10bc:	02 2e       	mov	r0, r18
    10be:	02 c0       	rjmp	.+4      	; 0x10c4 <MDIO_voidSetPinValue+0xa2>
    10c0:	88 0f       	add	r24, r24
    10c2:	99 1f       	adc	r25, r25
    10c4:	0a 94       	dec	r0
    10c6:	e2 f7       	brpl	.-8      	; 0x10c0 <MDIO_voidSetPinValue+0x9e>
    10c8:	80 95       	com	r24
    10ca:	84 23       	and	r24, r20
    10cc:	8c 93       	st	X, r24
    10ce:	7c c0       	rjmp	.+248    	; 0x11c8 <MDIO_voidSetPinValue+0x1a6>
		}
		else if(A_u8Value == DIO_HIGH)
    10d0:	8b 81       	ldd	r24, Y+3	; 0x03
    10d2:	81 30       	cpi	r24, 0x01	; 1
    10d4:	09 f0       	breq	.+2      	; 0x10d8 <MDIO_voidSetPinValue+0xb6>
    10d6:	78 c0       	rjmp	.+240    	; 0x11c8 <MDIO_voidSetPinValue+0x1a6>
		{
			SET_BIT(PORTB , A_u8PinName);
    10d8:	a8 e3       	ldi	r26, 0x38	; 56
    10da:	b0 e0       	ldi	r27, 0x00	; 0
    10dc:	e8 e3       	ldi	r30, 0x38	; 56
    10de:	f0 e0       	ldi	r31, 0x00	; 0
    10e0:	80 81       	ld	r24, Z
    10e2:	48 2f       	mov	r20, r24
    10e4:	8a 81       	ldd	r24, Y+2	; 0x02
    10e6:	28 2f       	mov	r18, r24
    10e8:	30 e0       	ldi	r19, 0x00	; 0
    10ea:	81 e0       	ldi	r24, 0x01	; 1
    10ec:	90 e0       	ldi	r25, 0x00	; 0
    10ee:	02 2e       	mov	r0, r18
    10f0:	02 c0       	rjmp	.+4      	; 0x10f6 <MDIO_voidSetPinValue+0xd4>
    10f2:	88 0f       	add	r24, r24
    10f4:	99 1f       	adc	r25, r25
    10f6:	0a 94       	dec	r0
    10f8:	e2 f7       	brpl	.-8      	; 0x10f2 <MDIO_voidSetPinValue+0xd0>
    10fa:	84 2b       	or	r24, r20
    10fc:	8c 93       	st	X, r24
    10fe:	64 c0       	rjmp	.+200    	; 0x11c8 <MDIO_voidSetPinValue+0x1a6>
		}
	}
	else if( A_u8PortName == DIO_PORTC)
    1100:	89 81       	ldd	r24, Y+1	; 0x01
    1102:	82 30       	cpi	r24, 0x02	; 2
    1104:	81 f5       	brne	.+96     	; 0x1166 <MDIO_voidSetPinValue+0x144>
	{
		if(A_u8Value == DIO_LOW)
    1106:	8b 81       	ldd	r24, Y+3	; 0x03
    1108:	88 23       	and	r24, r24
    110a:	a9 f4       	brne	.+42     	; 0x1136 <MDIO_voidSetPinValue+0x114>
		{
			CLR_BIT(PORTC , A_u8PinName);
    110c:	a5 e3       	ldi	r26, 0x35	; 53
    110e:	b0 e0       	ldi	r27, 0x00	; 0
    1110:	e5 e3       	ldi	r30, 0x35	; 53
    1112:	f0 e0       	ldi	r31, 0x00	; 0
    1114:	80 81       	ld	r24, Z
    1116:	48 2f       	mov	r20, r24
    1118:	8a 81       	ldd	r24, Y+2	; 0x02
    111a:	28 2f       	mov	r18, r24
    111c:	30 e0       	ldi	r19, 0x00	; 0
    111e:	81 e0       	ldi	r24, 0x01	; 1
    1120:	90 e0       	ldi	r25, 0x00	; 0
    1122:	02 2e       	mov	r0, r18
    1124:	02 c0       	rjmp	.+4      	; 0x112a <MDIO_voidSetPinValue+0x108>
    1126:	88 0f       	add	r24, r24
    1128:	99 1f       	adc	r25, r25
    112a:	0a 94       	dec	r0
    112c:	e2 f7       	brpl	.-8      	; 0x1126 <MDIO_voidSetPinValue+0x104>
    112e:	80 95       	com	r24
    1130:	84 23       	and	r24, r20
    1132:	8c 93       	st	X, r24
    1134:	49 c0       	rjmp	.+146    	; 0x11c8 <MDIO_voidSetPinValue+0x1a6>
		}
		else if(A_u8Value == DIO_HIGH)
    1136:	8b 81       	ldd	r24, Y+3	; 0x03
    1138:	81 30       	cpi	r24, 0x01	; 1
    113a:	09 f0       	breq	.+2      	; 0x113e <MDIO_voidSetPinValue+0x11c>
    113c:	45 c0       	rjmp	.+138    	; 0x11c8 <MDIO_voidSetPinValue+0x1a6>
		{
			SET_BIT(PORTC , A_u8PinName);
    113e:	a5 e3       	ldi	r26, 0x35	; 53
    1140:	b0 e0       	ldi	r27, 0x00	; 0
    1142:	e5 e3       	ldi	r30, 0x35	; 53
    1144:	f0 e0       	ldi	r31, 0x00	; 0
    1146:	80 81       	ld	r24, Z
    1148:	48 2f       	mov	r20, r24
    114a:	8a 81       	ldd	r24, Y+2	; 0x02
    114c:	28 2f       	mov	r18, r24
    114e:	30 e0       	ldi	r19, 0x00	; 0
    1150:	81 e0       	ldi	r24, 0x01	; 1
    1152:	90 e0       	ldi	r25, 0x00	; 0
    1154:	02 2e       	mov	r0, r18
    1156:	02 c0       	rjmp	.+4      	; 0x115c <MDIO_voidSetPinValue+0x13a>
    1158:	88 0f       	add	r24, r24
    115a:	99 1f       	adc	r25, r25
    115c:	0a 94       	dec	r0
    115e:	e2 f7       	brpl	.-8      	; 0x1158 <MDIO_voidSetPinValue+0x136>
    1160:	84 2b       	or	r24, r20
    1162:	8c 93       	st	X, r24
    1164:	31 c0       	rjmp	.+98     	; 0x11c8 <MDIO_voidSetPinValue+0x1a6>
		}
	}
	else if( A_u8PortName == DIO_PORTD)
    1166:	89 81       	ldd	r24, Y+1	; 0x01
    1168:	83 30       	cpi	r24, 0x03	; 3
    116a:	71 f5       	brne	.+92     	; 0x11c8 <MDIO_voidSetPinValue+0x1a6>
	{
		if(A_u8Value == DIO_LOW)
    116c:	8b 81       	ldd	r24, Y+3	; 0x03
    116e:	88 23       	and	r24, r24
    1170:	a9 f4       	brne	.+42     	; 0x119c <MDIO_voidSetPinValue+0x17a>
		{
			CLR_BIT(PORTD , A_u8PinName);
    1172:	a2 e3       	ldi	r26, 0x32	; 50
    1174:	b0 e0       	ldi	r27, 0x00	; 0
    1176:	e2 e3       	ldi	r30, 0x32	; 50
    1178:	f0 e0       	ldi	r31, 0x00	; 0
    117a:	80 81       	ld	r24, Z
    117c:	48 2f       	mov	r20, r24
    117e:	8a 81       	ldd	r24, Y+2	; 0x02
    1180:	28 2f       	mov	r18, r24
    1182:	30 e0       	ldi	r19, 0x00	; 0
    1184:	81 e0       	ldi	r24, 0x01	; 1
    1186:	90 e0       	ldi	r25, 0x00	; 0
    1188:	02 2e       	mov	r0, r18
    118a:	02 c0       	rjmp	.+4      	; 0x1190 <MDIO_voidSetPinValue+0x16e>
    118c:	88 0f       	add	r24, r24
    118e:	99 1f       	adc	r25, r25
    1190:	0a 94       	dec	r0
    1192:	e2 f7       	brpl	.-8      	; 0x118c <MDIO_voidSetPinValue+0x16a>
    1194:	80 95       	com	r24
    1196:	84 23       	and	r24, r20
    1198:	8c 93       	st	X, r24
    119a:	16 c0       	rjmp	.+44     	; 0x11c8 <MDIO_voidSetPinValue+0x1a6>
		}
		else if(A_u8Value == DIO_HIGH)
    119c:	8b 81       	ldd	r24, Y+3	; 0x03
    119e:	81 30       	cpi	r24, 0x01	; 1
    11a0:	99 f4       	brne	.+38     	; 0x11c8 <MDIO_voidSetPinValue+0x1a6>
		{
			SET_BIT(PORTD , A_u8PinName);
    11a2:	a2 e3       	ldi	r26, 0x32	; 50
    11a4:	b0 e0       	ldi	r27, 0x00	; 0
    11a6:	e2 e3       	ldi	r30, 0x32	; 50
    11a8:	f0 e0       	ldi	r31, 0x00	; 0
    11aa:	80 81       	ld	r24, Z
    11ac:	48 2f       	mov	r20, r24
    11ae:	8a 81       	ldd	r24, Y+2	; 0x02
    11b0:	28 2f       	mov	r18, r24
    11b2:	30 e0       	ldi	r19, 0x00	; 0
    11b4:	81 e0       	ldi	r24, 0x01	; 1
    11b6:	90 e0       	ldi	r25, 0x00	; 0
    11b8:	02 2e       	mov	r0, r18
    11ba:	02 c0       	rjmp	.+4      	; 0x11c0 <MDIO_voidSetPinValue+0x19e>
    11bc:	88 0f       	add	r24, r24
    11be:	99 1f       	adc	r25, r25
    11c0:	0a 94       	dec	r0
    11c2:	e2 f7       	brpl	.-8      	; 0x11bc <MDIO_voidSetPinValue+0x19a>
    11c4:	84 2b       	or	r24, r20
    11c6:	8c 93       	st	X, r24
		}
	}

}
    11c8:	0f 90       	pop	r0
    11ca:	0f 90       	pop	r0
    11cc:	0f 90       	pop	r0
    11ce:	cf 91       	pop	r28
    11d0:	df 91       	pop	r29
    11d2:	08 95       	ret

000011d4 <MDIO_voidTogPinValue>:
void MDIO_voidTogPinValue  (u8 A_u8PortName , u8 A_u8PinName               )
{
    11d4:	df 93       	push	r29
    11d6:	cf 93       	push	r28
    11d8:	00 d0       	rcall	.+0      	; 0x11da <MDIO_voidTogPinValue+0x6>
    11da:	cd b7       	in	r28, 0x3d	; 61
    11dc:	de b7       	in	r29, 0x3e	; 62
    11de:	89 83       	std	Y+1, r24	; 0x01
    11e0:	6a 83       	std	Y+2, r22	; 0x02
	if(A_u8PortName == DIO_PORTA)
    11e2:	89 81       	ldd	r24, Y+1	; 0x01
    11e4:	88 23       	and	r24, r24
    11e6:	a1 f4       	brne	.+40     	; 0x1210 <MDIO_voidTogPinValue+0x3c>
	{
		TOG_BIT(PORTA , A_u8PinName);
    11e8:	ab e3       	ldi	r26, 0x3B	; 59
    11ea:	b0 e0       	ldi	r27, 0x00	; 0
    11ec:	eb e3       	ldi	r30, 0x3B	; 59
    11ee:	f0 e0       	ldi	r31, 0x00	; 0
    11f0:	80 81       	ld	r24, Z
    11f2:	48 2f       	mov	r20, r24
    11f4:	8a 81       	ldd	r24, Y+2	; 0x02
    11f6:	28 2f       	mov	r18, r24
    11f8:	30 e0       	ldi	r19, 0x00	; 0
    11fa:	81 e0       	ldi	r24, 0x01	; 1
    11fc:	90 e0       	ldi	r25, 0x00	; 0
    11fe:	02 2e       	mov	r0, r18
    1200:	02 c0       	rjmp	.+4      	; 0x1206 <MDIO_voidTogPinValue+0x32>
    1202:	88 0f       	add	r24, r24
    1204:	99 1f       	adc	r25, r25
    1206:	0a 94       	dec	r0
    1208:	e2 f7       	brpl	.-8      	; 0x1202 <MDIO_voidTogPinValue+0x2e>
    120a:	84 27       	eor	r24, r20
    120c:	8c 93       	st	X, r24
    120e:	44 c0       	rjmp	.+136    	; 0x1298 <MDIO_voidTogPinValue+0xc4>
	}
	else if(A_u8PortName == DIO_PORTB)
    1210:	89 81       	ldd	r24, Y+1	; 0x01
    1212:	81 30       	cpi	r24, 0x01	; 1
    1214:	a1 f4       	brne	.+40     	; 0x123e <MDIO_voidTogPinValue+0x6a>
	{
		TOG_BIT(PORTB , A_u8PinName);
    1216:	a8 e3       	ldi	r26, 0x38	; 56
    1218:	b0 e0       	ldi	r27, 0x00	; 0
    121a:	e8 e3       	ldi	r30, 0x38	; 56
    121c:	f0 e0       	ldi	r31, 0x00	; 0
    121e:	80 81       	ld	r24, Z
    1220:	48 2f       	mov	r20, r24
    1222:	8a 81       	ldd	r24, Y+2	; 0x02
    1224:	28 2f       	mov	r18, r24
    1226:	30 e0       	ldi	r19, 0x00	; 0
    1228:	81 e0       	ldi	r24, 0x01	; 1
    122a:	90 e0       	ldi	r25, 0x00	; 0
    122c:	02 2e       	mov	r0, r18
    122e:	02 c0       	rjmp	.+4      	; 0x1234 <MDIO_voidTogPinValue+0x60>
    1230:	88 0f       	add	r24, r24
    1232:	99 1f       	adc	r25, r25
    1234:	0a 94       	dec	r0
    1236:	e2 f7       	brpl	.-8      	; 0x1230 <MDIO_voidTogPinValue+0x5c>
    1238:	84 27       	eor	r24, r20
    123a:	8c 93       	st	X, r24
    123c:	2d c0       	rjmp	.+90     	; 0x1298 <MDIO_voidTogPinValue+0xc4>
	}
	else if(A_u8PortName == DIO_PORTC)
    123e:	89 81       	ldd	r24, Y+1	; 0x01
    1240:	82 30       	cpi	r24, 0x02	; 2
    1242:	a1 f4       	brne	.+40     	; 0x126c <MDIO_voidTogPinValue+0x98>
	{
		TOG_BIT(PORTC , A_u8PinName);
    1244:	a5 e3       	ldi	r26, 0x35	; 53
    1246:	b0 e0       	ldi	r27, 0x00	; 0
    1248:	e5 e3       	ldi	r30, 0x35	; 53
    124a:	f0 e0       	ldi	r31, 0x00	; 0
    124c:	80 81       	ld	r24, Z
    124e:	48 2f       	mov	r20, r24
    1250:	8a 81       	ldd	r24, Y+2	; 0x02
    1252:	28 2f       	mov	r18, r24
    1254:	30 e0       	ldi	r19, 0x00	; 0
    1256:	81 e0       	ldi	r24, 0x01	; 1
    1258:	90 e0       	ldi	r25, 0x00	; 0
    125a:	02 2e       	mov	r0, r18
    125c:	02 c0       	rjmp	.+4      	; 0x1262 <MDIO_voidTogPinValue+0x8e>
    125e:	88 0f       	add	r24, r24
    1260:	99 1f       	adc	r25, r25
    1262:	0a 94       	dec	r0
    1264:	e2 f7       	brpl	.-8      	; 0x125e <MDIO_voidTogPinValue+0x8a>
    1266:	84 27       	eor	r24, r20
    1268:	8c 93       	st	X, r24
    126a:	16 c0       	rjmp	.+44     	; 0x1298 <MDIO_voidTogPinValue+0xc4>
	}
	else if(A_u8PortName == DIO_PORTD)
    126c:	89 81       	ldd	r24, Y+1	; 0x01
    126e:	83 30       	cpi	r24, 0x03	; 3
    1270:	99 f4       	brne	.+38     	; 0x1298 <MDIO_voidTogPinValue+0xc4>
	{
		TOG_BIT(PORTD , A_u8PinName);
    1272:	a2 e3       	ldi	r26, 0x32	; 50
    1274:	b0 e0       	ldi	r27, 0x00	; 0
    1276:	e2 e3       	ldi	r30, 0x32	; 50
    1278:	f0 e0       	ldi	r31, 0x00	; 0
    127a:	80 81       	ld	r24, Z
    127c:	48 2f       	mov	r20, r24
    127e:	8a 81       	ldd	r24, Y+2	; 0x02
    1280:	28 2f       	mov	r18, r24
    1282:	30 e0       	ldi	r19, 0x00	; 0
    1284:	81 e0       	ldi	r24, 0x01	; 1
    1286:	90 e0       	ldi	r25, 0x00	; 0
    1288:	02 2e       	mov	r0, r18
    128a:	02 c0       	rjmp	.+4      	; 0x1290 <MDIO_voidTogPinValue+0xbc>
    128c:	88 0f       	add	r24, r24
    128e:	99 1f       	adc	r25, r25
    1290:	0a 94       	dec	r0
    1292:	e2 f7       	brpl	.-8      	; 0x128c <MDIO_voidTogPinValue+0xb8>
    1294:	84 27       	eor	r24, r20
    1296:	8c 93       	st	X, r24
	}

}
    1298:	0f 90       	pop	r0
    129a:	0f 90       	pop	r0
    129c:	cf 91       	pop	r28
    129e:	df 91       	pop	r29
    12a0:	08 95       	ret

000012a2 <MDIO_u8ReadPinValue>:
u8   MDIO_u8ReadPinValue   (u8 A_u8PortName , u8 A_u8PinName               )
{
    12a2:	df 93       	push	r29
    12a4:	cf 93       	push	r28
    12a6:	00 d0       	rcall	.+0      	; 0x12a8 <MDIO_u8ReadPinValue+0x6>
    12a8:	0f 92       	push	r0
    12aa:	cd b7       	in	r28, 0x3d	; 61
    12ac:	de b7       	in	r29, 0x3e	; 62
    12ae:	8a 83       	std	Y+2, r24	; 0x02
    12b0:	6b 83       	std	Y+3, r22	; 0x03
	u8 L_u8PinValue ;
	if (A_u8PortName == DIO_PORTA)
    12b2:	8a 81       	ldd	r24, Y+2	; 0x02
    12b4:	88 23       	and	r24, r24
    12b6:	f1 f4       	brne	.+60     	; 0x12f4 <MDIO_u8ReadPinValue+0x52>
	{
		L_u8PinValue = READ_BIT(PINA , A_u8PinName);
    12b8:	e9 e3       	ldi	r30, 0x39	; 57
    12ba:	f0 e0       	ldi	r31, 0x00	; 0
    12bc:	80 81       	ld	r24, Z
    12be:	48 2f       	mov	r20, r24
    12c0:	50 e0       	ldi	r21, 0x00	; 0
    12c2:	8b 81       	ldd	r24, Y+3	; 0x03
    12c4:	28 2f       	mov	r18, r24
    12c6:	30 e0       	ldi	r19, 0x00	; 0
    12c8:	81 e0       	ldi	r24, 0x01	; 1
    12ca:	90 e0       	ldi	r25, 0x00	; 0
    12cc:	02 c0       	rjmp	.+4      	; 0x12d2 <MDIO_u8ReadPinValue+0x30>
    12ce:	88 0f       	add	r24, r24
    12d0:	99 1f       	adc	r25, r25
    12d2:	2a 95       	dec	r18
    12d4:	e2 f7       	brpl	.-8      	; 0x12ce <MDIO_u8ReadPinValue+0x2c>
    12d6:	9a 01       	movw	r18, r20
    12d8:	28 23       	and	r18, r24
    12da:	39 23       	and	r19, r25
    12dc:	8b 81       	ldd	r24, Y+3	; 0x03
    12de:	88 2f       	mov	r24, r24
    12e0:	90 e0       	ldi	r25, 0x00	; 0
    12e2:	a9 01       	movw	r20, r18
    12e4:	02 c0       	rjmp	.+4      	; 0x12ea <MDIO_u8ReadPinValue+0x48>
    12e6:	55 95       	asr	r21
    12e8:	47 95       	ror	r20
    12ea:	8a 95       	dec	r24
    12ec:	e2 f7       	brpl	.-8      	; 0x12e6 <MDIO_u8ReadPinValue+0x44>
    12ee:	ca 01       	movw	r24, r20
    12f0:	89 83       	std	Y+1, r24	; 0x01
    12f2:	62 c0       	rjmp	.+196    	; 0x13b8 <MDIO_u8ReadPinValue+0x116>
	}
	else if(A_u8PortName == DIO_PORTB)
    12f4:	8a 81       	ldd	r24, Y+2	; 0x02
    12f6:	81 30       	cpi	r24, 0x01	; 1
    12f8:	f1 f4       	brne	.+60     	; 0x1336 <MDIO_u8ReadPinValue+0x94>
	{
		L_u8PinValue = READ_BIT(PINB , A_u8PinName);
    12fa:	e6 e3       	ldi	r30, 0x36	; 54
    12fc:	f0 e0       	ldi	r31, 0x00	; 0
    12fe:	80 81       	ld	r24, Z
    1300:	48 2f       	mov	r20, r24
    1302:	50 e0       	ldi	r21, 0x00	; 0
    1304:	8b 81       	ldd	r24, Y+3	; 0x03
    1306:	28 2f       	mov	r18, r24
    1308:	30 e0       	ldi	r19, 0x00	; 0
    130a:	81 e0       	ldi	r24, 0x01	; 1
    130c:	90 e0       	ldi	r25, 0x00	; 0
    130e:	02 c0       	rjmp	.+4      	; 0x1314 <MDIO_u8ReadPinValue+0x72>
    1310:	88 0f       	add	r24, r24
    1312:	99 1f       	adc	r25, r25
    1314:	2a 95       	dec	r18
    1316:	e2 f7       	brpl	.-8      	; 0x1310 <MDIO_u8ReadPinValue+0x6e>
    1318:	9a 01       	movw	r18, r20
    131a:	28 23       	and	r18, r24
    131c:	39 23       	and	r19, r25
    131e:	8b 81       	ldd	r24, Y+3	; 0x03
    1320:	88 2f       	mov	r24, r24
    1322:	90 e0       	ldi	r25, 0x00	; 0
    1324:	a9 01       	movw	r20, r18
    1326:	02 c0       	rjmp	.+4      	; 0x132c <MDIO_u8ReadPinValue+0x8a>
    1328:	55 95       	asr	r21
    132a:	47 95       	ror	r20
    132c:	8a 95       	dec	r24
    132e:	e2 f7       	brpl	.-8      	; 0x1328 <MDIO_u8ReadPinValue+0x86>
    1330:	ca 01       	movw	r24, r20
    1332:	89 83       	std	Y+1, r24	; 0x01
    1334:	41 c0       	rjmp	.+130    	; 0x13b8 <MDIO_u8ReadPinValue+0x116>
	}
	else if(A_u8PortName == DIO_PORTC)
    1336:	8a 81       	ldd	r24, Y+2	; 0x02
    1338:	82 30       	cpi	r24, 0x02	; 2
    133a:	f1 f4       	brne	.+60     	; 0x1378 <MDIO_u8ReadPinValue+0xd6>
	{
		L_u8PinValue = READ_BIT(PINC , A_u8PinName);
    133c:	e3 e3       	ldi	r30, 0x33	; 51
    133e:	f0 e0       	ldi	r31, 0x00	; 0
    1340:	80 81       	ld	r24, Z
    1342:	48 2f       	mov	r20, r24
    1344:	50 e0       	ldi	r21, 0x00	; 0
    1346:	8b 81       	ldd	r24, Y+3	; 0x03
    1348:	28 2f       	mov	r18, r24
    134a:	30 e0       	ldi	r19, 0x00	; 0
    134c:	81 e0       	ldi	r24, 0x01	; 1
    134e:	90 e0       	ldi	r25, 0x00	; 0
    1350:	02 c0       	rjmp	.+4      	; 0x1356 <MDIO_u8ReadPinValue+0xb4>
    1352:	88 0f       	add	r24, r24
    1354:	99 1f       	adc	r25, r25
    1356:	2a 95       	dec	r18
    1358:	e2 f7       	brpl	.-8      	; 0x1352 <MDIO_u8ReadPinValue+0xb0>
    135a:	9a 01       	movw	r18, r20
    135c:	28 23       	and	r18, r24
    135e:	39 23       	and	r19, r25
    1360:	8b 81       	ldd	r24, Y+3	; 0x03
    1362:	88 2f       	mov	r24, r24
    1364:	90 e0       	ldi	r25, 0x00	; 0
    1366:	a9 01       	movw	r20, r18
    1368:	02 c0       	rjmp	.+4      	; 0x136e <MDIO_u8ReadPinValue+0xcc>
    136a:	55 95       	asr	r21
    136c:	47 95       	ror	r20
    136e:	8a 95       	dec	r24
    1370:	e2 f7       	brpl	.-8      	; 0x136a <MDIO_u8ReadPinValue+0xc8>
    1372:	ca 01       	movw	r24, r20
    1374:	89 83       	std	Y+1, r24	; 0x01
    1376:	20 c0       	rjmp	.+64     	; 0x13b8 <MDIO_u8ReadPinValue+0x116>
	}
	else if(A_u8PortName == DIO_PORTD)
    1378:	8a 81       	ldd	r24, Y+2	; 0x02
    137a:	83 30       	cpi	r24, 0x03	; 3
    137c:	e9 f4       	brne	.+58     	; 0x13b8 <MDIO_u8ReadPinValue+0x116>
	{
		L_u8PinValue = READ_BIT(PIND , A_u8PinName);
    137e:	e0 e3       	ldi	r30, 0x30	; 48
    1380:	f0 e0       	ldi	r31, 0x00	; 0
    1382:	80 81       	ld	r24, Z
    1384:	48 2f       	mov	r20, r24
    1386:	50 e0       	ldi	r21, 0x00	; 0
    1388:	8b 81       	ldd	r24, Y+3	; 0x03
    138a:	28 2f       	mov	r18, r24
    138c:	30 e0       	ldi	r19, 0x00	; 0
    138e:	81 e0       	ldi	r24, 0x01	; 1
    1390:	90 e0       	ldi	r25, 0x00	; 0
    1392:	02 c0       	rjmp	.+4      	; 0x1398 <MDIO_u8ReadPinValue+0xf6>
    1394:	88 0f       	add	r24, r24
    1396:	99 1f       	adc	r25, r25
    1398:	2a 95       	dec	r18
    139a:	e2 f7       	brpl	.-8      	; 0x1394 <MDIO_u8ReadPinValue+0xf2>
    139c:	9a 01       	movw	r18, r20
    139e:	28 23       	and	r18, r24
    13a0:	39 23       	and	r19, r25
    13a2:	8b 81       	ldd	r24, Y+3	; 0x03
    13a4:	88 2f       	mov	r24, r24
    13a6:	90 e0       	ldi	r25, 0x00	; 0
    13a8:	a9 01       	movw	r20, r18
    13aa:	02 c0       	rjmp	.+4      	; 0x13b0 <MDIO_u8ReadPinValue+0x10e>
    13ac:	55 95       	asr	r21
    13ae:	47 95       	ror	r20
    13b0:	8a 95       	dec	r24
    13b2:	e2 f7       	brpl	.-8      	; 0x13ac <MDIO_u8ReadPinValue+0x10a>
    13b4:	ca 01       	movw	r24, r20
    13b6:	89 83       	std	Y+1, r24	; 0x01
	}
	return L_u8PinValue;
    13b8:	89 81       	ldd	r24, Y+1	; 0x01
}
    13ba:	0f 90       	pop	r0
    13bc:	0f 90       	pop	r0
    13be:	0f 90       	pop	r0
    13c0:	cf 91       	pop	r28
    13c2:	df 91       	pop	r29
    13c4:	08 95       	ret

000013c6 <MDIO_voidSetPortValue>:
void MDIO_voidSetPortValue (u8 A_u8PortName , u8 A_u8Value                 )
{
    13c6:	df 93       	push	r29
    13c8:	cf 93       	push	r28
    13ca:	00 d0       	rcall	.+0      	; 0x13cc <MDIO_voidSetPortValue+0x6>
    13cc:	cd b7       	in	r28, 0x3d	; 61
    13ce:	de b7       	in	r29, 0x3e	; 62
    13d0:	89 83       	std	Y+1, r24	; 0x01
    13d2:	6a 83       	std	Y+2, r22	; 0x02
	if (A_u8PortName == DIO_PORTA)
    13d4:	89 81       	ldd	r24, Y+1	; 0x01
    13d6:	88 23       	and	r24, r24
    13d8:	29 f4       	brne	.+10     	; 0x13e4 <MDIO_voidSetPortValue+0x1e>
	{
		PORTA = A_u8Value;
    13da:	eb e3       	ldi	r30, 0x3B	; 59
    13dc:	f0 e0       	ldi	r31, 0x00	; 0
    13de:	8a 81       	ldd	r24, Y+2	; 0x02
    13e0:	80 83       	st	Z, r24
    13e2:	17 c0       	rjmp	.+46     	; 0x1412 <MDIO_voidSetPortValue+0x4c>
	}
	else if (A_u8PortName == DIO_PORTB)
    13e4:	89 81       	ldd	r24, Y+1	; 0x01
    13e6:	81 30       	cpi	r24, 0x01	; 1
    13e8:	29 f4       	brne	.+10     	; 0x13f4 <MDIO_voidSetPortValue+0x2e>
	{
		PORTB = A_u8Value;
    13ea:	e8 e3       	ldi	r30, 0x38	; 56
    13ec:	f0 e0       	ldi	r31, 0x00	; 0
    13ee:	8a 81       	ldd	r24, Y+2	; 0x02
    13f0:	80 83       	st	Z, r24
    13f2:	0f c0       	rjmp	.+30     	; 0x1412 <MDIO_voidSetPortValue+0x4c>
	}
	else if (A_u8PortName == DIO_PORTC)
    13f4:	89 81       	ldd	r24, Y+1	; 0x01
    13f6:	82 30       	cpi	r24, 0x02	; 2
    13f8:	29 f4       	brne	.+10     	; 0x1404 <MDIO_voidSetPortValue+0x3e>
	{
		PORTC = A_u8Value;
    13fa:	e5 e3       	ldi	r30, 0x35	; 53
    13fc:	f0 e0       	ldi	r31, 0x00	; 0
    13fe:	8a 81       	ldd	r24, Y+2	; 0x02
    1400:	80 83       	st	Z, r24
    1402:	07 c0       	rjmp	.+14     	; 0x1412 <MDIO_voidSetPortValue+0x4c>
	}
	else if (A_u8PortName == DIO_PORTD)
    1404:	89 81       	ldd	r24, Y+1	; 0x01
    1406:	83 30       	cpi	r24, 0x03	; 3
    1408:	21 f4       	brne	.+8      	; 0x1412 <MDIO_voidSetPortValue+0x4c>
	{
		PORTD = A_u8Value;
    140a:	e2 e3       	ldi	r30, 0x32	; 50
    140c:	f0 e0       	ldi	r31, 0x00	; 0
    140e:	8a 81       	ldd	r24, Y+2	; 0x02
    1410:	80 83       	st	Z, r24
	}
}
    1412:	0f 90       	pop	r0
    1414:	0f 90       	pop	r0
    1416:	cf 91       	pop	r28
    1418:	df 91       	pop	r29
    141a:	08 95       	ret

0000141c <MDIO_voidTogPortValue>:
void MDIO_voidTogPortValue (u8 A_u8PortName                                )
{
    141c:	df 93       	push	r29
    141e:	cf 93       	push	r28
    1420:	0f 92       	push	r0
    1422:	cd b7       	in	r28, 0x3d	; 61
    1424:	de b7       	in	r29, 0x3e	; 62
    1426:	89 83       	std	Y+1, r24	; 0x01
	if (A_u8PortName == DIO_PORTA)
    1428:	89 81       	ldd	r24, Y+1	; 0x01
    142a:	88 23       	and	r24, r24
    142c:	41 f4       	brne	.+16     	; 0x143e <MDIO_voidTogPortValue+0x22>
	{
		PORTA = ~PORTA;
    142e:	ab e3       	ldi	r26, 0x3B	; 59
    1430:	b0 e0       	ldi	r27, 0x00	; 0
    1432:	eb e3       	ldi	r30, 0x3B	; 59
    1434:	f0 e0       	ldi	r31, 0x00	; 0
    1436:	80 81       	ld	r24, Z
    1438:	80 95       	com	r24
    143a:	8c 93       	st	X, r24
    143c:	20 c0       	rjmp	.+64     	; 0x147e <MDIO_voidTogPortValue+0x62>
	}
	else if (A_u8PortName == DIO_PORTB)
    143e:	89 81       	ldd	r24, Y+1	; 0x01
    1440:	81 30       	cpi	r24, 0x01	; 1
    1442:	41 f4       	brne	.+16     	; 0x1454 <MDIO_voidTogPortValue+0x38>
	{
		PORTB = ~PORTB;
    1444:	a8 e3       	ldi	r26, 0x38	; 56
    1446:	b0 e0       	ldi	r27, 0x00	; 0
    1448:	e8 e3       	ldi	r30, 0x38	; 56
    144a:	f0 e0       	ldi	r31, 0x00	; 0
    144c:	80 81       	ld	r24, Z
    144e:	80 95       	com	r24
    1450:	8c 93       	st	X, r24
    1452:	15 c0       	rjmp	.+42     	; 0x147e <MDIO_voidTogPortValue+0x62>
	}
	else if (A_u8PortName == DIO_PORTC)
    1454:	89 81       	ldd	r24, Y+1	; 0x01
    1456:	82 30       	cpi	r24, 0x02	; 2
    1458:	41 f4       	brne	.+16     	; 0x146a <MDIO_voidTogPortValue+0x4e>
	{
		PORTC = ~PORTC;
    145a:	a5 e3       	ldi	r26, 0x35	; 53
    145c:	b0 e0       	ldi	r27, 0x00	; 0
    145e:	e5 e3       	ldi	r30, 0x35	; 53
    1460:	f0 e0       	ldi	r31, 0x00	; 0
    1462:	80 81       	ld	r24, Z
    1464:	80 95       	com	r24
    1466:	8c 93       	st	X, r24
    1468:	0a c0       	rjmp	.+20     	; 0x147e <MDIO_voidTogPortValue+0x62>
	}
	else if (A_u8PortName == DIO_PORTD)
    146a:	89 81       	ldd	r24, Y+1	; 0x01
    146c:	83 30       	cpi	r24, 0x03	; 3
    146e:	39 f4       	brne	.+14     	; 0x147e <MDIO_voidTogPortValue+0x62>
	{
		PORTD = ~PORTD;
    1470:	a2 e3       	ldi	r26, 0x32	; 50
    1472:	b0 e0       	ldi	r27, 0x00	; 0
    1474:	e2 e3       	ldi	r30, 0x32	; 50
    1476:	f0 e0       	ldi	r31, 0x00	; 0
    1478:	80 81       	ld	r24, Z
    147a:	80 95       	com	r24
    147c:	8c 93       	st	X, r24
	}
}
    147e:	0f 90       	pop	r0
    1480:	cf 91       	pop	r28
    1482:	df 91       	pop	r29
    1484:	08 95       	ret

00001486 <MDIO_u8ReadPortValue>:
u8   MDIO_u8ReadPortValue  (u8 A_u8PortName                                )
{
    1486:	df 93       	push	r29
    1488:	cf 93       	push	r28
    148a:	00 d0       	rcall	.+0      	; 0x148c <MDIO_u8ReadPortValue+0x6>
    148c:	cd b7       	in	r28, 0x3d	; 61
    148e:	de b7       	in	r29, 0x3e	; 62
    1490:	8a 83       	std	Y+2, r24	; 0x02
	u8 L_u8PortValue ;
	if (A_u8PortName == DIO_PORTA)
    1492:	8a 81       	ldd	r24, Y+2	; 0x02
    1494:	88 23       	and	r24, r24
    1496:	29 f4       	brne	.+10     	; 0x14a2 <MDIO_u8ReadPortValue+0x1c>
	{
		L_u8PortValue = PINA;
    1498:	e9 e3       	ldi	r30, 0x39	; 57
    149a:	f0 e0       	ldi	r31, 0x00	; 0
    149c:	80 81       	ld	r24, Z
    149e:	89 83       	std	Y+1, r24	; 0x01
    14a0:	17 c0       	rjmp	.+46     	; 0x14d0 <MDIO_u8ReadPortValue+0x4a>
	}
	else if (A_u8PortName == DIO_PORTB)
    14a2:	8a 81       	ldd	r24, Y+2	; 0x02
    14a4:	81 30       	cpi	r24, 0x01	; 1
    14a6:	29 f4       	brne	.+10     	; 0x14b2 <MDIO_u8ReadPortValue+0x2c>
	{
		L_u8PortValue = PINB;
    14a8:	e6 e3       	ldi	r30, 0x36	; 54
    14aa:	f0 e0       	ldi	r31, 0x00	; 0
    14ac:	80 81       	ld	r24, Z
    14ae:	89 83       	std	Y+1, r24	; 0x01
    14b0:	0f c0       	rjmp	.+30     	; 0x14d0 <MDIO_u8ReadPortValue+0x4a>
	}
	else if (A_u8PortName == DIO_PORTC)
    14b2:	8a 81       	ldd	r24, Y+2	; 0x02
    14b4:	82 30       	cpi	r24, 0x02	; 2
    14b6:	29 f4       	brne	.+10     	; 0x14c2 <MDIO_u8ReadPortValue+0x3c>
	{
		L_u8PortValue = PINC;
    14b8:	e3 e3       	ldi	r30, 0x33	; 51
    14ba:	f0 e0       	ldi	r31, 0x00	; 0
    14bc:	80 81       	ld	r24, Z
    14be:	89 83       	std	Y+1, r24	; 0x01
    14c0:	07 c0       	rjmp	.+14     	; 0x14d0 <MDIO_u8ReadPortValue+0x4a>
	}
	else if (A_u8PortName == DIO_PORTD)
    14c2:	8a 81       	ldd	r24, Y+2	; 0x02
    14c4:	83 30       	cpi	r24, 0x03	; 3
    14c6:	21 f4       	brne	.+8      	; 0x14d0 <MDIO_u8ReadPortValue+0x4a>
	{
		L_u8PortValue = PIND;
    14c8:	e0 e3       	ldi	r30, 0x30	; 48
    14ca:	f0 e0       	ldi	r31, 0x00	; 0
    14cc:	80 81       	ld	r24, Z
    14ce:	89 83       	std	Y+1, r24	; 0x01
	}
	return L_u8PortValue;
    14d0:	89 81       	ldd	r24, Y+1	; 0x01
}
    14d2:	0f 90       	pop	r0
    14d4:	0f 90       	pop	r0
    14d6:	cf 91       	pop	r28
    14d8:	df 91       	pop	r29
    14da:	08 95       	ret

000014dc <MADC_voidInit>:
#include "../../LIB/STD_TYPES.h"

#include "ADC.h"
void (*PTR_ADC) (void) ;
void MADC_voidInit (u8 A_u8Prescaller , u8 A_u8Aref)
{
    14dc:	df 93       	push	r29
    14de:	cf 93       	push	r28
    14e0:	00 d0       	rcall	.+0      	; 0x14e2 <MADC_voidInit+0x6>
    14e2:	cd b7       	in	r28, 0x3d	; 61
    14e4:	de b7       	in	r29, 0x3e	; 62
    14e6:	89 83       	std	Y+1, r24	; 0x01
    14e8:	6a 83       	std	Y+2, r22	; 0x02
	ADMUX |= (A_u8Aref << 6) ;
    14ea:	a7 e2       	ldi	r26, 0x27	; 39
    14ec:	b0 e0       	ldi	r27, 0x00	; 0
    14ee:	e7 e2       	ldi	r30, 0x27	; 39
    14f0:	f0 e0       	ldi	r31, 0x00	; 0
    14f2:	80 81       	ld	r24, Z
    14f4:	28 2f       	mov	r18, r24
    14f6:	8a 81       	ldd	r24, Y+2	; 0x02
    14f8:	88 2f       	mov	r24, r24
    14fa:	90 e0       	ldi	r25, 0x00	; 0
    14fc:	00 24       	eor	r0, r0
    14fe:	96 95       	lsr	r25
    1500:	87 95       	ror	r24
    1502:	07 94       	ror	r0
    1504:	96 95       	lsr	r25
    1506:	87 95       	ror	r24
    1508:	07 94       	ror	r0
    150a:	98 2f       	mov	r25, r24
    150c:	80 2d       	mov	r24, r0
    150e:	82 2b       	or	r24, r18
    1510:	8c 93       	st	X, r24
	ADCSRA|= (A_u8Prescaller) ;
    1512:	a6 e2       	ldi	r26, 0x26	; 38
    1514:	b0 e0       	ldi	r27, 0x00	; 0
    1516:	e6 e2       	ldi	r30, 0x26	; 38
    1518:	f0 e0       	ldi	r31, 0x00	; 0
    151a:	90 81       	ld	r25, Z
    151c:	89 81       	ldd	r24, Y+1	; 0x01
    151e:	89 2b       	or	r24, r25
    1520:	8c 93       	st	X, r24
	CLR_BIT(ADMUX , 5) ;
    1522:	a7 e2       	ldi	r26, 0x27	; 39
    1524:	b0 e0       	ldi	r27, 0x00	; 0
    1526:	e7 e2       	ldi	r30, 0x27	; 39
    1528:	f0 e0       	ldi	r31, 0x00	; 0
    152a:	80 81       	ld	r24, Z
    152c:	8f 7d       	andi	r24, 0xDF	; 223
    152e:	8c 93       	st	X, r24
#if ADC_INTERRUPT_ENABLE == 1
	SET_BIT(ADCSRA , 3) ;
    1530:	a6 e2       	ldi	r26, 0x26	; 38
    1532:	b0 e0       	ldi	r27, 0x00	; 0
    1534:	e6 e2       	ldi	r30, 0x26	; 38
    1536:	f0 e0       	ldi	r31, 0x00	; 0
    1538:	80 81       	ld	r24, Z
    153a:	88 60       	ori	r24, 0x08	; 8
    153c:	8c 93       	st	X, r24
	SET_BIT(SREG , 7) ;
    153e:	af e5       	ldi	r26, 0x5F	; 95
    1540:	b0 e0       	ldi	r27, 0x00	; 0
    1542:	ef e5       	ldi	r30, 0x5F	; 95
    1544:	f0 e0       	ldi	r31, 0x00	; 0
    1546:	80 81       	ld	r24, Z
    1548:	80 68       	ori	r24, 0x80	; 128
    154a:	8c 93       	st	X, r24
#endif
	SET_BIT(ADCSRA , 7) ;
    154c:	a6 e2       	ldi	r26, 0x26	; 38
    154e:	b0 e0       	ldi	r27, 0x00	; 0
    1550:	e6 e2       	ldi	r30, 0x26	; 38
    1552:	f0 e0       	ldi	r31, 0x00	; 0
    1554:	80 81       	ld	r24, Z
    1556:	80 68       	ori	r24, 0x80	; 128
    1558:	8c 93       	st	X, r24
}
    155a:	0f 90       	pop	r0
    155c:	0f 90       	pop	r0
    155e:	cf 91       	pop	r28
    1560:	df 91       	pop	r29
    1562:	08 95       	ret

00001564 <MADC_voidStartConversion>:
void MADC_voidStartConversion (u8 A_u8ChannelNumber)
{
    1564:	df 93       	push	r29
    1566:	cf 93       	push	r28
    1568:	0f 92       	push	r0
    156a:	cd b7       	in	r28, 0x3d	; 61
    156c:	de b7       	in	r29, 0x3e	; 62
    156e:	89 83       	std	Y+1, r24	; 0x01
	ADMUX |= (A_u8ChannelNumber) ;
    1570:	a7 e2       	ldi	r26, 0x27	; 39
    1572:	b0 e0       	ldi	r27, 0x00	; 0
    1574:	e7 e2       	ldi	r30, 0x27	; 39
    1576:	f0 e0       	ldi	r31, 0x00	; 0
    1578:	90 81       	ld	r25, Z
    157a:	89 81       	ldd	r24, Y+1	; 0x01
    157c:	89 2b       	or	r24, r25
    157e:	8c 93       	st	X, r24
	SET_BIT(ADCSRA, 6) ;
    1580:	a6 e2       	ldi	r26, 0x26	; 38
    1582:	b0 e0       	ldi	r27, 0x00	; 0
    1584:	e6 e2       	ldi	r30, 0x26	; 38
    1586:	f0 e0       	ldi	r31, 0x00	; 0
    1588:	80 81       	ld	r24, Z
    158a:	80 64       	ori	r24, 0x40	; 64
    158c:	8c 93       	st	X, r24
}
    158e:	0f 90       	pop	r0
    1590:	cf 91       	pop	r28
    1592:	df 91       	pop	r29
    1594:	08 95       	ret

00001596 <MADC_u16ReadDataUsingPolling>:
u16  MADC_u16ReadDataUsingPolling (void)
{
    1596:	df 93       	push	r29
    1598:	cf 93       	push	r28
    159a:	cd b7       	in	r28, 0x3d	; 61
    159c:	de b7       	in	r29, 0x3e	; 62
	while (READ_BIT(ADCSRA , 4) == 0) ;
    159e:	e6 e2       	ldi	r30, 0x26	; 38
    15a0:	f0 e0       	ldi	r31, 0x00	; 0
    15a2:	80 81       	ld	r24, Z
    15a4:	88 2f       	mov	r24, r24
    15a6:	90 e0       	ldi	r25, 0x00	; 0
    15a8:	80 71       	andi	r24, 0x10	; 16
    15aa:	90 70       	andi	r25, 0x00	; 0
    15ac:	95 95       	asr	r25
    15ae:	87 95       	ror	r24
    15b0:	95 95       	asr	r25
    15b2:	87 95       	ror	r24
    15b4:	95 95       	asr	r25
    15b6:	87 95       	ror	r24
    15b8:	95 95       	asr	r25
    15ba:	87 95       	ror	r24
    15bc:	00 97       	sbiw	r24, 0x00	; 0
    15be:	79 f3       	breq	.-34     	; 0x159e <MADC_u16ReadDataUsingPolling+0x8>
	SET_BIT(ADCSRA , 4) ;
    15c0:	a6 e2       	ldi	r26, 0x26	; 38
    15c2:	b0 e0       	ldi	r27, 0x00	; 0
    15c4:	e6 e2       	ldi	r30, 0x26	; 38
    15c6:	f0 e0       	ldi	r31, 0x00	; 0
    15c8:	80 81       	ld	r24, Z
    15ca:	80 61       	ori	r24, 0x10	; 16
    15cc:	8c 93       	st	X, r24
	return ADC ;
    15ce:	e4 e2       	ldi	r30, 0x24	; 36
    15d0:	f0 e0       	ldi	r31, 0x00	; 0
    15d2:	80 81       	ld	r24, Z
    15d4:	91 81       	ldd	r25, Z+1	; 0x01
}
    15d6:	cf 91       	pop	r28
    15d8:	df 91       	pop	r29
    15da:	08 95       	ret

000015dc <MADC_u16ReadDataUsingInterrupt>:
u16  MADC_u16ReadDataUsingInterrupt (void)
{
    15dc:	df 93       	push	r29
    15de:	cf 93       	push	r28
    15e0:	cd b7       	in	r28, 0x3d	; 61
    15e2:	de b7       	in	r29, 0x3e	; 62
	return ADC ;
    15e4:	e4 e2       	ldi	r30, 0x24	; 36
    15e6:	f0 e0       	ldi	r31, 0x00	; 0
    15e8:	80 81       	ld	r24, Z
    15ea:	91 81       	ldd	r25, Z+1	; 0x01
}
    15ec:	cf 91       	pop	r28
    15ee:	df 91       	pop	r29
    15f0:	08 95       	ret

000015f2 <MADC_voidCallback>:

void MADC_voidCallback (void (*fptr)(void))
{
    15f2:	df 93       	push	r29
    15f4:	cf 93       	push	r28
    15f6:	00 d0       	rcall	.+0      	; 0x15f8 <MADC_voidCallback+0x6>
    15f8:	cd b7       	in	r28, 0x3d	; 61
    15fa:	de b7       	in	r29, 0x3e	; 62
    15fc:	9a 83       	std	Y+2, r25	; 0x02
    15fe:	89 83       	std	Y+1, r24	; 0x01
	PTR_ADC = fptr ;
    1600:	89 81       	ldd	r24, Y+1	; 0x01
    1602:	9a 81       	ldd	r25, Y+2	; 0x02
    1604:	90 93 ad 00 	sts	0x00AD, r25
    1608:	80 93 ac 00 	sts	0x00AC, r24
}
    160c:	0f 90       	pop	r0
    160e:	0f 90       	pop	r0
    1610:	cf 91       	pop	r28
    1612:	df 91       	pop	r29
    1614:	08 95       	ret

00001616 <__vector_16>:

void __vector_16 (void)__attribute__((signal)) ;
void __vector_16 (void)
{
    1616:	1f 92       	push	r1
    1618:	0f 92       	push	r0
    161a:	0f b6       	in	r0, 0x3f	; 63
    161c:	0f 92       	push	r0
    161e:	11 24       	eor	r1, r1
    1620:	2f 93       	push	r18
    1622:	3f 93       	push	r19
    1624:	4f 93       	push	r20
    1626:	5f 93       	push	r21
    1628:	6f 93       	push	r22
    162a:	7f 93       	push	r23
    162c:	8f 93       	push	r24
    162e:	9f 93       	push	r25
    1630:	af 93       	push	r26
    1632:	bf 93       	push	r27
    1634:	ef 93       	push	r30
    1636:	ff 93       	push	r31
    1638:	df 93       	push	r29
    163a:	cf 93       	push	r28
    163c:	cd b7       	in	r28, 0x3d	; 61
    163e:	de b7       	in	r29, 0x3e	; 62
	PTR_ADC () ;
    1640:	e0 91 ac 00 	lds	r30, 0x00AC
    1644:	f0 91 ad 00 	lds	r31, 0x00AD
    1648:	09 95       	icall
}
    164a:	cf 91       	pop	r28
    164c:	df 91       	pop	r29
    164e:	ff 91       	pop	r31
    1650:	ef 91       	pop	r30
    1652:	bf 91       	pop	r27
    1654:	af 91       	pop	r26
    1656:	9f 91       	pop	r25
    1658:	8f 91       	pop	r24
    165a:	7f 91       	pop	r23
    165c:	6f 91       	pop	r22
    165e:	5f 91       	pop	r21
    1660:	4f 91       	pop	r20
    1662:	3f 91       	pop	r19
    1664:	2f 91       	pop	r18
    1666:	0f 90       	pop	r0
    1668:	0f be       	out	0x3f, r0	; 63
    166a:	0f 90       	pop	r0
    166c:	1f 90       	pop	r1
    166e:	18 95       	reti

00001670 <HSeven_Seg_voidInit>:
#include"../../LIB/STD_TYPES.h"
#include "../../MCAL/DIO/DIO.h"
#include"Seven_Seg.h"

void HSeven_Seg_voidInit        (u8 A_u8SegNum             )
{
    1670:	df 93       	push	r29
    1672:	cf 93       	push	r28
    1674:	00 d0       	rcall	.+0      	; 0x1676 <HSeven_Seg_voidInit+0x6>
    1676:	0f 92       	push	r0
    1678:	cd b7       	in	r28, 0x3d	; 61
    167a:	de b7       	in	r29, 0x3e	; 62
    167c:	89 83       	std	Y+1, r24	; 0x01
	switch (A_u8SegNum)
    167e:	89 81       	ldd	r24, Y+1	; 0x01
    1680:	28 2f       	mov	r18, r24
    1682:	30 e0       	ldi	r19, 0x00	; 0
    1684:	3b 83       	std	Y+3, r19	; 0x03
    1686:	2a 83       	std	Y+2, r18	; 0x02
    1688:	8a 81       	ldd	r24, Y+2	; 0x02
    168a:	9b 81       	ldd	r25, Y+3	; 0x03
    168c:	82 30       	cpi	r24, 0x02	; 2
    168e:	91 05       	cpc	r25, r1
    1690:	e1 f0       	breq	.+56     	; 0x16ca <HSeven_Seg_voidInit+0x5a>
    1692:	2a 81       	ldd	r18, Y+2	; 0x02
    1694:	3b 81       	ldd	r19, Y+3	; 0x03
    1696:	23 30       	cpi	r18, 0x03	; 3
    1698:	31 05       	cpc	r19, r1
    169a:	34 f4       	brge	.+12     	; 0x16a8 <HSeven_Seg_voidInit+0x38>
    169c:	8a 81       	ldd	r24, Y+2	; 0x02
    169e:	9b 81       	ldd	r25, Y+3	; 0x03
    16a0:	81 30       	cpi	r24, 0x01	; 1
    16a2:	91 05       	cpc	r25, r1
    16a4:	61 f0       	breq	.+24     	; 0x16be <HSeven_Seg_voidInit+0x4e>
    16a6:	22 c0       	rjmp	.+68     	; 0x16ec <HSeven_Seg_voidInit+0x7c>
    16a8:	2a 81       	ldd	r18, Y+2	; 0x02
    16aa:	3b 81       	ldd	r19, Y+3	; 0x03
    16ac:	23 30       	cpi	r18, 0x03	; 3
    16ae:	31 05       	cpc	r19, r1
    16b0:	91 f0       	breq	.+36     	; 0x16d6 <HSeven_Seg_voidInit+0x66>
    16b2:	8a 81       	ldd	r24, Y+2	; 0x02
    16b4:	9b 81       	ldd	r25, Y+3	; 0x03
    16b6:	84 30       	cpi	r24, 0x04	; 4
    16b8:	91 05       	cpc	r25, r1
    16ba:	99 f0       	breq	.+38     	; 0x16e2 <HSeven_Seg_voidInit+0x72>
    16bc:	17 c0       	rjmp	.+46     	; 0x16ec <HSeven_Seg_voidInit+0x7c>
	{
	case SEG_ID1: MDIO_voidInitPin(SEG1_COMM_PORT, SEG1_COMM_PIN, DIO_OUTPUT) ; break ;
    16be:	80 e0       	ldi	r24, 0x00	; 0
    16c0:	63 e0       	ldi	r22, 0x03	; 3
    16c2:	41 e0       	ldi	r20, 0x01	; 1
    16c4:	0e 94 38 07 	call	0xe70	; 0xe70 <MDIO_voidInitPin>
    16c8:	11 c0       	rjmp	.+34     	; 0x16ec <HSeven_Seg_voidInit+0x7c>
	case SEG_ID2: MDIO_voidInitPin(SEG2_COMM_PORT, SEG2_COMM_PIN, DIO_OUTPUT) ; break ;
    16ca:	80 e0       	ldi	r24, 0x00	; 0
    16cc:	62 e0       	ldi	r22, 0x02	; 2
    16ce:	41 e0       	ldi	r20, 0x01	; 1
    16d0:	0e 94 38 07 	call	0xe70	; 0xe70 <MDIO_voidInitPin>
    16d4:	0b c0       	rjmp	.+22     	; 0x16ec <HSeven_Seg_voidInit+0x7c>
	case SEG_ID3: MDIO_voidInitPin(SEG3_COMM_PORT, SEG3_COMM_PIN, DIO_OUTPUT) ; break ;
    16d6:	81 e0       	ldi	r24, 0x01	; 1
    16d8:	65 e0       	ldi	r22, 0x05	; 5
    16da:	41 e0       	ldi	r20, 0x01	; 1
    16dc:	0e 94 38 07 	call	0xe70	; 0xe70 <MDIO_voidInitPin>
    16e0:	05 c0       	rjmp	.+10     	; 0x16ec <HSeven_Seg_voidInit+0x7c>
	case SEG_ID4: MDIO_voidInitPin(SEG4_COMM_PORT, SEG4_COMM_PIN, DIO_OUTPUT) ; break ;
    16e2:	81 e0       	ldi	r24, 0x01	; 1
    16e4:	66 e0       	ldi	r22, 0x06	; 6
    16e6:	41 e0       	ldi	r20, 0x01	; 1
    16e8:	0e 94 38 07 	call	0xe70	; 0xe70 <MDIO_voidInitPin>
	}

	MDIO_voidInitPin(BIT0_PORT, BIT0_PIN, DIO_OUTPUT) ;
    16ec:	81 e0       	ldi	r24, 0x01	; 1
    16ee:	60 e0       	ldi	r22, 0x00	; 0
    16f0:	41 e0       	ldi	r20, 0x01	; 1
    16f2:	0e 94 38 07 	call	0xe70	; 0xe70 <MDIO_voidInitPin>
	MDIO_voidInitPin(BIT1_PORT, BIT1_PIN, DIO_OUTPUT) ;
    16f6:	81 e0       	ldi	r24, 0x01	; 1
    16f8:	61 e0       	ldi	r22, 0x01	; 1
    16fa:	41 e0       	ldi	r20, 0x01	; 1
    16fc:	0e 94 38 07 	call	0xe70	; 0xe70 <MDIO_voidInitPin>
	MDIO_voidInitPin(BIT2_PORT, BIT2_PIN, DIO_OUTPUT) ;
    1700:	81 e0       	ldi	r24, 0x01	; 1
    1702:	62 e0       	ldi	r22, 0x02	; 2
    1704:	41 e0       	ldi	r20, 0x01	; 1
    1706:	0e 94 38 07 	call	0xe70	; 0xe70 <MDIO_voidInitPin>
	MDIO_voidInitPin(BIT3_PORT, BIT3_PIN, DIO_OUTPUT) ;
    170a:	81 e0       	ldi	r24, 0x01	; 1
    170c:	64 e0       	ldi	r22, 0x04	; 4
    170e:	41 e0       	ldi	r20, 0x01	; 1
    1710:	0e 94 38 07 	call	0xe70	; 0xe70 <MDIO_voidInitPin>

	HSeven_Seg_voidoff(SEG_ID1) ;
    1714:	81 e0       	ldi	r24, 0x01	; 1
    1716:	0e 94 9c 0b 	call	0x1738	; 0x1738 <HSeven_Seg_voidoff>
	HSeven_Seg_voidoff(SEG_ID2) ;
    171a:	82 e0       	ldi	r24, 0x02	; 2
    171c:	0e 94 9c 0b 	call	0x1738	; 0x1738 <HSeven_Seg_voidoff>
	HSeven_Seg_voidoff(SEG_ID3) ;
    1720:	83 e0       	ldi	r24, 0x03	; 3
    1722:	0e 94 9c 0b 	call	0x1738	; 0x1738 <HSeven_Seg_voidoff>
	HSeven_Seg_voidoff(SEG_ID4) ;
    1726:	84 e0       	ldi	r24, 0x04	; 4
    1728:	0e 94 9c 0b 	call	0x1738	; 0x1738 <HSeven_Seg_voidoff>
}
    172c:	0f 90       	pop	r0
    172e:	0f 90       	pop	r0
    1730:	0f 90       	pop	r0
    1732:	cf 91       	pop	r28
    1734:	df 91       	pop	r29
    1736:	08 95       	ret

00001738 <HSeven_Seg_voidoff>:
void HSeven_Seg_voidoff         (u8 A_u8SegNum             )
{
    1738:	df 93       	push	r29
    173a:	cf 93       	push	r28
    173c:	00 d0       	rcall	.+0      	; 0x173e <HSeven_Seg_voidoff+0x6>
    173e:	0f 92       	push	r0
    1740:	cd b7       	in	r28, 0x3d	; 61
    1742:	de b7       	in	r29, 0x3e	; 62
    1744:	89 83       	std	Y+1, r24	; 0x01
	switch (A_u8SegNum)
    1746:	89 81       	ldd	r24, Y+1	; 0x01
    1748:	28 2f       	mov	r18, r24
    174a:	30 e0       	ldi	r19, 0x00	; 0
    174c:	3b 83       	std	Y+3, r19	; 0x03
    174e:	2a 83       	std	Y+2, r18	; 0x02
    1750:	8a 81       	ldd	r24, Y+2	; 0x02
    1752:	9b 81       	ldd	r25, Y+3	; 0x03
    1754:	82 30       	cpi	r24, 0x02	; 2
    1756:	91 05       	cpc	r25, r1
    1758:	e1 f0       	breq	.+56     	; 0x1792 <HSeven_Seg_voidoff+0x5a>
    175a:	2a 81       	ldd	r18, Y+2	; 0x02
    175c:	3b 81       	ldd	r19, Y+3	; 0x03
    175e:	23 30       	cpi	r18, 0x03	; 3
    1760:	31 05       	cpc	r19, r1
    1762:	34 f4       	brge	.+12     	; 0x1770 <HSeven_Seg_voidoff+0x38>
    1764:	8a 81       	ldd	r24, Y+2	; 0x02
    1766:	9b 81       	ldd	r25, Y+3	; 0x03
    1768:	81 30       	cpi	r24, 0x01	; 1
    176a:	91 05       	cpc	r25, r1
    176c:	61 f0       	breq	.+24     	; 0x1786 <HSeven_Seg_voidoff+0x4e>
    176e:	22 c0       	rjmp	.+68     	; 0x17b4 <HSeven_Seg_voidoff+0x7c>
    1770:	2a 81       	ldd	r18, Y+2	; 0x02
    1772:	3b 81       	ldd	r19, Y+3	; 0x03
    1774:	23 30       	cpi	r18, 0x03	; 3
    1776:	31 05       	cpc	r19, r1
    1778:	91 f0       	breq	.+36     	; 0x179e <HSeven_Seg_voidoff+0x66>
    177a:	8a 81       	ldd	r24, Y+2	; 0x02
    177c:	9b 81       	ldd	r25, Y+3	; 0x03
    177e:	84 30       	cpi	r24, 0x04	; 4
    1780:	91 05       	cpc	r25, r1
    1782:	99 f0       	breq	.+38     	; 0x17aa <HSeven_Seg_voidoff+0x72>
    1784:	17 c0       	rjmp	.+46     	; 0x17b4 <HSeven_Seg_voidoff+0x7c>
	{
	case SEG_ID1: MDIO_voidSetPinValue(SEG1_COMM_PORT, SEG1_COMM_PIN, DIO_HIGH) ; break ;
    1786:	80 e0       	ldi	r24, 0x00	; 0
    1788:	63 e0       	ldi	r22, 0x03	; 3
    178a:	41 e0       	ldi	r20, 0x01	; 1
    178c:	0e 94 11 08 	call	0x1022	; 0x1022 <MDIO_voidSetPinValue>
    1790:	11 c0       	rjmp	.+34     	; 0x17b4 <HSeven_Seg_voidoff+0x7c>
	case SEG_ID2: MDIO_voidSetPinValue(SEG2_COMM_PORT, SEG2_COMM_PIN, DIO_HIGH) ; break ;
    1792:	80 e0       	ldi	r24, 0x00	; 0
    1794:	62 e0       	ldi	r22, 0x02	; 2
    1796:	41 e0       	ldi	r20, 0x01	; 1
    1798:	0e 94 11 08 	call	0x1022	; 0x1022 <MDIO_voidSetPinValue>
    179c:	0b c0       	rjmp	.+22     	; 0x17b4 <HSeven_Seg_voidoff+0x7c>
	case SEG_ID3: MDIO_voidSetPinValue(SEG3_COMM_PORT, SEG3_COMM_PIN, DIO_HIGH) ; break ;
    179e:	81 e0       	ldi	r24, 0x01	; 1
    17a0:	65 e0       	ldi	r22, 0x05	; 5
    17a2:	41 e0       	ldi	r20, 0x01	; 1
    17a4:	0e 94 11 08 	call	0x1022	; 0x1022 <MDIO_voidSetPinValue>
    17a8:	05 c0       	rjmp	.+10     	; 0x17b4 <HSeven_Seg_voidoff+0x7c>
	case SEG_ID4: MDIO_voidSetPinValue(SEG4_COMM_PORT, SEG4_COMM_PIN, DIO_HIGH) ; break ;
    17aa:	81 e0       	ldi	r24, 0x01	; 1
    17ac:	66 e0       	ldi	r22, 0x06	; 6
    17ae:	41 e0       	ldi	r20, 0x01	; 1
    17b0:	0e 94 11 08 	call	0x1022	; 0x1022 <MDIO_voidSetPinValue>
	}
}
    17b4:	0f 90       	pop	r0
    17b6:	0f 90       	pop	r0
    17b8:	0f 90       	pop	r0
    17ba:	cf 91       	pop	r28
    17bc:	df 91       	pop	r29
    17be:	08 95       	ret

000017c0 <HSeven_Seg_voidWriteNumber>:
void HSeven_Seg_voidWriteNumber (u8 A_u8SegNum , u8 A_u8Num)
{
    17c0:	df 93       	push	r29
    17c2:	cf 93       	push	r28
    17c4:	00 d0       	rcall	.+0      	; 0x17c6 <HSeven_Seg_voidWriteNumber+0x6>
    17c6:	00 d0       	rcall	.+0      	; 0x17c8 <HSeven_Seg_voidWriteNumber+0x8>
    17c8:	cd b7       	in	r28, 0x3d	; 61
    17ca:	de b7       	in	r29, 0x3e	; 62
    17cc:	89 83       	std	Y+1, r24	; 0x01
    17ce:	6a 83       	std	Y+2, r22	; 0x02
	switch (A_u8SegNum)
    17d0:	89 81       	ldd	r24, Y+1	; 0x01
    17d2:	28 2f       	mov	r18, r24
    17d4:	30 e0       	ldi	r19, 0x00	; 0
    17d6:	3c 83       	std	Y+4, r19	; 0x04
    17d8:	2b 83       	std	Y+3, r18	; 0x03
    17da:	8b 81       	ldd	r24, Y+3	; 0x03
    17dc:	9c 81       	ldd	r25, Y+4	; 0x04
    17de:	82 30       	cpi	r24, 0x02	; 2
    17e0:	91 05       	cpc	r25, r1
    17e2:	e1 f0       	breq	.+56     	; 0x181c <HSeven_Seg_voidWriteNumber+0x5c>
    17e4:	2b 81       	ldd	r18, Y+3	; 0x03
    17e6:	3c 81       	ldd	r19, Y+4	; 0x04
    17e8:	23 30       	cpi	r18, 0x03	; 3
    17ea:	31 05       	cpc	r19, r1
    17ec:	34 f4       	brge	.+12     	; 0x17fa <HSeven_Seg_voidWriteNumber+0x3a>
    17ee:	8b 81       	ldd	r24, Y+3	; 0x03
    17f0:	9c 81       	ldd	r25, Y+4	; 0x04
    17f2:	81 30       	cpi	r24, 0x01	; 1
    17f4:	91 05       	cpc	r25, r1
    17f6:	61 f0       	breq	.+24     	; 0x1810 <HSeven_Seg_voidWriteNumber+0x50>
    17f8:	22 c0       	rjmp	.+68     	; 0x183e <HSeven_Seg_voidWriteNumber+0x7e>
    17fa:	2b 81       	ldd	r18, Y+3	; 0x03
    17fc:	3c 81       	ldd	r19, Y+4	; 0x04
    17fe:	23 30       	cpi	r18, 0x03	; 3
    1800:	31 05       	cpc	r19, r1
    1802:	91 f0       	breq	.+36     	; 0x1828 <HSeven_Seg_voidWriteNumber+0x68>
    1804:	8b 81       	ldd	r24, Y+3	; 0x03
    1806:	9c 81       	ldd	r25, Y+4	; 0x04
    1808:	84 30       	cpi	r24, 0x04	; 4
    180a:	91 05       	cpc	r25, r1
    180c:	99 f0       	breq	.+38     	; 0x1834 <HSeven_Seg_voidWriteNumber+0x74>
    180e:	17 c0       	rjmp	.+46     	; 0x183e <HSeven_Seg_voidWriteNumber+0x7e>
	{
	case SEG_ID1:
		MDIO_voidSetPinValue(SEG1_COMM_PORT, SEG1_COMM_PIN, DIO_LOW) ;
    1810:	80 e0       	ldi	r24, 0x00	; 0
    1812:	63 e0       	ldi	r22, 0x03	; 3
    1814:	40 e0       	ldi	r20, 0x00	; 0
    1816:	0e 94 11 08 	call	0x1022	; 0x1022 <MDIO_voidSetPinValue>
    181a:	11 c0       	rjmp	.+34     	; 0x183e <HSeven_Seg_voidWriteNumber+0x7e>
		break ;
	case SEG_ID2:
		MDIO_voidSetPinValue(SEG2_COMM_PORT, SEG2_COMM_PIN, DIO_LOW) ;
    181c:	80 e0       	ldi	r24, 0x00	; 0
    181e:	62 e0       	ldi	r22, 0x02	; 2
    1820:	40 e0       	ldi	r20, 0x00	; 0
    1822:	0e 94 11 08 	call	0x1022	; 0x1022 <MDIO_voidSetPinValue>
    1826:	0b c0       	rjmp	.+22     	; 0x183e <HSeven_Seg_voidWriteNumber+0x7e>
		break ;
	case SEG_ID3:
		MDIO_voidSetPinValue(SEG3_COMM_PORT, SEG3_COMM_PIN, DIO_LOW) ;
    1828:	81 e0       	ldi	r24, 0x01	; 1
    182a:	65 e0       	ldi	r22, 0x05	; 5
    182c:	40 e0       	ldi	r20, 0x00	; 0
    182e:	0e 94 11 08 	call	0x1022	; 0x1022 <MDIO_voidSetPinValue>
    1832:	05 c0       	rjmp	.+10     	; 0x183e <HSeven_Seg_voidWriteNumber+0x7e>
		break ;
	case SEG_ID4:
		MDIO_voidSetPinValue(SEG4_COMM_PORT, SEG4_COMM_PIN, DIO_LOW) ;
    1834:	81 e0       	ldi	r24, 0x01	; 1
    1836:	66 e0       	ldi	r22, 0x06	; 6
    1838:	40 e0       	ldi	r20, 0x00	; 0
    183a:	0e 94 11 08 	call	0x1022	; 0x1022 <MDIO_voidSetPinValue>
		break ;
	}
	MDIO_voidSetPinValue(BIT0_PORT, BIT0_PIN, READ_BIT(A_u8Num,0)) ;
    183e:	8a 81       	ldd	r24, Y+2	; 0x02
    1840:	98 2f       	mov	r25, r24
    1842:	91 70       	andi	r25, 0x01	; 1
    1844:	81 e0       	ldi	r24, 0x01	; 1
    1846:	60 e0       	ldi	r22, 0x00	; 0
    1848:	49 2f       	mov	r20, r25
    184a:	0e 94 11 08 	call	0x1022	; 0x1022 <MDIO_voidSetPinValue>
	MDIO_voidSetPinValue(BIT1_PORT, BIT1_PIN, READ_BIT(A_u8Num,1)) ;
    184e:	8a 81       	ldd	r24, Y+2	; 0x02
    1850:	88 2f       	mov	r24, r24
    1852:	90 e0       	ldi	r25, 0x00	; 0
    1854:	82 70       	andi	r24, 0x02	; 2
    1856:	90 70       	andi	r25, 0x00	; 0
    1858:	95 95       	asr	r25
    185a:	87 95       	ror	r24
    185c:	98 2f       	mov	r25, r24
    185e:	81 e0       	ldi	r24, 0x01	; 1
    1860:	61 e0       	ldi	r22, 0x01	; 1
    1862:	49 2f       	mov	r20, r25
    1864:	0e 94 11 08 	call	0x1022	; 0x1022 <MDIO_voidSetPinValue>
	MDIO_voidSetPinValue(BIT2_PORT, BIT2_PIN, READ_BIT(A_u8Num,2)) ;
    1868:	8a 81       	ldd	r24, Y+2	; 0x02
    186a:	88 2f       	mov	r24, r24
    186c:	90 e0       	ldi	r25, 0x00	; 0
    186e:	84 70       	andi	r24, 0x04	; 4
    1870:	90 70       	andi	r25, 0x00	; 0
    1872:	95 95       	asr	r25
    1874:	87 95       	ror	r24
    1876:	95 95       	asr	r25
    1878:	87 95       	ror	r24
    187a:	98 2f       	mov	r25, r24
    187c:	81 e0       	ldi	r24, 0x01	; 1
    187e:	62 e0       	ldi	r22, 0x02	; 2
    1880:	49 2f       	mov	r20, r25
    1882:	0e 94 11 08 	call	0x1022	; 0x1022 <MDIO_voidSetPinValue>
	MDIO_voidSetPinValue(BIT3_PORT, BIT3_PIN, READ_BIT(A_u8Num,3)) ;
    1886:	8a 81       	ldd	r24, Y+2	; 0x02
    1888:	88 2f       	mov	r24, r24
    188a:	90 e0       	ldi	r25, 0x00	; 0
    188c:	88 70       	andi	r24, 0x08	; 8
    188e:	90 70       	andi	r25, 0x00	; 0
    1890:	95 95       	asr	r25
    1892:	87 95       	ror	r24
    1894:	95 95       	asr	r25
    1896:	87 95       	ror	r24
    1898:	95 95       	asr	r25
    189a:	87 95       	ror	r24
    189c:	98 2f       	mov	r25, r24
    189e:	81 e0       	ldi	r24, 0x01	; 1
    18a0:	64 e0       	ldi	r22, 0x04	; 4
    18a2:	49 2f       	mov	r20, r25
    18a4:	0e 94 11 08 	call	0x1022	; 0x1022 <MDIO_voidSetPinValue>
}
    18a8:	0f 90       	pop	r0
    18aa:	0f 90       	pop	r0
    18ac:	0f 90       	pop	r0
    18ae:	0f 90       	pop	r0
    18b0:	cf 91       	pop	r28
    18b2:	df 91       	pop	r29
    18b4:	08 95       	ret

000018b6 <HMotor_voidInit>:
#define MOTOR_PORT    DIO_PORTC
#define MOTOR_PIN_1   DIO_PIN0
#define MOTOR_PIN_2   DIO_PIN1

void HMotor_voidInit(void)
{
    18b6:	df 93       	push	r29
    18b8:	cf 93       	push	r28
    18ba:	cd b7       	in	r28, 0x3d	; 61
    18bc:	de b7       	in	r29, 0x3e	; 62
    MDIO_voidInitPin(MOTOR_PORT, MOTOR_PIN_1, DIO_OUTPUT);
    18be:	82 e0       	ldi	r24, 0x02	; 2
    18c0:	60 e0       	ldi	r22, 0x00	; 0
    18c2:	41 e0       	ldi	r20, 0x01	; 1
    18c4:	0e 94 38 07 	call	0xe70	; 0xe70 <MDIO_voidInitPin>
    MDIO_voidInitPin(MOTOR_PORT, MOTOR_PIN_2, DIO_OUTPUT);
    18c8:	82 e0       	ldi	r24, 0x02	; 2
    18ca:	61 e0       	ldi	r22, 0x01	; 1
    18cc:	41 e0       	ldi	r20, 0x01	; 1
    18ce:	0e 94 38 07 	call	0xe70	; 0xe70 <MDIO_voidInitPin>
}
    18d2:	cf 91       	pop	r28
    18d4:	df 91       	pop	r29
    18d6:	08 95       	ret

000018d8 <HMotor_voidCW>:

void HMotor_voidCW(void)
{
    18d8:	df 93       	push	r29
    18da:	cf 93       	push	r28
    18dc:	cd b7       	in	r28, 0x3d	; 61
    18de:	de b7       	in	r29, 0x3e	; 62
    // Heating Mode
    MDIO_voidSetPinValue(MOTOR_PORT, MOTOR_PIN_1, DIO_HIGH);
    18e0:	82 e0       	ldi	r24, 0x02	; 2
    18e2:	60 e0       	ldi	r22, 0x00	; 0
    18e4:	41 e0       	ldi	r20, 0x01	; 1
    18e6:	0e 94 11 08 	call	0x1022	; 0x1022 <MDIO_voidSetPinValue>
    MDIO_voidSetPinValue(MOTOR_PORT, MOTOR_PIN_2, DIO_LOW);
    18ea:	82 e0       	ldi	r24, 0x02	; 2
    18ec:	61 e0       	ldi	r22, 0x01	; 1
    18ee:	40 e0       	ldi	r20, 0x00	; 0
    18f0:	0e 94 11 08 	call	0x1022	; 0x1022 <MDIO_voidSetPinValue>
}
    18f4:	cf 91       	pop	r28
    18f6:	df 91       	pop	r29
    18f8:	08 95       	ret

000018fa <HMotor_voidCCW>:

void HMotor_voidCCW(void)
{
    18fa:	df 93       	push	r29
    18fc:	cf 93       	push	r28
    18fe:	cd b7       	in	r28, 0x3d	; 61
    1900:	de b7       	in	r29, 0x3e	; 62
    // Cooling Mode
    MDIO_voidSetPinValue(MOTOR_PORT, MOTOR_PIN_1, DIO_LOW);
    1902:	82 e0       	ldi	r24, 0x02	; 2
    1904:	60 e0       	ldi	r22, 0x00	; 0
    1906:	40 e0       	ldi	r20, 0x00	; 0
    1908:	0e 94 11 08 	call	0x1022	; 0x1022 <MDIO_voidSetPinValue>
    MDIO_voidSetPinValue(MOTOR_PORT, MOTOR_PIN_2, DIO_HIGH);
    190c:	82 e0       	ldi	r24, 0x02	; 2
    190e:	61 e0       	ldi	r22, 0x01	; 1
    1910:	41 e0       	ldi	r20, 0x01	; 1
    1912:	0e 94 11 08 	call	0x1022	; 0x1022 <MDIO_voidSetPinValue>
}
    1916:	cf 91       	pop	r28
    1918:	df 91       	pop	r29
    191a:	08 95       	ret

0000191c <HMotor_voidStop>:

void HMotor_voidStop(void)
{
    191c:	df 93       	push	r29
    191e:	cf 93       	push	r28
    1920:	cd b7       	in	r28, 0x3d	; 61
    1922:	de b7       	in	r29, 0x3e	; 62
    MDIO_voidSetPinValue(MOTOR_PORT, MOTOR_PIN_1, DIO_LOW);
    1924:	82 e0       	ldi	r24, 0x02	; 2
    1926:	60 e0       	ldi	r22, 0x00	; 0
    1928:	40 e0       	ldi	r20, 0x00	; 0
    192a:	0e 94 11 08 	call	0x1022	; 0x1022 <MDIO_voidSetPinValue>
    MDIO_voidSetPinValue(MOTOR_PORT, MOTOR_PIN_2, DIO_LOW);
    192e:	82 e0       	ldi	r24, 0x02	; 2
    1930:	61 e0       	ldi	r22, 0x01	; 1
    1932:	40 e0       	ldi	r20, 0x00	; 0
    1934:	0e 94 11 08 	call	0x1022	; 0x1022 <MDIO_voidSetPinValue>
}
    1938:	cf 91       	pop	r28
    193a:	df 91       	pop	r29
    193c:	08 95       	ret

0000193e <HLM35_voidInit>:
 */
#include "LM35.h"
#include "../../MCAL/ADC/ADC.h"

void HLM35_voidInit(void)
{
    193e:	df 93       	push	r29
    1940:	cf 93       	push	r28
    1942:	cd b7       	in	r28, 0x3d	; 61
    1944:	de b7       	in	r29, 0x3e	; 62
    MADC_voidInit(PRESCALLER_128, REF_AVCC);
    1946:	87 e0       	ldi	r24, 0x07	; 7
    1948:	61 e0       	ldi	r22, 0x01	; 1
    194a:	0e 94 6e 0a 	call	0x14dc	; 0x14dc <MADC_voidInit>
}
    194e:	cf 91       	pop	r28
    1950:	df 91       	pop	r29
    1952:	08 95       	ret

00001954 <HLM35_u8GetTemp>:

u8 HLM35_u8GetTemp(u8 A_u8ChannelNumber)
{
    1954:	ef 92       	push	r14
    1956:	ff 92       	push	r15
    1958:	0f 93       	push	r16
    195a:	1f 93       	push	r17
    195c:	df 93       	push	r29
    195e:	cf 93       	push	r28
    1960:	cd b7       	in	r28, 0x3d	; 61
    1962:	de b7       	in	r29, 0x3e	; 62
    1964:	2f 97       	sbiw	r28, 0x0f	; 15
    1966:	0f b6       	in	r0, 0x3f	; 63
    1968:	f8 94       	cli
    196a:	de bf       	out	0x3e, r29	; 62
    196c:	0f be       	out	0x3f, r0	; 63
    196e:	cd bf       	out	0x3d, r28	; 61
    1970:	8f 87       	std	Y+15, r24	; 0x0f
    u16 L_u16ADCResult = 0;
    1972:	1c 86       	std	Y+12, r1	; 0x0c
    1974:	1b 86       	std	Y+11, r1	; 0x0b
    u32 L_u32Sum = 0;
    1976:	1f 82       	std	Y+7, r1	; 0x07
    1978:	18 86       	std	Y+8, r1	; 0x08
    197a:	19 86       	std	Y+9, r1	; 0x09
    197c:	1a 86       	std	Y+10, r1	; 0x0a
    u8 L_u8Sample = 0;
    197e:	1e 82       	std	Y+6, r1	; 0x06
    u16 L_u16Max = 0;
    1980:	1d 82       	std	Y+5, r1	; 0x05
    1982:	1c 82       	std	Y+4, r1	; 0x04
    u16 L_u16Min = 1023;
    1984:	8f ef       	ldi	r24, 0xFF	; 255
    1986:	93 e0       	ldi	r25, 0x03	; 3
    1988:	9b 83       	std	Y+3, r25	; 0x03
    198a:	8a 83       	std	Y+2, r24	; 0x02

    // Take 7 samples and remove min/max (median filter)
    for(L_u8Sample = 0; L_u8Sample < 7; L_u8Sample++)
    198c:	1e 82       	std	Y+6, r1	; 0x06
    198e:	3e c0       	rjmp	.+124    	; 0x1a0c <HLM35_u8GetTemp+0xb8>
    {
        MADC_voidStartConversion(A_u8ChannelNumber);
    1990:	8f 85       	ldd	r24, Y+15	; 0x0f
    1992:	0e 94 b2 0a 	call	0x1564	; 0x1564 <MADC_voidStartConversion>
        L_u16ADCResult = MADC_u16ReadDataUsingPolling();
    1996:	0e 94 cb 0a 	call	0x1596	; 0x1596 <MADC_u16ReadDataUsingPolling>
    199a:	9c 87       	std	Y+12, r25	; 0x0c
    199c:	8b 87       	std	Y+11, r24	; 0x0b

        // Track min and max
        if(L_u16ADCResult > L_u16Max) L_u16Max = L_u16ADCResult;
    199e:	2b 85       	ldd	r18, Y+11	; 0x0b
    19a0:	3c 85       	ldd	r19, Y+12	; 0x0c
    19a2:	8c 81       	ldd	r24, Y+4	; 0x04
    19a4:	9d 81       	ldd	r25, Y+5	; 0x05
    19a6:	82 17       	cp	r24, r18
    19a8:	93 07       	cpc	r25, r19
    19aa:	20 f4       	brcc	.+8      	; 0x19b4 <HLM35_u8GetTemp+0x60>
    19ac:	8b 85       	ldd	r24, Y+11	; 0x0b
    19ae:	9c 85       	ldd	r25, Y+12	; 0x0c
    19b0:	9d 83       	std	Y+5, r25	; 0x05
    19b2:	8c 83       	std	Y+4, r24	; 0x04
        if(L_u16ADCResult < L_u16Min) L_u16Min = L_u16ADCResult;
    19b4:	2b 85       	ldd	r18, Y+11	; 0x0b
    19b6:	3c 85       	ldd	r19, Y+12	; 0x0c
    19b8:	8a 81       	ldd	r24, Y+2	; 0x02
    19ba:	9b 81       	ldd	r25, Y+3	; 0x03
    19bc:	28 17       	cp	r18, r24
    19be:	39 07       	cpc	r19, r25
    19c0:	20 f4       	brcc	.+8      	; 0x19ca <HLM35_u8GetTemp+0x76>
    19c2:	8b 85       	ldd	r24, Y+11	; 0x0b
    19c4:	9c 85       	ldd	r25, Y+12	; 0x0c
    19c6:	9b 83       	std	Y+3, r25	; 0x03
    19c8:	8a 83       	std	Y+2, r24	; 0x02

        L_u32Sum += L_u16ADCResult;
    19ca:	8b 85       	ldd	r24, Y+11	; 0x0b
    19cc:	9c 85       	ldd	r25, Y+12	; 0x0c
    19ce:	9c 01       	movw	r18, r24
    19d0:	40 e0       	ldi	r20, 0x00	; 0
    19d2:	50 e0       	ldi	r21, 0x00	; 0
    19d4:	8f 81       	ldd	r24, Y+7	; 0x07
    19d6:	98 85       	ldd	r25, Y+8	; 0x08
    19d8:	a9 85       	ldd	r26, Y+9	; 0x09
    19da:	ba 85       	ldd	r27, Y+10	; 0x0a
    19dc:	82 0f       	add	r24, r18
    19de:	93 1f       	adc	r25, r19
    19e0:	a4 1f       	adc	r26, r20
    19e2:	b5 1f       	adc	r27, r21
    19e4:	8f 83       	std	Y+7, r24	; 0x07
    19e6:	98 87       	std	Y+8, r25	; 0x08
    19e8:	a9 87       	std	Y+9, r26	; 0x09
    19ea:	ba 87       	std	Y+10, r27	; 0x0a

        // Small delay between samples
        for(volatile u16 i = 0; i < 100; i++);
    19ec:	1e 86       	std	Y+14, r1	; 0x0e
    19ee:	1d 86       	std	Y+13, r1	; 0x0d
    19f0:	05 c0       	rjmp	.+10     	; 0x19fc <HLM35_u8GetTemp+0xa8>
    19f2:	8d 85       	ldd	r24, Y+13	; 0x0d
    19f4:	9e 85       	ldd	r25, Y+14	; 0x0e
    19f6:	01 96       	adiw	r24, 0x01	; 1
    19f8:	9e 87       	std	Y+14, r25	; 0x0e
    19fa:	8d 87       	std	Y+13, r24	; 0x0d
    19fc:	8d 85       	ldd	r24, Y+13	; 0x0d
    19fe:	9e 85       	ldd	r25, Y+14	; 0x0e
    1a00:	84 36       	cpi	r24, 0x64	; 100
    1a02:	91 05       	cpc	r25, r1
    1a04:	b0 f3       	brcs	.-20     	; 0x19f2 <HLM35_u8GetTemp+0x9e>
    u8 L_u8Sample = 0;
    u16 L_u16Max = 0;
    u16 L_u16Min = 1023;

    // Take 7 samples and remove min/max (median filter)
    for(L_u8Sample = 0; L_u8Sample < 7; L_u8Sample++)
    1a06:	8e 81       	ldd	r24, Y+6	; 0x06
    1a08:	8f 5f       	subi	r24, 0xFF	; 255
    1a0a:	8e 83       	std	Y+6, r24	; 0x06
    1a0c:	8e 81       	ldd	r24, Y+6	; 0x06
    1a0e:	87 30       	cpi	r24, 0x07	; 7
    1a10:	08 f4       	brcc	.+2      	; 0x1a14 <HLM35_u8GetTemp+0xc0>
    1a12:	be cf       	rjmp	.-132    	; 0x1990 <HLM35_u8GetTemp+0x3c>
        // Small delay between samples
        for(volatile u16 i = 0; i < 100; i++);
    }

    // Remove min and max from sum
    L_u32Sum = L_u32Sum - L_u16Max - L_u16Min;
    1a14:	8c 81       	ldd	r24, Y+4	; 0x04
    1a16:	9d 81       	ldd	r25, Y+5	; 0x05
    1a18:	9c 01       	movw	r18, r24
    1a1a:	40 e0       	ldi	r20, 0x00	; 0
    1a1c:	50 e0       	ldi	r21, 0x00	; 0
    1a1e:	8f 81       	ldd	r24, Y+7	; 0x07
    1a20:	98 85       	ldd	r25, Y+8	; 0x08
    1a22:	a9 85       	ldd	r26, Y+9	; 0x09
    1a24:	ba 85       	ldd	r27, Y+10	; 0x0a
    1a26:	7c 01       	movw	r14, r24
    1a28:	8d 01       	movw	r16, r26
    1a2a:	e2 1a       	sub	r14, r18
    1a2c:	f3 0a       	sbc	r15, r19
    1a2e:	04 0b       	sbc	r16, r20
    1a30:	15 0b       	sbc	r17, r21
    1a32:	a8 01       	movw	r20, r16
    1a34:	97 01       	movw	r18, r14
    1a36:	8a 81       	ldd	r24, Y+2	; 0x02
    1a38:	9b 81       	ldd	r25, Y+3	; 0x03
    1a3a:	cc 01       	movw	r24, r24
    1a3c:	a0 e0       	ldi	r26, 0x00	; 0
    1a3e:	b0 e0       	ldi	r27, 0x00	; 0
    1a40:	79 01       	movw	r14, r18
    1a42:	8a 01       	movw	r16, r20
    1a44:	e8 1a       	sub	r14, r24
    1a46:	f9 0a       	sbc	r15, r25
    1a48:	0a 0b       	sbc	r16, r26
    1a4a:	1b 0b       	sbc	r17, r27
    1a4c:	d8 01       	movw	r26, r16
    1a4e:	c7 01       	movw	r24, r14
    1a50:	8f 83       	std	Y+7, r24	; 0x07
    1a52:	98 87       	std	Y+8, r25	; 0x08
    1a54:	a9 87       	std	Y+9, r26	; 0x09
    1a56:	ba 87       	std	Y+10, r27	; 0x0a

    // Calculate average (5 samples remaining)
    L_u16ADCResult = (u16)(L_u32Sum / 5);
    1a58:	8f 81       	ldd	r24, Y+7	; 0x07
    1a5a:	98 85       	ldd	r25, Y+8	; 0x08
    1a5c:	a9 85       	ldd	r26, Y+9	; 0x09
    1a5e:	ba 85       	ldd	r27, Y+10	; 0x0a
    1a60:	25 e0       	ldi	r18, 0x05	; 5
    1a62:	30 e0       	ldi	r19, 0x00	; 0
    1a64:	40 e0       	ldi	r20, 0x00	; 0
    1a66:	50 e0       	ldi	r21, 0x00	; 0
    1a68:	bc 01       	movw	r22, r24
    1a6a:	cd 01       	movw	r24, r26
    1a6c:	0e 94 c0 19 	call	0x3380	; 0x3380 <__udivmodsi4>
    1a70:	da 01       	movw	r26, r20
    1a72:	c9 01       	movw	r24, r18
    1a74:	9c 87       	std	Y+12, r25	; 0x0c
    1a76:	8b 87       	std	Y+11, r24	; 0x0b

    // Convert to temperature (0-500 = 0-50�C)
    u8 L_u8TempC = (u8)(((u32)L_u16ADCResult * 500) / 1024);
    1a78:	8b 85       	ldd	r24, Y+11	; 0x0b
    1a7a:	9c 85       	ldd	r25, Y+12	; 0x0c
    1a7c:	cc 01       	movw	r24, r24
    1a7e:	a0 e0       	ldi	r26, 0x00	; 0
    1a80:	b0 e0       	ldi	r27, 0x00	; 0
    1a82:	24 ef       	ldi	r18, 0xF4	; 244
    1a84:	31 e0       	ldi	r19, 0x01	; 1
    1a86:	40 e0       	ldi	r20, 0x00	; 0
    1a88:	50 e0       	ldi	r21, 0x00	; 0
    1a8a:	bc 01       	movw	r22, r24
    1a8c:	cd 01       	movw	r24, r26
    1a8e:	0e 94 95 19 	call	0x332a	; 0x332a <__mulsi3>
    1a92:	dc 01       	movw	r26, r24
    1a94:	cb 01       	movw	r24, r22
    1a96:	07 2e       	mov	r0, r23
    1a98:	7a e0       	ldi	r23, 0x0A	; 10
    1a9a:	b6 95       	lsr	r27
    1a9c:	a7 95       	ror	r26
    1a9e:	97 95       	ror	r25
    1aa0:	87 95       	ror	r24
    1aa2:	7a 95       	dec	r23
    1aa4:	d1 f7       	brne	.-12     	; 0x1a9a <HLM35_u8GetTemp+0x146>
    1aa6:	70 2d       	mov	r23, r0
    1aa8:	89 83       	std	Y+1, r24	; 0x01

    return L_u8TempC;
    1aaa:	89 81       	ldd	r24, Y+1	; 0x01
}
    1aac:	2f 96       	adiw	r28, 0x0f	; 15
    1aae:	0f b6       	in	r0, 0x3f	; 63
    1ab0:	f8 94       	cli
    1ab2:	de bf       	out	0x3e, r29	; 62
    1ab4:	0f be       	out	0x3f, r0	; 63
    1ab6:	cd bf       	out	0x3d, r28	; 61
    1ab8:	cf 91       	pop	r28
    1aba:	df 91       	pop	r29
    1abc:	1f 91       	pop	r17
    1abe:	0f 91       	pop	r16
    1ac0:	ff 90       	pop	r15
    1ac2:	ef 90       	pop	r14
    1ac4:	08 95       	ret

00001ac6 <HLED_InitLed>:
#include"../../MCAL/DIO/DIO.h"
#include"LED.h"


void HLED_InitLed    (u8 A_u8LedName)
{
    1ac6:	df 93       	push	r29
    1ac8:	cf 93       	push	r28
    1aca:	00 d0       	rcall	.+0      	; 0x1acc <HLED_InitLed+0x6>
    1acc:	0f 92       	push	r0
    1ace:	cd b7       	in	r28, 0x3d	; 61
    1ad0:	de b7       	in	r29, 0x3e	; 62
    1ad2:	89 83       	std	Y+1, r24	; 0x01
	switch(A_u8LedName)
    1ad4:	89 81       	ldd	r24, Y+1	; 0x01
    1ad6:	28 2f       	mov	r18, r24
    1ad8:	30 e0       	ldi	r19, 0x00	; 0
    1ada:	3b 83       	std	Y+3, r19	; 0x03
    1adc:	2a 83       	std	Y+2, r18	; 0x02
    1ade:	8a 81       	ldd	r24, Y+2	; 0x02
    1ae0:	9b 81       	ldd	r25, Y+3	; 0x03
    1ae2:	81 30       	cpi	r24, 0x01	; 1
    1ae4:	91 05       	cpc	r25, r1
    1ae6:	01 f1       	breq	.+64     	; 0x1b28 <HLED_InitLed+0x62>
    1ae8:	2a 81       	ldd	r18, Y+2	; 0x02
    1aea:	3b 81       	ldd	r19, Y+3	; 0x03
    1aec:	22 30       	cpi	r18, 0x02	; 2
    1aee:	31 05       	cpc	r19, r1
    1af0:	2c f4       	brge	.+10     	; 0x1afc <HLED_InitLed+0x36>
    1af2:	8a 81       	ldd	r24, Y+2	; 0x02
    1af4:	9b 81       	ldd	r25, Y+3	; 0x03
    1af6:	00 97       	sbiw	r24, 0x00	; 0
    1af8:	e9 f0       	breq	.+58     	; 0x1b34 <HLED_InitLed+0x6e>
    1afa:	21 c0       	rjmp	.+66     	; 0x1b3e <HLED_InitLed+0x78>
    1afc:	2a 81       	ldd	r18, Y+2	; 0x02
    1afe:	3b 81       	ldd	r19, Y+3	; 0x03
    1b00:	22 30       	cpi	r18, 0x02	; 2
    1b02:	31 05       	cpc	r19, r1
    1b04:	59 f0       	breq	.+22     	; 0x1b1c <HLED_InitLed+0x56>
    1b06:	8a 81       	ldd	r24, Y+2	; 0x02
    1b08:	9b 81       	ldd	r25, Y+3	; 0x03
    1b0a:	83 30       	cpi	r24, 0x03	; 3
    1b0c:	91 05       	cpc	r25, r1
    1b0e:	b9 f4       	brne	.+46     	; 0x1b3e <HLED_InitLed+0x78>
	{
	case RED_LED :
		MDIO_voidInitPin (RED_PORT , RED_PIN , DIO_OUTPUT);
    1b10:	81 e0       	ldi	r24, 0x01	; 1
    1b12:	67 e0       	ldi	r22, 0x07	; 7
    1b14:	41 e0       	ldi	r20, 0x01	; 1
    1b16:	0e 94 38 07 	call	0xe70	; 0xe70 <MDIO_voidInitPin>
    1b1a:	11 c0       	rjmp	.+34     	; 0x1b3e <HLED_InitLed+0x78>
		break;
	case BLUE_LED :
		MDIO_voidInitPin (BLUE_PORT , BLUE_PIN , DIO_OUTPUT);
    1b1c:	80 e0       	ldi	r24, 0x00	; 0
    1b1e:	65 e0       	ldi	r22, 0x05	; 5
    1b20:	41 e0       	ldi	r20, 0x01	; 1
    1b22:	0e 94 38 07 	call	0xe70	; 0xe70 <MDIO_voidInitPin>
    1b26:	0b c0       	rjmp	.+22     	; 0x1b3e <HLED_InitLed+0x78>
		break;
	case YELLO_LED :
		MDIO_voidInitPin (YELLO_PORT , YELLO_PIN , DIO_OUTPUT);
    1b28:	80 e0       	ldi	r24, 0x00	; 0
    1b2a:	66 e0       	ldi	r22, 0x06	; 6
    1b2c:	41 e0       	ldi	r20, 0x01	; 1
    1b2e:	0e 94 38 07 	call	0xe70	; 0xe70 <MDIO_voidInitPin>
    1b32:	05 c0       	rjmp	.+10     	; 0x1b3e <HLED_InitLed+0x78>
		break;
	case GREEN_LED :
		MDIO_voidInitPin (GREEN_PORT , GREEN_PIN , DIO_OUTPUT);
    1b34:	80 e0       	ldi	r24, 0x00	; 0
    1b36:	64 e0       	ldi	r22, 0x04	; 4
    1b38:	41 e0       	ldi	r20, 0x01	; 1
    1b3a:	0e 94 38 07 	call	0xe70	; 0xe70 <MDIO_voidInitPin>
		break;
	}
}
    1b3e:	0f 90       	pop	r0
    1b40:	0f 90       	pop	r0
    1b42:	0f 90       	pop	r0
    1b44:	cf 91       	pop	r28
    1b46:	df 91       	pop	r29
    1b48:	08 95       	ret

00001b4a <HLED_TurnOnLed>:
void HLED_TurnOnLed  (u8 A_u8LedName)
{
    1b4a:	df 93       	push	r29
    1b4c:	cf 93       	push	r28
    1b4e:	00 d0       	rcall	.+0      	; 0x1b50 <HLED_TurnOnLed+0x6>
    1b50:	0f 92       	push	r0
    1b52:	cd b7       	in	r28, 0x3d	; 61
    1b54:	de b7       	in	r29, 0x3e	; 62
    1b56:	89 83       	std	Y+1, r24	; 0x01
	switch(A_u8LedName)
    1b58:	89 81       	ldd	r24, Y+1	; 0x01
    1b5a:	28 2f       	mov	r18, r24
    1b5c:	30 e0       	ldi	r19, 0x00	; 0
    1b5e:	3b 83       	std	Y+3, r19	; 0x03
    1b60:	2a 83       	std	Y+2, r18	; 0x02
    1b62:	8a 81       	ldd	r24, Y+2	; 0x02
    1b64:	9b 81       	ldd	r25, Y+3	; 0x03
    1b66:	81 30       	cpi	r24, 0x01	; 1
    1b68:	91 05       	cpc	r25, r1
    1b6a:	01 f1       	breq	.+64     	; 0x1bac <HLED_TurnOnLed+0x62>
    1b6c:	2a 81       	ldd	r18, Y+2	; 0x02
    1b6e:	3b 81       	ldd	r19, Y+3	; 0x03
    1b70:	22 30       	cpi	r18, 0x02	; 2
    1b72:	31 05       	cpc	r19, r1
    1b74:	2c f4       	brge	.+10     	; 0x1b80 <HLED_TurnOnLed+0x36>
    1b76:	8a 81       	ldd	r24, Y+2	; 0x02
    1b78:	9b 81       	ldd	r25, Y+3	; 0x03
    1b7a:	00 97       	sbiw	r24, 0x00	; 0
    1b7c:	e9 f0       	breq	.+58     	; 0x1bb8 <HLED_TurnOnLed+0x6e>
    1b7e:	21 c0       	rjmp	.+66     	; 0x1bc2 <HLED_TurnOnLed+0x78>
    1b80:	2a 81       	ldd	r18, Y+2	; 0x02
    1b82:	3b 81       	ldd	r19, Y+3	; 0x03
    1b84:	22 30       	cpi	r18, 0x02	; 2
    1b86:	31 05       	cpc	r19, r1
    1b88:	59 f0       	breq	.+22     	; 0x1ba0 <HLED_TurnOnLed+0x56>
    1b8a:	8a 81       	ldd	r24, Y+2	; 0x02
    1b8c:	9b 81       	ldd	r25, Y+3	; 0x03
    1b8e:	83 30       	cpi	r24, 0x03	; 3
    1b90:	91 05       	cpc	r25, r1
    1b92:	b9 f4       	brne	.+46     	; 0x1bc2 <HLED_TurnOnLed+0x78>
	{
	case RED_LED :
		MDIO_voidSetPinValue  (RED_PORT , RED_PIN , DIO_HIGH);
    1b94:	81 e0       	ldi	r24, 0x01	; 1
    1b96:	67 e0       	ldi	r22, 0x07	; 7
    1b98:	41 e0       	ldi	r20, 0x01	; 1
    1b9a:	0e 94 11 08 	call	0x1022	; 0x1022 <MDIO_voidSetPinValue>
    1b9e:	11 c0       	rjmp	.+34     	; 0x1bc2 <HLED_TurnOnLed+0x78>
		break;
	case BLUE_LED :
		MDIO_voidSetPinValue   (BLUE_PORT , BLUE_PIN , DIO_HIGH);
    1ba0:	80 e0       	ldi	r24, 0x00	; 0
    1ba2:	65 e0       	ldi	r22, 0x05	; 5
    1ba4:	41 e0       	ldi	r20, 0x01	; 1
    1ba6:	0e 94 11 08 	call	0x1022	; 0x1022 <MDIO_voidSetPinValue>
    1baa:	0b c0       	rjmp	.+22     	; 0x1bc2 <HLED_TurnOnLed+0x78>
		break;
	case YELLO_LED :
		MDIO_voidSetPinValue   (YELLO_PORT , YELLO_PIN , DIO_HIGH);
    1bac:	80 e0       	ldi	r24, 0x00	; 0
    1bae:	66 e0       	ldi	r22, 0x06	; 6
    1bb0:	41 e0       	ldi	r20, 0x01	; 1
    1bb2:	0e 94 11 08 	call	0x1022	; 0x1022 <MDIO_voidSetPinValue>
    1bb6:	05 c0       	rjmp	.+10     	; 0x1bc2 <HLED_TurnOnLed+0x78>
		break;
	case GREEN_LED :
		MDIO_voidSetPinValue   (GREEN_PORT , GREEN_PIN , DIO_HIGH);
    1bb8:	80 e0       	ldi	r24, 0x00	; 0
    1bba:	64 e0       	ldi	r22, 0x04	; 4
    1bbc:	41 e0       	ldi	r20, 0x01	; 1
    1bbe:	0e 94 11 08 	call	0x1022	; 0x1022 <MDIO_voidSetPinValue>
		break;
	}
}
    1bc2:	0f 90       	pop	r0
    1bc4:	0f 90       	pop	r0
    1bc6:	0f 90       	pop	r0
    1bc8:	cf 91       	pop	r28
    1bca:	df 91       	pop	r29
    1bcc:	08 95       	ret

00001bce <HLED_TurnOffLed>:
void HLED_TurnOffLed (u8 A_u8LedName)
{
    1bce:	df 93       	push	r29
    1bd0:	cf 93       	push	r28
    1bd2:	00 d0       	rcall	.+0      	; 0x1bd4 <HLED_TurnOffLed+0x6>
    1bd4:	0f 92       	push	r0
    1bd6:	cd b7       	in	r28, 0x3d	; 61
    1bd8:	de b7       	in	r29, 0x3e	; 62
    1bda:	89 83       	std	Y+1, r24	; 0x01
	switch(A_u8LedName)
    1bdc:	89 81       	ldd	r24, Y+1	; 0x01
    1bde:	28 2f       	mov	r18, r24
    1be0:	30 e0       	ldi	r19, 0x00	; 0
    1be2:	3b 83       	std	Y+3, r19	; 0x03
    1be4:	2a 83       	std	Y+2, r18	; 0x02
    1be6:	8a 81       	ldd	r24, Y+2	; 0x02
    1be8:	9b 81       	ldd	r25, Y+3	; 0x03
    1bea:	81 30       	cpi	r24, 0x01	; 1
    1bec:	91 05       	cpc	r25, r1
    1bee:	01 f1       	breq	.+64     	; 0x1c30 <HLED_TurnOffLed+0x62>
    1bf0:	2a 81       	ldd	r18, Y+2	; 0x02
    1bf2:	3b 81       	ldd	r19, Y+3	; 0x03
    1bf4:	22 30       	cpi	r18, 0x02	; 2
    1bf6:	31 05       	cpc	r19, r1
    1bf8:	2c f4       	brge	.+10     	; 0x1c04 <HLED_TurnOffLed+0x36>
    1bfa:	8a 81       	ldd	r24, Y+2	; 0x02
    1bfc:	9b 81       	ldd	r25, Y+3	; 0x03
    1bfe:	00 97       	sbiw	r24, 0x00	; 0
    1c00:	e9 f0       	breq	.+58     	; 0x1c3c <HLED_TurnOffLed+0x6e>
    1c02:	21 c0       	rjmp	.+66     	; 0x1c46 <HLED_TurnOffLed+0x78>
    1c04:	2a 81       	ldd	r18, Y+2	; 0x02
    1c06:	3b 81       	ldd	r19, Y+3	; 0x03
    1c08:	22 30       	cpi	r18, 0x02	; 2
    1c0a:	31 05       	cpc	r19, r1
    1c0c:	59 f0       	breq	.+22     	; 0x1c24 <HLED_TurnOffLed+0x56>
    1c0e:	8a 81       	ldd	r24, Y+2	; 0x02
    1c10:	9b 81       	ldd	r25, Y+3	; 0x03
    1c12:	83 30       	cpi	r24, 0x03	; 3
    1c14:	91 05       	cpc	r25, r1
    1c16:	b9 f4       	brne	.+46     	; 0x1c46 <HLED_TurnOffLed+0x78>
	{
	case RED_LED :
		MDIO_voidSetPinValue   (RED_PORT , RED_PIN , DIO_LOW);
    1c18:	81 e0       	ldi	r24, 0x01	; 1
    1c1a:	67 e0       	ldi	r22, 0x07	; 7
    1c1c:	40 e0       	ldi	r20, 0x00	; 0
    1c1e:	0e 94 11 08 	call	0x1022	; 0x1022 <MDIO_voidSetPinValue>
    1c22:	11 c0       	rjmp	.+34     	; 0x1c46 <HLED_TurnOffLed+0x78>
		break;
	case BLUE_LED :
		MDIO_voidSetPinValue   (BLUE_PORT , BLUE_PIN , DIO_LOW);
    1c24:	80 e0       	ldi	r24, 0x00	; 0
    1c26:	65 e0       	ldi	r22, 0x05	; 5
    1c28:	40 e0       	ldi	r20, 0x00	; 0
    1c2a:	0e 94 11 08 	call	0x1022	; 0x1022 <MDIO_voidSetPinValue>
    1c2e:	0b c0       	rjmp	.+22     	; 0x1c46 <HLED_TurnOffLed+0x78>
		break;
	case YELLO_LED :
		MDIO_voidSetPinValue   (YELLO_PORT , YELLO_PIN , DIO_LOW);
    1c30:	80 e0       	ldi	r24, 0x00	; 0
    1c32:	66 e0       	ldi	r22, 0x06	; 6
    1c34:	40 e0       	ldi	r20, 0x00	; 0
    1c36:	0e 94 11 08 	call	0x1022	; 0x1022 <MDIO_voidSetPinValue>
    1c3a:	05 c0       	rjmp	.+10     	; 0x1c46 <HLED_TurnOffLed+0x78>
		break;
	case GREEN_LED :
		MDIO_voidSetPinValue   (GREEN_PORT , GREEN_PIN , DIO_LOW);
    1c3c:	80 e0       	ldi	r24, 0x00	; 0
    1c3e:	64 e0       	ldi	r22, 0x04	; 4
    1c40:	40 e0       	ldi	r20, 0x00	; 0
    1c42:	0e 94 11 08 	call	0x1022	; 0x1022 <MDIO_voidSetPinValue>
		break;
	}
}
    1c46:	0f 90       	pop	r0
    1c48:	0f 90       	pop	r0
    1c4a:	0f 90       	pop	r0
    1c4c:	cf 91       	pop	r28
    1c4e:	df 91       	pop	r29
    1c50:	08 95       	ret

00001c52 <HLED_TogLed>:
void HLED_TogLed     (u8 A_u8LedName)
{
    1c52:	df 93       	push	r29
    1c54:	cf 93       	push	r28
    1c56:	00 d0       	rcall	.+0      	; 0x1c58 <HLED_TogLed+0x6>
    1c58:	0f 92       	push	r0
    1c5a:	cd b7       	in	r28, 0x3d	; 61
    1c5c:	de b7       	in	r29, 0x3e	; 62
    1c5e:	89 83       	std	Y+1, r24	; 0x01
	switch(A_u8LedName)
    1c60:	89 81       	ldd	r24, Y+1	; 0x01
    1c62:	28 2f       	mov	r18, r24
    1c64:	30 e0       	ldi	r19, 0x00	; 0
    1c66:	3b 83       	std	Y+3, r19	; 0x03
    1c68:	2a 83       	std	Y+2, r18	; 0x02
    1c6a:	8a 81       	ldd	r24, Y+2	; 0x02
    1c6c:	9b 81       	ldd	r25, Y+3	; 0x03
    1c6e:	81 30       	cpi	r24, 0x01	; 1
    1c70:	91 05       	cpc	r25, r1
    1c72:	f1 f0       	breq	.+60     	; 0x1cb0 <HLED_TogLed+0x5e>
    1c74:	2a 81       	ldd	r18, Y+2	; 0x02
    1c76:	3b 81       	ldd	r19, Y+3	; 0x03
    1c78:	22 30       	cpi	r18, 0x02	; 2
    1c7a:	31 05       	cpc	r19, r1
    1c7c:	2c f4       	brge	.+10     	; 0x1c88 <HLED_TogLed+0x36>
    1c7e:	8a 81       	ldd	r24, Y+2	; 0x02
    1c80:	9b 81       	ldd	r25, Y+3	; 0x03
    1c82:	00 97       	sbiw	r24, 0x00	; 0
    1c84:	d1 f0       	breq	.+52     	; 0x1cba <HLED_TogLed+0x68>
    1c86:	1d c0       	rjmp	.+58     	; 0x1cc2 <HLED_TogLed+0x70>
    1c88:	2a 81       	ldd	r18, Y+2	; 0x02
    1c8a:	3b 81       	ldd	r19, Y+3	; 0x03
    1c8c:	22 30       	cpi	r18, 0x02	; 2
    1c8e:	31 05       	cpc	r19, r1
    1c90:	51 f0       	breq	.+20     	; 0x1ca6 <HLED_TogLed+0x54>
    1c92:	8a 81       	ldd	r24, Y+2	; 0x02
    1c94:	9b 81       	ldd	r25, Y+3	; 0x03
    1c96:	83 30       	cpi	r24, 0x03	; 3
    1c98:	91 05       	cpc	r25, r1
    1c9a:	99 f4       	brne	.+38     	; 0x1cc2 <HLED_TogLed+0x70>
	{
	case RED_LED :
		MDIO_voidTogPinValue   (RED_PORT , RED_PIN);
    1c9c:	81 e0       	ldi	r24, 0x01	; 1
    1c9e:	67 e0       	ldi	r22, 0x07	; 7
    1ca0:	0e 94 ea 08 	call	0x11d4	; 0x11d4 <MDIO_voidTogPinValue>
    1ca4:	0e c0       	rjmp	.+28     	; 0x1cc2 <HLED_TogLed+0x70>
		break;
	case BLUE_LED :
		MDIO_voidTogPinValue   (BLUE_PORT , BLUE_PIN);
    1ca6:	80 e0       	ldi	r24, 0x00	; 0
    1ca8:	65 e0       	ldi	r22, 0x05	; 5
    1caa:	0e 94 ea 08 	call	0x11d4	; 0x11d4 <MDIO_voidTogPinValue>
    1cae:	09 c0       	rjmp	.+18     	; 0x1cc2 <HLED_TogLed+0x70>
		break;
	case YELLO_LED :
		MDIO_voidTogPinValue   (YELLO_PORT , YELLO_PIN);
    1cb0:	80 e0       	ldi	r24, 0x00	; 0
    1cb2:	66 e0       	ldi	r22, 0x06	; 6
    1cb4:	0e 94 ea 08 	call	0x11d4	; 0x11d4 <MDIO_voidTogPinValue>
    1cb8:	04 c0       	rjmp	.+8      	; 0x1cc2 <HLED_TogLed+0x70>
		break;
	case GREEN_LED :
		MDIO_voidTogPinValue   (GREEN_PORT , GREEN_PIN);
    1cba:	80 e0       	ldi	r24, 0x00	; 0
    1cbc:	64 e0       	ldi	r22, 0x04	; 4
    1cbe:	0e 94 ea 08 	call	0x11d4	; 0x11d4 <MDIO_voidTogPinValue>
		break;
	}
}
    1cc2:	0f 90       	pop	r0
    1cc4:	0f 90       	pop	r0
    1cc6:	0f 90       	pop	r0
    1cc8:	cf 91       	pop	r28
    1cca:	df 91       	pop	r29
    1ccc:	08 95       	ret

00001cce <HLCD_voidInit>:

#include "LCD.h"
#include <util/delay.h>

void HLCD_voidInit      (void)
{
    1cce:	0f 93       	push	r16
    1cd0:	1f 93       	push	r17
    1cd2:	df 93       	push	r29
    1cd4:	cf 93       	push	r28
    1cd6:	cd b7       	in	r28, 0x3d	; 61
    1cd8:	de b7       	in	r29, 0x3e	; 62
    1cda:	c4 55       	subi	r28, 0x54	; 84
    1cdc:	d0 40       	sbci	r29, 0x00	; 0
    1cde:	0f b6       	in	r0, 0x3f	; 63
    1ce0:	f8 94       	cli
    1ce2:	de bf       	out	0x3e, r29	; 62
    1ce4:	0f be       	out	0x3f, r0	; 63
    1ce6:	cd bf       	out	0x3d, r28	; 61
    1ce8:	fe 01       	movw	r30, r28
    1cea:	ef 5a       	subi	r30, 0xAF	; 175
    1cec:	ff 4f       	sbci	r31, 0xFF	; 255
    1cee:	80 e0       	ldi	r24, 0x00	; 0
    1cf0:	90 e0       	ldi	r25, 0x00	; 0
    1cf2:	a8 e4       	ldi	r26, 0x48	; 72
    1cf4:	b2 e4       	ldi	r27, 0x42	; 66
    1cf6:	80 83       	st	Z, r24
    1cf8:	91 83       	std	Z+1, r25	; 0x01
    1cfa:	a2 83       	std	Z+2, r26	; 0x02
    1cfc:	b3 83       	std	Z+3, r27	; 0x03
 */
void
_delay_ms(double __ms)
{
	uint16_t __ticks;
	double __tmp = ((F_CPU) / 4e3) * __ms;
    1cfe:	8e 01       	movw	r16, r28
    1d00:	03 5b       	subi	r16, 0xB3	; 179
    1d02:	1f 4f       	sbci	r17, 0xFF	; 255
    1d04:	fe 01       	movw	r30, r28
    1d06:	ef 5a       	subi	r30, 0xAF	; 175
    1d08:	ff 4f       	sbci	r31, 0xFF	; 255
    1d0a:	60 81       	ld	r22, Z
    1d0c:	71 81       	ldd	r23, Z+1	; 0x01
    1d0e:	82 81       	ldd	r24, Z+2	; 0x02
    1d10:	93 81       	ldd	r25, Z+3	; 0x03
    1d12:	20 e0       	ldi	r18, 0x00	; 0
    1d14:	30 e0       	ldi	r19, 0x00	; 0
    1d16:	4a ef       	ldi	r20, 0xFA	; 250
    1d18:	54 e4       	ldi	r21, 0x44	; 68
    1d1a:	0e 94 1f 02 	call	0x43e	; 0x43e <__mulsf3>
    1d1e:	dc 01       	movw	r26, r24
    1d20:	cb 01       	movw	r24, r22
    1d22:	f8 01       	movw	r30, r16
    1d24:	80 83       	st	Z, r24
    1d26:	91 83       	std	Z+1, r25	; 0x01
    1d28:	a2 83       	std	Z+2, r26	; 0x02
    1d2a:	b3 83       	std	Z+3, r27	; 0x03
	if (__tmp < 1.0)
    1d2c:	fe 01       	movw	r30, r28
    1d2e:	e3 5b       	subi	r30, 0xB3	; 179
    1d30:	ff 4f       	sbci	r31, 0xFF	; 255
    1d32:	60 81       	ld	r22, Z
    1d34:	71 81       	ldd	r23, Z+1	; 0x01
    1d36:	82 81       	ldd	r24, Z+2	; 0x02
    1d38:	93 81       	ldd	r25, Z+3	; 0x03
    1d3a:	20 e0       	ldi	r18, 0x00	; 0
    1d3c:	30 e0       	ldi	r19, 0x00	; 0
    1d3e:	40 e8       	ldi	r20, 0x80	; 128
    1d40:	5f e3       	ldi	r21, 0x3F	; 63
    1d42:	0e 94 79 03 	call	0x6f2	; 0x6f2 <__ltsf2>
    1d46:	88 23       	and	r24, r24
    1d48:	44 f4       	brge	.+16     	; 0x1d5a <HLCD_voidInit+0x8c>
		__ticks = 1;
    1d4a:	fe 01       	movw	r30, r28
    1d4c:	e5 5b       	subi	r30, 0xB5	; 181
    1d4e:	ff 4f       	sbci	r31, 0xFF	; 255
    1d50:	81 e0       	ldi	r24, 0x01	; 1
    1d52:	90 e0       	ldi	r25, 0x00	; 0
    1d54:	91 83       	std	Z+1, r25	; 0x01
    1d56:	80 83       	st	Z, r24
    1d58:	64 c0       	rjmp	.+200    	; 0x1e22 <HLCD_voidInit+0x154>
	else if (__tmp > 65535)
    1d5a:	fe 01       	movw	r30, r28
    1d5c:	e3 5b       	subi	r30, 0xB3	; 179
    1d5e:	ff 4f       	sbci	r31, 0xFF	; 255
    1d60:	60 81       	ld	r22, Z
    1d62:	71 81       	ldd	r23, Z+1	; 0x01
    1d64:	82 81       	ldd	r24, Z+2	; 0x02
    1d66:	93 81       	ldd	r25, Z+3	; 0x03
    1d68:	20 e0       	ldi	r18, 0x00	; 0
    1d6a:	3f ef       	ldi	r19, 0xFF	; 255
    1d6c:	4f e7       	ldi	r20, 0x7F	; 127
    1d6e:	57 e4       	ldi	r21, 0x47	; 71
    1d70:	0e 94 19 03 	call	0x632	; 0x632 <__gtsf2>
    1d74:	18 16       	cp	r1, r24
    1d76:	0c f0       	brlt	.+2      	; 0x1d7a <HLCD_voidInit+0xac>
    1d78:	43 c0       	rjmp	.+134    	; 0x1e00 <HLCD_voidInit+0x132>
	{
		//	__ticks = requested delay in 1/10 ms
		__ticks = (uint16_t) (__ms * 10.0);
    1d7a:	fe 01       	movw	r30, r28
    1d7c:	ef 5a       	subi	r30, 0xAF	; 175
    1d7e:	ff 4f       	sbci	r31, 0xFF	; 255
    1d80:	60 81       	ld	r22, Z
    1d82:	71 81       	ldd	r23, Z+1	; 0x01
    1d84:	82 81       	ldd	r24, Z+2	; 0x02
    1d86:	93 81       	ldd	r25, Z+3	; 0x03
    1d88:	20 e0       	ldi	r18, 0x00	; 0
    1d8a:	30 e0       	ldi	r19, 0x00	; 0
    1d8c:	40 e2       	ldi	r20, 0x20	; 32
    1d8e:	51 e4       	ldi	r21, 0x41	; 65
    1d90:	0e 94 1f 02 	call	0x43e	; 0x43e <__mulsf3>
    1d94:	dc 01       	movw	r26, r24
    1d96:	cb 01       	movw	r24, r22
    1d98:	8e 01       	movw	r16, r28
    1d9a:	05 5b       	subi	r16, 0xB5	; 181
    1d9c:	1f 4f       	sbci	r17, 0xFF	; 255
    1d9e:	bc 01       	movw	r22, r24
    1da0:	cd 01       	movw	r24, r26
    1da2:	0e 94 49 00 	call	0x92	; 0x92 <__fixunssfsi>
    1da6:	dc 01       	movw	r26, r24
    1da8:	cb 01       	movw	r24, r22
    1daa:	f8 01       	movw	r30, r16
    1dac:	91 83       	std	Z+1, r25	; 0x01
    1dae:	80 83       	st	Z, r24
    1db0:	1f c0       	rjmp	.+62     	; 0x1df0 <HLCD_voidInit+0x122>
    1db2:	fe 01       	movw	r30, r28
    1db4:	e7 5b       	subi	r30, 0xB7	; 183
    1db6:	ff 4f       	sbci	r31, 0xFF	; 255
    1db8:	88 ec       	ldi	r24, 0xC8	; 200
    1dba:	90 e0       	ldi	r25, 0x00	; 0
    1dbc:	91 83       	std	Z+1, r25	; 0x01
    1dbe:	80 83       	st	Z, r24
    milliseconds can be achieved.
 */
void
_delay_loop_2(uint16_t __count)
{
	__asm__ volatile (
    1dc0:	fe 01       	movw	r30, r28
    1dc2:	e7 5b       	subi	r30, 0xB7	; 183
    1dc4:	ff 4f       	sbci	r31, 0xFF	; 255
    1dc6:	80 81       	ld	r24, Z
    1dc8:	91 81       	ldd	r25, Z+1	; 0x01
    1dca:	01 97       	sbiw	r24, 0x01	; 1
    1dcc:	f1 f7       	brne	.-4      	; 0x1dca <HLCD_voidInit+0xfc>
    1dce:	fe 01       	movw	r30, r28
    1dd0:	e7 5b       	subi	r30, 0xB7	; 183
    1dd2:	ff 4f       	sbci	r31, 0xFF	; 255
    1dd4:	91 83       	std	Z+1, r25	; 0x01
    1dd6:	80 83       	st	Z, r24
		while(__ticks)
		{
			// wait 1/10 ms
			_delay_loop_2(((F_CPU) / 4e3) / 10);
			__ticks --;
    1dd8:	de 01       	movw	r26, r28
    1dda:	a5 5b       	subi	r26, 0xB5	; 181
    1ddc:	bf 4f       	sbci	r27, 0xFF	; 255
    1dde:	fe 01       	movw	r30, r28
    1de0:	e5 5b       	subi	r30, 0xB5	; 181
    1de2:	ff 4f       	sbci	r31, 0xFF	; 255
    1de4:	80 81       	ld	r24, Z
    1de6:	91 81       	ldd	r25, Z+1	; 0x01
    1de8:	01 97       	sbiw	r24, 0x01	; 1
    1dea:	11 96       	adiw	r26, 0x01	; 1
    1dec:	9c 93       	st	X, r25
    1dee:	8e 93       	st	-X, r24
		__ticks = 1;
	else if (__tmp > 65535)
	{
		//	__ticks = requested delay in 1/10 ms
		__ticks = (uint16_t) (__ms * 10.0);
		while(__ticks)
    1df0:	fe 01       	movw	r30, r28
    1df2:	e5 5b       	subi	r30, 0xB5	; 181
    1df4:	ff 4f       	sbci	r31, 0xFF	; 255
    1df6:	80 81       	ld	r24, Z
    1df8:	91 81       	ldd	r25, Z+1	; 0x01
    1dfa:	00 97       	sbiw	r24, 0x00	; 0
    1dfc:	d1 f6       	brne	.-76     	; 0x1db2 <HLCD_voidInit+0xe4>
    1dfe:	27 c0       	rjmp	.+78     	; 0x1e4e <HLCD_voidInit+0x180>
			__ticks --;
		}
		return;
	}
	else
		__ticks = (uint16_t)__tmp;
    1e00:	8e 01       	movw	r16, r28
    1e02:	05 5b       	subi	r16, 0xB5	; 181
    1e04:	1f 4f       	sbci	r17, 0xFF	; 255
    1e06:	fe 01       	movw	r30, r28
    1e08:	e3 5b       	subi	r30, 0xB3	; 179
    1e0a:	ff 4f       	sbci	r31, 0xFF	; 255
    1e0c:	60 81       	ld	r22, Z
    1e0e:	71 81       	ldd	r23, Z+1	; 0x01
    1e10:	82 81       	ldd	r24, Z+2	; 0x02
    1e12:	93 81       	ldd	r25, Z+3	; 0x03
    1e14:	0e 94 49 00 	call	0x92	; 0x92 <__fixunssfsi>
    1e18:	dc 01       	movw	r26, r24
    1e1a:	cb 01       	movw	r24, r22
    1e1c:	f8 01       	movw	r30, r16
    1e1e:	91 83       	std	Z+1, r25	; 0x01
    1e20:	80 83       	st	Z, r24
    1e22:	de 01       	movw	r26, r28
    1e24:	a9 5b       	subi	r26, 0xB9	; 185
    1e26:	bf 4f       	sbci	r27, 0xFF	; 255
    1e28:	fe 01       	movw	r30, r28
    1e2a:	e5 5b       	subi	r30, 0xB5	; 181
    1e2c:	ff 4f       	sbci	r31, 0xFF	; 255
    1e2e:	80 81       	ld	r24, Z
    1e30:	91 81       	ldd	r25, Z+1	; 0x01
    1e32:	8d 93       	st	X+, r24
    1e34:	9c 93       	st	X, r25
    1e36:	fe 01       	movw	r30, r28
    1e38:	e9 5b       	subi	r30, 0xB9	; 185
    1e3a:	ff 4f       	sbci	r31, 0xFF	; 255
    1e3c:	80 81       	ld	r24, Z
    1e3e:	91 81       	ldd	r25, Z+1	; 0x01
    1e40:	01 97       	sbiw	r24, 0x01	; 1
    1e42:	f1 f7       	brne	.-4      	; 0x1e40 <HLCD_voidInit+0x172>
    1e44:	fe 01       	movw	r30, r28
    1e46:	e9 5b       	subi	r30, 0xB9	; 185
    1e48:	ff 4f       	sbci	r31, 0xFF	; 255
    1e4a:	91 83       	std	Z+1, r25	; 0x01
    1e4c:	80 83       	st	Z, r24
	_delay_ms(50) ;
	MDIO_voidInitPin(RS_PORT, RS_PIN, DIO_OUTPUT) ;
    1e4e:	80 e0       	ldi	r24, 0x00	; 0
    1e50:	63 e0       	ldi	r22, 0x03	; 3
    1e52:	41 e0       	ldi	r20, 0x01	; 1
    1e54:	0e 94 38 07 	call	0xe70	; 0xe70 <MDIO_voidInitPin>
	MDIO_voidInitPin(EN_PORT, EN_PIN, DIO_OUTPUT) ;
    1e58:	80 e0       	ldi	r24, 0x00	; 0
    1e5a:	62 e0       	ldi	r22, 0x02	; 2
    1e5c:	41 e0       	ldi	r20, 0x01	; 1
    1e5e:	0e 94 38 07 	call	0xe70	; 0xe70 <MDIO_voidInitPin>

	MDIO_voidInitPin(LCD_PORT, D4_PIN, DIO_OUTPUT) ;
    1e62:	81 e0       	ldi	r24, 0x01	; 1
    1e64:	60 e0       	ldi	r22, 0x00	; 0
    1e66:	41 e0       	ldi	r20, 0x01	; 1
    1e68:	0e 94 38 07 	call	0xe70	; 0xe70 <MDIO_voidInitPin>
	MDIO_voidInitPin(LCD_PORT, D5_PIN, DIO_OUTPUT) ;
    1e6c:	81 e0       	ldi	r24, 0x01	; 1
    1e6e:	61 e0       	ldi	r22, 0x01	; 1
    1e70:	41 e0       	ldi	r20, 0x01	; 1
    1e72:	0e 94 38 07 	call	0xe70	; 0xe70 <MDIO_voidInitPin>
	MDIO_voidInitPin(LCD_PORT, D6_PIN, DIO_OUTPUT) ;
    1e76:	81 e0       	ldi	r24, 0x01	; 1
    1e78:	62 e0       	ldi	r22, 0x02	; 2
    1e7a:	41 e0       	ldi	r20, 0x01	; 1
    1e7c:	0e 94 38 07 	call	0xe70	; 0xe70 <MDIO_voidInitPin>
	MDIO_voidInitPin(LCD_PORT, D7_PIN, DIO_OUTPUT) ;
    1e80:	81 e0       	ldi	r24, 0x01	; 1
    1e82:	64 e0       	ldi	r22, 0x04	; 4
    1e84:	41 e0       	ldi	r20, 0x01	; 1
    1e86:	0e 94 38 07 	call	0xe70	; 0xe70 <MDIO_voidInitPin>

	HLCD_voidWriteCmd(0x02) ;//functional set
    1e8a:	82 e0       	ldi	r24, 0x02	; 2
    1e8c:	0e 94 ad 11 	call	0x235a	; 0x235a <HLCD_voidWriteCmd>
    1e90:	fe 01       	movw	r30, r28
    1e92:	ed 5b       	subi	r30, 0xBD	; 189
    1e94:	ff 4f       	sbci	r31, 0xFF	; 255
    1e96:	80 e0       	ldi	r24, 0x00	; 0
    1e98:	90 e0       	ldi	r25, 0x00	; 0
    1e9a:	a0 e8       	ldi	r26, 0x80	; 128
    1e9c:	bf e3       	ldi	r27, 0x3F	; 63
    1e9e:	80 83       	st	Z, r24
    1ea0:	91 83       	std	Z+1, r25	; 0x01
    1ea2:	a2 83       	std	Z+2, r26	; 0x02
    1ea4:	b3 83       	std	Z+3, r27	; 0x03
 */
void
_delay_ms(double __ms)
{
	uint16_t __ticks;
	double __tmp = ((F_CPU) / 4e3) * __ms;
    1ea6:	8e 01       	movw	r16, r28
    1ea8:	01 5c       	subi	r16, 0xC1	; 193
    1eaa:	1f 4f       	sbci	r17, 0xFF	; 255
    1eac:	fe 01       	movw	r30, r28
    1eae:	ed 5b       	subi	r30, 0xBD	; 189
    1eb0:	ff 4f       	sbci	r31, 0xFF	; 255
    1eb2:	60 81       	ld	r22, Z
    1eb4:	71 81       	ldd	r23, Z+1	; 0x01
    1eb6:	82 81       	ldd	r24, Z+2	; 0x02
    1eb8:	93 81       	ldd	r25, Z+3	; 0x03
    1eba:	20 e0       	ldi	r18, 0x00	; 0
    1ebc:	30 e0       	ldi	r19, 0x00	; 0
    1ebe:	4a ef       	ldi	r20, 0xFA	; 250
    1ec0:	54 e4       	ldi	r21, 0x44	; 68
    1ec2:	0e 94 1f 02 	call	0x43e	; 0x43e <__mulsf3>
    1ec6:	dc 01       	movw	r26, r24
    1ec8:	cb 01       	movw	r24, r22
    1eca:	f8 01       	movw	r30, r16
    1ecc:	80 83       	st	Z, r24
    1ece:	91 83       	std	Z+1, r25	; 0x01
    1ed0:	a2 83       	std	Z+2, r26	; 0x02
    1ed2:	b3 83       	std	Z+3, r27	; 0x03
	if (__tmp < 1.0)
    1ed4:	fe 01       	movw	r30, r28
    1ed6:	ff 96       	adiw	r30, 0x3f	; 63
    1ed8:	60 81       	ld	r22, Z
    1eda:	71 81       	ldd	r23, Z+1	; 0x01
    1edc:	82 81       	ldd	r24, Z+2	; 0x02
    1ede:	93 81       	ldd	r25, Z+3	; 0x03
    1ee0:	20 e0       	ldi	r18, 0x00	; 0
    1ee2:	30 e0       	ldi	r19, 0x00	; 0
    1ee4:	40 e8       	ldi	r20, 0x80	; 128
    1ee6:	5f e3       	ldi	r21, 0x3F	; 63
    1ee8:	0e 94 79 03 	call	0x6f2	; 0x6f2 <__ltsf2>
    1eec:	88 23       	and	r24, r24
    1eee:	2c f4       	brge	.+10     	; 0x1efa <HLCD_voidInit+0x22c>
		__ticks = 1;
    1ef0:	81 e0       	ldi	r24, 0x01	; 1
    1ef2:	90 e0       	ldi	r25, 0x00	; 0
    1ef4:	9e af       	std	Y+62, r25	; 0x3e
    1ef6:	8d af       	std	Y+61, r24	; 0x3d
    1ef8:	46 c0       	rjmp	.+140    	; 0x1f86 <HLCD_voidInit+0x2b8>
	else if (__tmp > 65535)
    1efa:	fe 01       	movw	r30, r28
    1efc:	ff 96       	adiw	r30, 0x3f	; 63
    1efe:	60 81       	ld	r22, Z
    1f00:	71 81       	ldd	r23, Z+1	; 0x01
    1f02:	82 81       	ldd	r24, Z+2	; 0x02
    1f04:	93 81       	ldd	r25, Z+3	; 0x03
    1f06:	20 e0       	ldi	r18, 0x00	; 0
    1f08:	3f ef       	ldi	r19, 0xFF	; 255
    1f0a:	4f e7       	ldi	r20, 0x7F	; 127
    1f0c:	57 e4       	ldi	r21, 0x47	; 71
    1f0e:	0e 94 19 03 	call	0x632	; 0x632 <__gtsf2>
    1f12:	18 16       	cp	r1, r24
    1f14:	64 f5       	brge	.+88     	; 0x1f6e <HLCD_voidInit+0x2a0>
	{
		//	__ticks = requested delay in 1/10 ms
		__ticks = (uint16_t) (__ms * 10.0);
    1f16:	fe 01       	movw	r30, r28
    1f18:	ed 5b       	subi	r30, 0xBD	; 189
    1f1a:	ff 4f       	sbci	r31, 0xFF	; 255
    1f1c:	60 81       	ld	r22, Z
    1f1e:	71 81       	ldd	r23, Z+1	; 0x01
    1f20:	82 81       	ldd	r24, Z+2	; 0x02
    1f22:	93 81       	ldd	r25, Z+3	; 0x03
    1f24:	20 e0       	ldi	r18, 0x00	; 0
    1f26:	30 e0       	ldi	r19, 0x00	; 0
    1f28:	40 e2       	ldi	r20, 0x20	; 32
    1f2a:	51 e4       	ldi	r21, 0x41	; 65
    1f2c:	0e 94 1f 02 	call	0x43e	; 0x43e <__mulsf3>
    1f30:	dc 01       	movw	r26, r24
    1f32:	cb 01       	movw	r24, r22
    1f34:	bc 01       	movw	r22, r24
    1f36:	cd 01       	movw	r24, r26
    1f38:	0e 94 49 00 	call	0x92	; 0x92 <__fixunssfsi>
    1f3c:	dc 01       	movw	r26, r24
    1f3e:	cb 01       	movw	r24, r22
    1f40:	9e af       	std	Y+62, r25	; 0x3e
    1f42:	8d af       	std	Y+61, r24	; 0x3d
    1f44:	0f c0       	rjmp	.+30     	; 0x1f64 <HLCD_voidInit+0x296>
    1f46:	88 ec       	ldi	r24, 0xC8	; 200
    1f48:	90 e0       	ldi	r25, 0x00	; 0
    1f4a:	9c af       	std	Y+60, r25	; 0x3c
    1f4c:	8b af       	std	Y+59, r24	; 0x3b
    1f4e:	8b ad       	ldd	r24, Y+59	; 0x3b
    1f50:	9c ad       	ldd	r25, Y+60	; 0x3c
    1f52:	01 97       	sbiw	r24, 0x01	; 1
    1f54:	f1 f7       	brne	.-4      	; 0x1f52 <HLCD_voidInit+0x284>
    1f56:	9c af       	std	Y+60, r25	; 0x3c
    1f58:	8b af       	std	Y+59, r24	; 0x3b
		while(__ticks)
		{
			// wait 1/10 ms
			_delay_loop_2(((F_CPU) / 4e3) / 10);
			__ticks --;
    1f5a:	8d ad       	ldd	r24, Y+61	; 0x3d
    1f5c:	9e ad       	ldd	r25, Y+62	; 0x3e
    1f5e:	01 97       	sbiw	r24, 0x01	; 1
    1f60:	9e af       	std	Y+62, r25	; 0x3e
    1f62:	8d af       	std	Y+61, r24	; 0x3d
		__ticks = 1;
	else if (__tmp > 65535)
	{
		//	__ticks = requested delay in 1/10 ms
		__ticks = (uint16_t) (__ms * 10.0);
		while(__ticks)
    1f64:	8d ad       	ldd	r24, Y+61	; 0x3d
    1f66:	9e ad       	ldd	r25, Y+62	; 0x3e
    1f68:	00 97       	sbiw	r24, 0x00	; 0
    1f6a:	69 f7       	brne	.-38     	; 0x1f46 <HLCD_voidInit+0x278>
    1f6c:	16 c0       	rjmp	.+44     	; 0x1f9a <HLCD_voidInit+0x2cc>
			__ticks --;
		}
		return;
	}
	else
		__ticks = (uint16_t)__tmp;
    1f6e:	fe 01       	movw	r30, r28
    1f70:	ff 96       	adiw	r30, 0x3f	; 63
    1f72:	60 81       	ld	r22, Z
    1f74:	71 81       	ldd	r23, Z+1	; 0x01
    1f76:	82 81       	ldd	r24, Z+2	; 0x02
    1f78:	93 81       	ldd	r25, Z+3	; 0x03
    1f7a:	0e 94 49 00 	call	0x92	; 0x92 <__fixunssfsi>
    1f7e:	dc 01       	movw	r26, r24
    1f80:	cb 01       	movw	r24, r22
    1f82:	9e af       	std	Y+62, r25	; 0x3e
    1f84:	8d af       	std	Y+61, r24	; 0x3d
    1f86:	8d ad       	ldd	r24, Y+61	; 0x3d
    1f88:	9e ad       	ldd	r25, Y+62	; 0x3e
    1f8a:	9a af       	std	Y+58, r25	; 0x3a
    1f8c:	89 af       	std	Y+57, r24	; 0x39
    1f8e:	89 ad       	ldd	r24, Y+57	; 0x39
    1f90:	9a ad       	ldd	r25, Y+58	; 0x3a
    1f92:	01 97       	sbiw	r24, 0x01	; 1
    1f94:	f1 f7       	brne	.-4      	; 0x1f92 <HLCD_voidInit+0x2c4>
    1f96:	9a af       	std	Y+58, r25	; 0x3a
    1f98:	89 af       	std	Y+57, r24	; 0x39
	_delay_ms(1) ;

	HLCD_voidWriteCmd(0x28) ;//functional set
    1f9a:	88 e2       	ldi	r24, 0x28	; 40
    1f9c:	0e 94 ad 11 	call	0x235a	; 0x235a <HLCD_voidWriteCmd>
    1fa0:	80 e0       	ldi	r24, 0x00	; 0
    1fa2:	90 e0       	ldi	r25, 0x00	; 0
    1fa4:	a0 e8       	ldi	r26, 0x80	; 128
    1fa6:	bf e3       	ldi	r27, 0x3F	; 63
    1fa8:	8d ab       	std	Y+53, r24	; 0x35
    1faa:	9e ab       	std	Y+54, r25	; 0x36
    1fac:	af ab       	std	Y+55, r26	; 0x37
    1fae:	b8 af       	std	Y+56, r27	; 0x38
 */
void
_delay_ms(double __ms)
{
	uint16_t __ticks;
	double __tmp = ((F_CPU) / 4e3) * __ms;
    1fb0:	6d a9       	ldd	r22, Y+53	; 0x35
    1fb2:	7e a9       	ldd	r23, Y+54	; 0x36
    1fb4:	8f a9       	ldd	r24, Y+55	; 0x37
    1fb6:	98 ad       	ldd	r25, Y+56	; 0x38
    1fb8:	20 e0       	ldi	r18, 0x00	; 0
    1fba:	30 e0       	ldi	r19, 0x00	; 0
    1fbc:	4a ef       	ldi	r20, 0xFA	; 250
    1fbe:	54 e4       	ldi	r21, 0x44	; 68
    1fc0:	0e 94 1f 02 	call	0x43e	; 0x43e <__mulsf3>
    1fc4:	dc 01       	movw	r26, r24
    1fc6:	cb 01       	movw	r24, r22
    1fc8:	89 ab       	std	Y+49, r24	; 0x31
    1fca:	9a ab       	std	Y+50, r25	; 0x32
    1fcc:	ab ab       	std	Y+51, r26	; 0x33
    1fce:	bc ab       	std	Y+52, r27	; 0x34
	if (__tmp < 1.0)
    1fd0:	69 a9       	ldd	r22, Y+49	; 0x31
    1fd2:	7a a9       	ldd	r23, Y+50	; 0x32
    1fd4:	8b a9       	ldd	r24, Y+51	; 0x33
    1fd6:	9c a9       	ldd	r25, Y+52	; 0x34
    1fd8:	20 e0       	ldi	r18, 0x00	; 0
    1fda:	30 e0       	ldi	r19, 0x00	; 0
    1fdc:	40 e8       	ldi	r20, 0x80	; 128
    1fde:	5f e3       	ldi	r21, 0x3F	; 63
    1fe0:	0e 94 79 03 	call	0x6f2	; 0x6f2 <__ltsf2>
    1fe4:	88 23       	and	r24, r24
    1fe6:	2c f4       	brge	.+10     	; 0x1ff2 <HLCD_voidInit+0x324>
		__ticks = 1;
    1fe8:	81 e0       	ldi	r24, 0x01	; 1
    1fea:	90 e0       	ldi	r25, 0x00	; 0
    1fec:	98 ab       	std	Y+48, r25	; 0x30
    1fee:	8f a7       	std	Y+47, r24	; 0x2f
    1ff0:	3f c0       	rjmp	.+126    	; 0x2070 <HLCD_voidInit+0x3a2>
	else if (__tmp > 65535)
    1ff2:	69 a9       	ldd	r22, Y+49	; 0x31
    1ff4:	7a a9       	ldd	r23, Y+50	; 0x32
    1ff6:	8b a9       	ldd	r24, Y+51	; 0x33
    1ff8:	9c a9       	ldd	r25, Y+52	; 0x34
    1ffa:	20 e0       	ldi	r18, 0x00	; 0
    1ffc:	3f ef       	ldi	r19, 0xFF	; 255
    1ffe:	4f e7       	ldi	r20, 0x7F	; 127
    2000:	57 e4       	ldi	r21, 0x47	; 71
    2002:	0e 94 19 03 	call	0x632	; 0x632 <__gtsf2>
    2006:	18 16       	cp	r1, r24
    2008:	4c f5       	brge	.+82     	; 0x205c <HLCD_voidInit+0x38e>
	{
		//	__ticks = requested delay in 1/10 ms
		__ticks = (uint16_t) (__ms * 10.0);
    200a:	6d a9       	ldd	r22, Y+53	; 0x35
    200c:	7e a9       	ldd	r23, Y+54	; 0x36
    200e:	8f a9       	ldd	r24, Y+55	; 0x37
    2010:	98 ad       	ldd	r25, Y+56	; 0x38
    2012:	20 e0       	ldi	r18, 0x00	; 0
    2014:	30 e0       	ldi	r19, 0x00	; 0
    2016:	40 e2       	ldi	r20, 0x20	; 32
    2018:	51 e4       	ldi	r21, 0x41	; 65
    201a:	0e 94 1f 02 	call	0x43e	; 0x43e <__mulsf3>
    201e:	dc 01       	movw	r26, r24
    2020:	cb 01       	movw	r24, r22
    2022:	bc 01       	movw	r22, r24
    2024:	cd 01       	movw	r24, r26
    2026:	0e 94 49 00 	call	0x92	; 0x92 <__fixunssfsi>
    202a:	dc 01       	movw	r26, r24
    202c:	cb 01       	movw	r24, r22
    202e:	98 ab       	std	Y+48, r25	; 0x30
    2030:	8f a7       	std	Y+47, r24	; 0x2f
    2032:	0f c0       	rjmp	.+30     	; 0x2052 <HLCD_voidInit+0x384>
    2034:	88 ec       	ldi	r24, 0xC8	; 200
    2036:	90 e0       	ldi	r25, 0x00	; 0
    2038:	9e a7       	std	Y+46, r25	; 0x2e
    203a:	8d a7       	std	Y+45, r24	; 0x2d
    203c:	8d a5       	ldd	r24, Y+45	; 0x2d
    203e:	9e a5       	ldd	r25, Y+46	; 0x2e
    2040:	01 97       	sbiw	r24, 0x01	; 1
    2042:	f1 f7       	brne	.-4      	; 0x2040 <HLCD_voidInit+0x372>
    2044:	9e a7       	std	Y+46, r25	; 0x2e
    2046:	8d a7       	std	Y+45, r24	; 0x2d
		while(__ticks)
		{
			// wait 1/10 ms
			_delay_loop_2(((F_CPU) / 4e3) / 10);
			__ticks --;
    2048:	8f a5       	ldd	r24, Y+47	; 0x2f
    204a:	98 a9       	ldd	r25, Y+48	; 0x30
    204c:	01 97       	sbiw	r24, 0x01	; 1
    204e:	98 ab       	std	Y+48, r25	; 0x30
    2050:	8f a7       	std	Y+47, r24	; 0x2f
		__ticks = 1;
	else if (__tmp > 65535)
	{
		//	__ticks = requested delay in 1/10 ms
		__ticks = (uint16_t) (__ms * 10.0);
		while(__ticks)
    2052:	8f a5       	ldd	r24, Y+47	; 0x2f
    2054:	98 a9       	ldd	r25, Y+48	; 0x30
    2056:	00 97       	sbiw	r24, 0x00	; 0
    2058:	69 f7       	brne	.-38     	; 0x2034 <HLCD_voidInit+0x366>
    205a:	14 c0       	rjmp	.+40     	; 0x2084 <HLCD_voidInit+0x3b6>
			__ticks --;
		}
		return;
	}
	else
		__ticks = (uint16_t)__tmp;
    205c:	69 a9       	ldd	r22, Y+49	; 0x31
    205e:	7a a9       	ldd	r23, Y+50	; 0x32
    2060:	8b a9       	ldd	r24, Y+51	; 0x33
    2062:	9c a9       	ldd	r25, Y+52	; 0x34
    2064:	0e 94 49 00 	call	0x92	; 0x92 <__fixunssfsi>
    2068:	dc 01       	movw	r26, r24
    206a:	cb 01       	movw	r24, r22
    206c:	98 ab       	std	Y+48, r25	; 0x30
    206e:	8f a7       	std	Y+47, r24	; 0x2f
    2070:	8f a5       	ldd	r24, Y+47	; 0x2f
    2072:	98 a9       	ldd	r25, Y+48	; 0x30
    2074:	9c a7       	std	Y+44, r25	; 0x2c
    2076:	8b a7       	std	Y+43, r24	; 0x2b
    2078:	8b a5       	ldd	r24, Y+43	; 0x2b
    207a:	9c a5       	ldd	r25, Y+44	; 0x2c
    207c:	01 97       	sbiw	r24, 0x01	; 1
    207e:	f1 f7       	brne	.-4      	; 0x207c <HLCD_voidInit+0x3ae>
    2080:	9c a7       	std	Y+44, r25	; 0x2c
    2082:	8b a7       	std	Y+43, r24	; 0x2b
	_delay_ms(1) ;

	HLCD_voidWriteCmd(0x0E) ;//Display
    2084:	8e e0       	ldi	r24, 0x0E	; 14
    2086:	0e 94 ad 11 	call	0x235a	; 0x235a <HLCD_voidWriteCmd>
    208a:	80 e0       	ldi	r24, 0x00	; 0
    208c:	90 e0       	ldi	r25, 0x00	; 0
    208e:	a0 e8       	ldi	r26, 0x80	; 128
    2090:	bf e3       	ldi	r27, 0x3F	; 63
    2092:	8f a3       	std	Y+39, r24	; 0x27
    2094:	98 a7       	std	Y+40, r25	; 0x28
    2096:	a9 a7       	std	Y+41, r26	; 0x29
    2098:	ba a7       	std	Y+42, r27	; 0x2a
 */
void
_delay_ms(double __ms)
{
	uint16_t __ticks;
	double __tmp = ((F_CPU) / 4e3) * __ms;
    209a:	6f a1       	ldd	r22, Y+39	; 0x27
    209c:	78 a5       	ldd	r23, Y+40	; 0x28
    209e:	89 a5       	ldd	r24, Y+41	; 0x29
    20a0:	9a a5       	ldd	r25, Y+42	; 0x2a
    20a2:	20 e0       	ldi	r18, 0x00	; 0
    20a4:	30 e0       	ldi	r19, 0x00	; 0
    20a6:	4a ef       	ldi	r20, 0xFA	; 250
    20a8:	54 e4       	ldi	r21, 0x44	; 68
    20aa:	0e 94 1f 02 	call	0x43e	; 0x43e <__mulsf3>
    20ae:	dc 01       	movw	r26, r24
    20b0:	cb 01       	movw	r24, r22
    20b2:	8b a3       	std	Y+35, r24	; 0x23
    20b4:	9c a3       	std	Y+36, r25	; 0x24
    20b6:	ad a3       	std	Y+37, r26	; 0x25
    20b8:	be a3       	std	Y+38, r27	; 0x26
	if (__tmp < 1.0)
    20ba:	6b a1       	ldd	r22, Y+35	; 0x23
    20bc:	7c a1       	ldd	r23, Y+36	; 0x24
    20be:	8d a1       	ldd	r24, Y+37	; 0x25
    20c0:	9e a1       	ldd	r25, Y+38	; 0x26
    20c2:	20 e0       	ldi	r18, 0x00	; 0
    20c4:	30 e0       	ldi	r19, 0x00	; 0
    20c6:	40 e8       	ldi	r20, 0x80	; 128
    20c8:	5f e3       	ldi	r21, 0x3F	; 63
    20ca:	0e 94 79 03 	call	0x6f2	; 0x6f2 <__ltsf2>
    20ce:	88 23       	and	r24, r24
    20d0:	2c f4       	brge	.+10     	; 0x20dc <HLCD_voidInit+0x40e>
		__ticks = 1;
    20d2:	81 e0       	ldi	r24, 0x01	; 1
    20d4:	90 e0       	ldi	r25, 0x00	; 0
    20d6:	9a a3       	std	Y+34, r25	; 0x22
    20d8:	89 a3       	std	Y+33, r24	; 0x21
    20da:	3f c0       	rjmp	.+126    	; 0x215a <HLCD_voidInit+0x48c>
	else if (__tmp > 65535)
    20dc:	6b a1       	ldd	r22, Y+35	; 0x23
    20de:	7c a1       	ldd	r23, Y+36	; 0x24
    20e0:	8d a1       	ldd	r24, Y+37	; 0x25
    20e2:	9e a1       	ldd	r25, Y+38	; 0x26
    20e4:	20 e0       	ldi	r18, 0x00	; 0
    20e6:	3f ef       	ldi	r19, 0xFF	; 255
    20e8:	4f e7       	ldi	r20, 0x7F	; 127
    20ea:	57 e4       	ldi	r21, 0x47	; 71
    20ec:	0e 94 19 03 	call	0x632	; 0x632 <__gtsf2>
    20f0:	18 16       	cp	r1, r24
    20f2:	4c f5       	brge	.+82     	; 0x2146 <HLCD_voidInit+0x478>
	{
		//	__ticks = requested delay in 1/10 ms
		__ticks = (uint16_t) (__ms * 10.0);
    20f4:	6f a1       	ldd	r22, Y+39	; 0x27
    20f6:	78 a5       	ldd	r23, Y+40	; 0x28
    20f8:	89 a5       	ldd	r24, Y+41	; 0x29
    20fa:	9a a5       	ldd	r25, Y+42	; 0x2a
    20fc:	20 e0       	ldi	r18, 0x00	; 0
    20fe:	30 e0       	ldi	r19, 0x00	; 0
    2100:	40 e2       	ldi	r20, 0x20	; 32
    2102:	51 e4       	ldi	r21, 0x41	; 65
    2104:	0e 94 1f 02 	call	0x43e	; 0x43e <__mulsf3>
    2108:	dc 01       	movw	r26, r24
    210a:	cb 01       	movw	r24, r22
    210c:	bc 01       	movw	r22, r24
    210e:	cd 01       	movw	r24, r26
    2110:	0e 94 49 00 	call	0x92	; 0x92 <__fixunssfsi>
    2114:	dc 01       	movw	r26, r24
    2116:	cb 01       	movw	r24, r22
    2118:	9a a3       	std	Y+34, r25	; 0x22
    211a:	89 a3       	std	Y+33, r24	; 0x21
    211c:	0f c0       	rjmp	.+30     	; 0x213c <HLCD_voidInit+0x46e>
    211e:	88 ec       	ldi	r24, 0xC8	; 200
    2120:	90 e0       	ldi	r25, 0x00	; 0
    2122:	98 a3       	std	Y+32, r25	; 0x20
    2124:	8f 8f       	std	Y+31, r24	; 0x1f
    2126:	8f 8d       	ldd	r24, Y+31	; 0x1f
    2128:	98 a1       	ldd	r25, Y+32	; 0x20
    212a:	01 97       	sbiw	r24, 0x01	; 1
    212c:	f1 f7       	brne	.-4      	; 0x212a <HLCD_voidInit+0x45c>
    212e:	98 a3       	std	Y+32, r25	; 0x20
    2130:	8f 8f       	std	Y+31, r24	; 0x1f
		while(__ticks)
		{
			// wait 1/10 ms
			_delay_loop_2(((F_CPU) / 4e3) / 10);
			__ticks --;
    2132:	89 a1       	ldd	r24, Y+33	; 0x21
    2134:	9a a1       	ldd	r25, Y+34	; 0x22
    2136:	01 97       	sbiw	r24, 0x01	; 1
    2138:	9a a3       	std	Y+34, r25	; 0x22
    213a:	89 a3       	std	Y+33, r24	; 0x21
		__ticks = 1;
	else if (__tmp > 65535)
	{
		//	__ticks = requested delay in 1/10 ms
		__ticks = (uint16_t) (__ms * 10.0);
		while(__ticks)
    213c:	89 a1       	ldd	r24, Y+33	; 0x21
    213e:	9a a1       	ldd	r25, Y+34	; 0x22
    2140:	00 97       	sbiw	r24, 0x00	; 0
    2142:	69 f7       	brne	.-38     	; 0x211e <HLCD_voidInit+0x450>
    2144:	14 c0       	rjmp	.+40     	; 0x216e <HLCD_voidInit+0x4a0>
			__ticks --;
		}
		return;
	}
	else
		__ticks = (uint16_t)__tmp;
    2146:	6b a1       	ldd	r22, Y+35	; 0x23
    2148:	7c a1       	ldd	r23, Y+36	; 0x24
    214a:	8d a1       	ldd	r24, Y+37	; 0x25
    214c:	9e a1       	ldd	r25, Y+38	; 0x26
    214e:	0e 94 49 00 	call	0x92	; 0x92 <__fixunssfsi>
    2152:	dc 01       	movw	r26, r24
    2154:	cb 01       	movw	r24, r22
    2156:	9a a3       	std	Y+34, r25	; 0x22
    2158:	89 a3       	std	Y+33, r24	; 0x21
    215a:	89 a1       	ldd	r24, Y+33	; 0x21
    215c:	9a a1       	ldd	r25, Y+34	; 0x22
    215e:	9e 8f       	std	Y+30, r25	; 0x1e
    2160:	8d 8f       	std	Y+29, r24	; 0x1d
    2162:	8d 8d       	ldd	r24, Y+29	; 0x1d
    2164:	9e 8d       	ldd	r25, Y+30	; 0x1e
    2166:	01 97       	sbiw	r24, 0x01	; 1
    2168:	f1 f7       	brne	.-4      	; 0x2166 <HLCD_voidInit+0x498>
    216a:	9e 8f       	std	Y+30, r25	; 0x1e
    216c:	8d 8f       	std	Y+29, r24	; 0x1d
	_delay_ms(1) ;

	HLCD_voidWriteCmd(0x01) ;//clear
    216e:	81 e0       	ldi	r24, 0x01	; 1
    2170:	0e 94 ad 11 	call	0x235a	; 0x235a <HLCD_voidWriteCmd>
    2174:	80 e0       	ldi	r24, 0x00	; 0
    2176:	90 e0       	ldi	r25, 0x00	; 0
    2178:	a0 ea       	ldi	r26, 0xA0	; 160
    217a:	b0 e4       	ldi	r27, 0x40	; 64
    217c:	89 8f       	std	Y+25, r24	; 0x19
    217e:	9a 8f       	std	Y+26, r25	; 0x1a
    2180:	ab 8f       	std	Y+27, r26	; 0x1b
    2182:	bc 8f       	std	Y+28, r27	; 0x1c
 */
void
_delay_ms(double __ms)
{
	uint16_t __ticks;
	double __tmp = ((F_CPU) / 4e3) * __ms;
    2184:	69 8d       	ldd	r22, Y+25	; 0x19
    2186:	7a 8d       	ldd	r23, Y+26	; 0x1a
    2188:	8b 8d       	ldd	r24, Y+27	; 0x1b
    218a:	9c 8d       	ldd	r25, Y+28	; 0x1c
    218c:	20 e0       	ldi	r18, 0x00	; 0
    218e:	30 e0       	ldi	r19, 0x00	; 0
    2190:	4a ef       	ldi	r20, 0xFA	; 250
    2192:	54 e4       	ldi	r21, 0x44	; 68
    2194:	0e 94 1f 02 	call	0x43e	; 0x43e <__mulsf3>
    2198:	dc 01       	movw	r26, r24
    219a:	cb 01       	movw	r24, r22
    219c:	8d 8b       	std	Y+21, r24	; 0x15
    219e:	9e 8b       	std	Y+22, r25	; 0x16
    21a0:	af 8b       	std	Y+23, r26	; 0x17
    21a2:	b8 8f       	std	Y+24, r27	; 0x18
	if (__tmp < 1.0)
    21a4:	6d 89       	ldd	r22, Y+21	; 0x15
    21a6:	7e 89       	ldd	r23, Y+22	; 0x16
    21a8:	8f 89       	ldd	r24, Y+23	; 0x17
    21aa:	98 8d       	ldd	r25, Y+24	; 0x18
    21ac:	20 e0       	ldi	r18, 0x00	; 0
    21ae:	30 e0       	ldi	r19, 0x00	; 0
    21b0:	40 e8       	ldi	r20, 0x80	; 128
    21b2:	5f e3       	ldi	r21, 0x3F	; 63
    21b4:	0e 94 79 03 	call	0x6f2	; 0x6f2 <__ltsf2>
    21b8:	88 23       	and	r24, r24
    21ba:	2c f4       	brge	.+10     	; 0x21c6 <HLCD_voidInit+0x4f8>
		__ticks = 1;
    21bc:	81 e0       	ldi	r24, 0x01	; 1
    21be:	90 e0       	ldi	r25, 0x00	; 0
    21c0:	9c 8b       	std	Y+20, r25	; 0x14
    21c2:	8b 8b       	std	Y+19, r24	; 0x13
    21c4:	3f c0       	rjmp	.+126    	; 0x2244 <HLCD_voidInit+0x576>
	else if (__tmp > 65535)
    21c6:	6d 89       	ldd	r22, Y+21	; 0x15
    21c8:	7e 89       	ldd	r23, Y+22	; 0x16
    21ca:	8f 89       	ldd	r24, Y+23	; 0x17
    21cc:	98 8d       	ldd	r25, Y+24	; 0x18
    21ce:	20 e0       	ldi	r18, 0x00	; 0
    21d0:	3f ef       	ldi	r19, 0xFF	; 255
    21d2:	4f e7       	ldi	r20, 0x7F	; 127
    21d4:	57 e4       	ldi	r21, 0x47	; 71
    21d6:	0e 94 19 03 	call	0x632	; 0x632 <__gtsf2>
    21da:	18 16       	cp	r1, r24
    21dc:	4c f5       	brge	.+82     	; 0x2230 <HLCD_voidInit+0x562>
	{
		//	__ticks = requested delay in 1/10 ms
		__ticks = (uint16_t) (__ms * 10.0);
    21de:	69 8d       	ldd	r22, Y+25	; 0x19
    21e0:	7a 8d       	ldd	r23, Y+26	; 0x1a
    21e2:	8b 8d       	ldd	r24, Y+27	; 0x1b
    21e4:	9c 8d       	ldd	r25, Y+28	; 0x1c
    21e6:	20 e0       	ldi	r18, 0x00	; 0
    21e8:	30 e0       	ldi	r19, 0x00	; 0
    21ea:	40 e2       	ldi	r20, 0x20	; 32
    21ec:	51 e4       	ldi	r21, 0x41	; 65
    21ee:	0e 94 1f 02 	call	0x43e	; 0x43e <__mulsf3>
    21f2:	dc 01       	movw	r26, r24
    21f4:	cb 01       	movw	r24, r22
    21f6:	bc 01       	movw	r22, r24
    21f8:	cd 01       	movw	r24, r26
    21fa:	0e 94 49 00 	call	0x92	; 0x92 <__fixunssfsi>
    21fe:	dc 01       	movw	r26, r24
    2200:	cb 01       	movw	r24, r22
    2202:	9c 8b       	std	Y+20, r25	; 0x14
    2204:	8b 8b       	std	Y+19, r24	; 0x13
    2206:	0f c0       	rjmp	.+30     	; 0x2226 <HLCD_voidInit+0x558>
    2208:	88 ec       	ldi	r24, 0xC8	; 200
    220a:	90 e0       	ldi	r25, 0x00	; 0
    220c:	9a 8b       	std	Y+18, r25	; 0x12
    220e:	89 8b       	std	Y+17, r24	; 0x11
    2210:	89 89       	ldd	r24, Y+17	; 0x11
    2212:	9a 89       	ldd	r25, Y+18	; 0x12
    2214:	01 97       	sbiw	r24, 0x01	; 1
    2216:	f1 f7       	brne	.-4      	; 0x2214 <HLCD_voidInit+0x546>
    2218:	9a 8b       	std	Y+18, r25	; 0x12
    221a:	89 8b       	std	Y+17, r24	; 0x11
		while(__ticks)
		{
			// wait 1/10 ms
			_delay_loop_2(((F_CPU) / 4e3) / 10);
			__ticks --;
    221c:	8b 89       	ldd	r24, Y+19	; 0x13
    221e:	9c 89       	ldd	r25, Y+20	; 0x14
    2220:	01 97       	sbiw	r24, 0x01	; 1
    2222:	9c 8b       	std	Y+20, r25	; 0x14
    2224:	8b 8b       	std	Y+19, r24	; 0x13
		__ticks = 1;
	else if (__tmp > 65535)
	{
		//	__ticks = requested delay in 1/10 ms
		__ticks = (uint16_t) (__ms * 10.0);
		while(__ticks)
    2226:	8b 89       	ldd	r24, Y+19	; 0x13
    2228:	9c 89       	ldd	r25, Y+20	; 0x14
    222a:	00 97       	sbiw	r24, 0x00	; 0
    222c:	69 f7       	brne	.-38     	; 0x2208 <HLCD_voidInit+0x53a>
    222e:	14 c0       	rjmp	.+40     	; 0x2258 <HLCD_voidInit+0x58a>
			__ticks --;
		}
		return;
	}
	else
		__ticks = (uint16_t)__tmp;
    2230:	6d 89       	ldd	r22, Y+21	; 0x15
    2232:	7e 89       	ldd	r23, Y+22	; 0x16
    2234:	8f 89       	ldd	r24, Y+23	; 0x17
    2236:	98 8d       	ldd	r25, Y+24	; 0x18
    2238:	0e 94 49 00 	call	0x92	; 0x92 <__fixunssfsi>
    223c:	dc 01       	movw	r26, r24
    223e:	cb 01       	movw	r24, r22
    2240:	9c 8b       	std	Y+20, r25	; 0x14
    2242:	8b 8b       	std	Y+19, r24	; 0x13
    2244:	8b 89       	ldd	r24, Y+19	; 0x13
    2246:	9c 89       	ldd	r25, Y+20	; 0x14
    2248:	98 8b       	std	Y+16, r25	; 0x10
    224a:	8f 87       	std	Y+15, r24	; 0x0f
    224c:	8f 85       	ldd	r24, Y+15	; 0x0f
    224e:	98 89       	ldd	r25, Y+16	; 0x10
    2250:	01 97       	sbiw	r24, 0x01	; 1
    2252:	f1 f7       	brne	.-4      	; 0x2250 <HLCD_voidInit+0x582>
    2254:	98 8b       	std	Y+16, r25	; 0x10
    2256:	8f 87       	std	Y+15, r24	; 0x0f
	_delay_ms(5) ;

	HLCD_voidWriteCmd(0x06) ;//Display
    2258:	86 e0       	ldi	r24, 0x06	; 6
    225a:	0e 94 ad 11 	call	0x235a	; 0x235a <HLCD_voidWriteCmd>
    225e:	80 e0       	ldi	r24, 0x00	; 0
    2260:	90 e0       	ldi	r25, 0x00	; 0
    2262:	a0 e8       	ldi	r26, 0x80	; 128
    2264:	bf e3       	ldi	r27, 0x3F	; 63
    2266:	8b 87       	std	Y+11, r24	; 0x0b
    2268:	9c 87       	std	Y+12, r25	; 0x0c
    226a:	ad 87       	std	Y+13, r26	; 0x0d
    226c:	be 87       	std	Y+14, r27	; 0x0e
 */
void
_delay_ms(double __ms)
{
	uint16_t __ticks;
	double __tmp = ((F_CPU) / 4e3) * __ms;
    226e:	6b 85       	ldd	r22, Y+11	; 0x0b
    2270:	7c 85       	ldd	r23, Y+12	; 0x0c
    2272:	8d 85       	ldd	r24, Y+13	; 0x0d
    2274:	9e 85       	ldd	r25, Y+14	; 0x0e
    2276:	20 e0       	ldi	r18, 0x00	; 0
    2278:	30 e0       	ldi	r19, 0x00	; 0
    227a:	4a ef       	ldi	r20, 0xFA	; 250
    227c:	54 e4       	ldi	r21, 0x44	; 68
    227e:	0e 94 1f 02 	call	0x43e	; 0x43e <__mulsf3>
    2282:	dc 01       	movw	r26, r24
    2284:	cb 01       	movw	r24, r22
    2286:	8f 83       	std	Y+7, r24	; 0x07
    2288:	98 87       	std	Y+8, r25	; 0x08
    228a:	a9 87       	std	Y+9, r26	; 0x09
    228c:	ba 87       	std	Y+10, r27	; 0x0a
	if (__tmp < 1.0)
    228e:	6f 81       	ldd	r22, Y+7	; 0x07
    2290:	78 85       	ldd	r23, Y+8	; 0x08
    2292:	89 85       	ldd	r24, Y+9	; 0x09
    2294:	9a 85       	ldd	r25, Y+10	; 0x0a
    2296:	20 e0       	ldi	r18, 0x00	; 0
    2298:	30 e0       	ldi	r19, 0x00	; 0
    229a:	40 e8       	ldi	r20, 0x80	; 128
    229c:	5f e3       	ldi	r21, 0x3F	; 63
    229e:	0e 94 79 03 	call	0x6f2	; 0x6f2 <__ltsf2>
    22a2:	88 23       	and	r24, r24
    22a4:	2c f4       	brge	.+10     	; 0x22b0 <HLCD_voidInit+0x5e2>
		__ticks = 1;
    22a6:	81 e0       	ldi	r24, 0x01	; 1
    22a8:	90 e0       	ldi	r25, 0x00	; 0
    22aa:	9e 83       	std	Y+6, r25	; 0x06
    22ac:	8d 83       	std	Y+5, r24	; 0x05
    22ae:	3f c0       	rjmp	.+126    	; 0x232e <HLCD_voidInit+0x660>
	else if (__tmp > 65535)
    22b0:	6f 81       	ldd	r22, Y+7	; 0x07
    22b2:	78 85       	ldd	r23, Y+8	; 0x08
    22b4:	89 85       	ldd	r24, Y+9	; 0x09
    22b6:	9a 85       	ldd	r25, Y+10	; 0x0a
    22b8:	20 e0       	ldi	r18, 0x00	; 0
    22ba:	3f ef       	ldi	r19, 0xFF	; 255
    22bc:	4f e7       	ldi	r20, 0x7F	; 127
    22be:	57 e4       	ldi	r21, 0x47	; 71
    22c0:	0e 94 19 03 	call	0x632	; 0x632 <__gtsf2>
    22c4:	18 16       	cp	r1, r24
    22c6:	4c f5       	brge	.+82     	; 0x231a <HLCD_voidInit+0x64c>
	{
		//	__ticks = requested delay in 1/10 ms
		__ticks = (uint16_t) (__ms * 10.0);
    22c8:	6b 85       	ldd	r22, Y+11	; 0x0b
    22ca:	7c 85       	ldd	r23, Y+12	; 0x0c
    22cc:	8d 85       	ldd	r24, Y+13	; 0x0d
    22ce:	9e 85       	ldd	r25, Y+14	; 0x0e
    22d0:	20 e0       	ldi	r18, 0x00	; 0
    22d2:	30 e0       	ldi	r19, 0x00	; 0
    22d4:	40 e2       	ldi	r20, 0x20	; 32
    22d6:	51 e4       	ldi	r21, 0x41	; 65
    22d8:	0e 94 1f 02 	call	0x43e	; 0x43e <__mulsf3>
    22dc:	dc 01       	movw	r26, r24
    22de:	cb 01       	movw	r24, r22
    22e0:	bc 01       	movw	r22, r24
    22e2:	cd 01       	movw	r24, r26
    22e4:	0e 94 49 00 	call	0x92	; 0x92 <__fixunssfsi>
    22e8:	dc 01       	movw	r26, r24
    22ea:	cb 01       	movw	r24, r22
    22ec:	9e 83       	std	Y+6, r25	; 0x06
    22ee:	8d 83       	std	Y+5, r24	; 0x05
    22f0:	0f c0       	rjmp	.+30     	; 0x2310 <HLCD_voidInit+0x642>
    22f2:	88 ec       	ldi	r24, 0xC8	; 200
    22f4:	90 e0       	ldi	r25, 0x00	; 0
    22f6:	9c 83       	std	Y+4, r25	; 0x04
    22f8:	8b 83       	std	Y+3, r24	; 0x03
    22fa:	8b 81       	ldd	r24, Y+3	; 0x03
    22fc:	9c 81       	ldd	r25, Y+4	; 0x04
    22fe:	01 97       	sbiw	r24, 0x01	; 1
    2300:	f1 f7       	brne	.-4      	; 0x22fe <HLCD_voidInit+0x630>
    2302:	9c 83       	std	Y+4, r25	; 0x04
    2304:	8b 83       	std	Y+3, r24	; 0x03
		while(__ticks)
		{
			// wait 1/10 ms
			_delay_loop_2(((F_CPU) / 4e3) / 10);
			__ticks --;
    2306:	8d 81       	ldd	r24, Y+5	; 0x05
    2308:	9e 81       	ldd	r25, Y+6	; 0x06
    230a:	01 97       	sbiw	r24, 0x01	; 1
    230c:	9e 83       	std	Y+6, r25	; 0x06
    230e:	8d 83       	std	Y+5, r24	; 0x05
		__ticks = 1;
	else if (__tmp > 65535)
	{
		//	__ticks = requested delay in 1/10 ms
		__ticks = (uint16_t) (__ms * 10.0);
		while(__ticks)
    2310:	8d 81       	ldd	r24, Y+5	; 0x05
    2312:	9e 81       	ldd	r25, Y+6	; 0x06
    2314:	00 97       	sbiw	r24, 0x00	; 0
    2316:	69 f7       	brne	.-38     	; 0x22f2 <HLCD_voidInit+0x624>
    2318:	14 c0       	rjmp	.+40     	; 0x2342 <HLCD_voidInit+0x674>
			__ticks --;
		}
		return;
	}
	else
		__ticks = (uint16_t)__tmp;
    231a:	6f 81       	ldd	r22, Y+7	; 0x07
    231c:	78 85       	ldd	r23, Y+8	; 0x08
    231e:	89 85       	ldd	r24, Y+9	; 0x09
    2320:	9a 85       	ldd	r25, Y+10	; 0x0a
    2322:	0e 94 49 00 	call	0x92	; 0x92 <__fixunssfsi>
    2326:	dc 01       	movw	r26, r24
    2328:	cb 01       	movw	r24, r22
    232a:	9e 83       	std	Y+6, r25	; 0x06
    232c:	8d 83       	std	Y+5, r24	; 0x05
    232e:	8d 81       	ldd	r24, Y+5	; 0x05
    2330:	9e 81       	ldd	r25, Y+6	; 0x06
    2332:	9a 83       	std	Y+2, r25	; 0x02
    2334:	89 83       	std	Y+1, r24	; 0x01
    2336:	89 81       	ldd	r24, Y+1	; 0x01
    2338:	9a 81       	ldd	r25, Y+2	; 0x02
    233a:	01 97       	sbiw	r24, 0x01	; 1
    233c:	f1 f7       	brne	.-4      	; 0x233a <HLCD_voidInit+0x66c>
    233e:	9a 83       	std	Y+2, r25	; 0x02
    2340:	89 83       	std	Y+1, r24	; 0x01
	_delay_ms(1) ;
}
    2342:	cc 5a       	subi	r28, 0xAC	; 172
    2344:	df 4f       	sbci	r29, 0xFF	; 255
    2346:	0f b6       	in	r0, 0x3f	; 63
    2348:	f8 94       	cli
    234a:	de bf       	out	0x3e, r29	; 62
    234c:	0f be       	out	0x3f, r0	; 63
    234e:	cd bf       	out	0x3d, r28	; 61
    2350:	cf 91       	pop	r28
    2352:	df 91       	pop	r29
    2354:	1f 91       	pop	r17
    2356:	0f 91       	pop	r16
    2358:	08 95       	ret

0000235a <HLCD_voidWriteCmd>:
void HLCD_voidWriteCmd  (u8 A_u8Cmd)
{
    235a:	df 93       	push	r29
    235c:	cf 93       	push	r28
    235e:	cd b7       	in	r28, 0x3d	; 61
    2360:	de b7       	in	r29, 0x3e	; 62
    2362:	6f 97       	sbiw	r28, 0x1f	; 31
    2364:	0f b6       	in	r0, 0x3f	; 63
    2366:	f8 94       	cli
    2368:	de bf       	out	0x3e, r29	; 62
    236a:	0f be       	out	0x3f, r0	; 63
    236c:	cd bf       	out	0x3d, r28	; 61
    236e:	8f 8f       	std	Y+31, r24	; 0x1f
	u8 L_u8HighNibble = A_u8Cmd>>4;
    2370:	8f 8d       	ldd	r24, Y+31	; 0x1f
    2372:	82 95       	swap	r24
    2374:	8f 70       	andi	r24, 0x0F	; 15
    2376:	8e 8f       	std	Y+30, r24	; 0x1e
	u8 L_u8LowNibble =  A_u8Cmd&(0x0f);
    2378:	8f 8d       	ldd	r24, Y+31	; 0x1f
    237a:	8f 70       	andi	r24, 0x0F	; 15
    237c:	8d 8f       	std	Y+29, r24	; 0x1d
	MDIO_voidSetPinValue(RS_PORT, RS_PIN, DIO_LOW) ;
    237e:	80 e0       	ldi	r24, 0x00	; 0
    2380:	63 e0       	ldi	r22, 0x03	; 3
    2382:	40 e0       	ldi	r20, 0x00	; 0
    2384:	0e 94 11 08 	call	0x1022	; 0x1022 <MDIO_voidSetPinValue>
	MDIO_voidSetPinValue(LCD_PORT, D4_PIN, READ_BIT(L_u8HighNibble , 0)) ;
    2388:	8e 8d       	ldd	r24, Y+30	; 0x1e
    238a:	98 2f       	mov	r25, r24
    238c:	91 70       	andi	r25, 0x01	; 1
    238e:	81 e0       	ldi	r24, 0x01	; 1
    2390:	60 e0       	ldi	r22, 0x00	; 0
    2392:	49 2f       	mov	r20, r25
    2394:	0e 94 11 08 	call	0x1022	; 0x1022 <MDIO_voidSetPinValue>
	MDIO_voidSetPinValue(LCD_PORT, D5_PIN, READ_BIT(L_u8HighNibble , 1)) ;
    2398:	8e 8d       	ldd	r24, Y+30	; 0x1e
    239a:	88 2f       	mov	r24, r24
    239c:	90 e0       	ldi	r25, 0x00	; 0
    239e:	82 70       	andi	r24, 0x02	; 2
    23a0:	90 70       	andi	r25, 0x00	; 0
    23a2:	95 95       	asr	r25
    23a4:	87 95       	ror	r24
    23a6:	98 2f       	mov	r25, r24
    23a8:	81 e0       	ldi	r24, 0x01	; 1
    23aa:	61 e0       	ldi	r22, 0x01	; 1
    23ac:	49 2f       	mov	r20, r25
    23ae:	0e 94 11 08 	call	0x1022	; 0x1022 <MDIO_voidSetPinValue>
	MDIO_voidSetPinValue(LCD_PORT, D6_PIN, READ_BIT(L_u8HighNibble , 2)) ;
    23b2:	8e 8d       	ldd	r24, Y+30	; 0x1e
    23b4:	88 2f       	mov	r24, r24
    23b6:	90 e0       	ldi	r25, 0x00	; 0
    23b8:	84 70       	andi	r24, 0x04	; 4
    23ba:	90 70       	andi	r25, 0x00	; 0
    23bc:	95 95       	asr	r25
    23be:	87 95       	ror	r24
    23c0:	95 95       	asr	r25
    23c2:	87 95       	ror	r24
    23c4:	98 2f       	mov	r25, r24
    23c6:	81 e0       	ldi	r24, 0x01	; 1
    23c8:	62 e0       	ldi	r22, 0x02	; 2
    23ca:	49 2f       	mov	r20, r25
    23cc:	0e 94 11 08 	call	0x1022	; 0x1022 <MDIO_voidSetPinValue>
	MDIO_voidSetPinValue(LCD_PORT, D7_PIN, READ_BIT(L_u8HighNibble , 3)) ;
    23d0:	8e 8d       	ldd	r24, Y+30	; 0x1e
    23d2:	88 2f       	mov	r24, r24
    23d4:	90 e0       	ldi	r25, 0x00	; 0
    23d6:	88 70       	andi	r24, 0x08	; 8
    23d8:	90 70       	andi	r25, 0x00	; 0
    23da:	95 95       	asr	r25
    23dc:	87 95       	ror	r24
    23de:	95 95       	asr	r25
    23e0:	87 95       	ror	r24
    23e2:	95 95       	asr	r25
    23e4:	87 95       	ror	r24
    23e6:	98 2f       	mov	r25, r24
    23e8:	81 e0       	ldi	r24, 0x01	; 1
    23ea:	64 e0       	ldi	r22, 0x04	; 4
    23ec:	49 2f       	mov	r20, r25
    23ee:	0e 94 11 08 	call	0x1022	; 0x1022 <MDIO_voidSetPinValue>
	MDIO_voidSetPinValue(EN_PORT, EN_PIN, DIO_HIGH) ;
    23f2:	80 e0       	ldi	r24, 0x00	; 0
    23f4:	62 e0       	ldi	r22, 0x02	; 2
    23f6:	41 e0       	ldi	r20, 0x01	; 1
    23f8:	0e 94 11 08 	call	0x1022	; 0x1022 <MDIO_voidSetPinValue>
    23fc:	80 e0       	ldi	r24, 0x00	; 0
    23fe:	90 e0       	ldi	r25, 0x00	; 0
    2400:	a0 e8       	ldi	r26, 0x80	; 128
    2402:	bf e3       	ldi	r27, 0x3F	; 63
    2404:	89 8f       	std	Y+25, r24	; 0x19
    2406:	9a 8f       	std	Y+26, r25	; 0x1a
    2408:	ab 8f       	std	Y+27, r26	; 0x1b
    240a:	bc 8f       	std	Y+28, r27	; 0x1c
 */
void
_delay_ms(double __ms)
{
	uint16_t __ticks;
	double __tmp = ((F_CPU) / 4e3) * __ms;
    240c:	69 8d       	ldd	r22, Y+25	; 0x19
    240e:	7a 8d       	ldd	r23, Y+26	; 0x1a
    2410:	8b 8d       	ldd	r24, Y+27	; 0x1b
    2412:	9c 8d       	ldd	r25, Y+28	; 0x1c
    2414:	20 e0       	ldi	r18, 0x00	; 0
    2416:	30 e0       	ldi	r19, 0x00	; 0
    2418:	4a ef       	ldi	r20, 0xFA	; 250
    241a:	54 e4       	ldi	r21, 0x44	; 68
    241c:	0e 94 1f 02 	call	0x43e	; 0x43e <__mulsf3>
    2420:	dc 01       	movw	r26, r24
    2422:	cb 01       	movw	r24, r22
    2424:	8d 8b       	std	Y+21, r24	; 0x15
    2426:	9e 8b       	std	Y+22, r25	; 0x16
    2428:	af 8b       	std	Y+23, r26	; 0x17
    242a:	b8 8f       	std	Y+24, r27	; 0x18
	if (__tmp < 1.0)
    242c:	6d 89       	ldd	r22, Y+21	; 0x15
    242e:	7e 89       	ldd	r23, Y+22	; 0x16
    2430:	8f 89       	ldd	r24, Y+23	; 0x17
    2432:	98 8d       	ldd	r25, Y+24	; 0x18
    2434:	20 e0       	ldi	r18, 0x00	; 0
    2436:	30 e0       	ldi	r19, 0x00	; 0
    2438:	40 e8       	ldi	r20, 0x80	; 128
    243a:	5f e3       	ldi	r21, 0x3F	; 63
    243c:	0e 94 79 03 	call	0x6f2	; 0x6f2 <__ltsf2>
    2440:	88 23       	and	r24, r24
    2442:	2c f4       	brge	.+10     	; 0x244e <HLCD_voidWriteCmd+0xf4>
		__ticks = 1;
    2444:	81 e0       	ldi	r24, 0x01	; 1
    2446:	90 e0       	ldi	r25, 0x00	; 0
    2448:	9c 8b       	std	Y+20, r25	; 0x14
    244a:	8b 8b       	std	Y+19, r24	; 0x13
    244c:	3f c0       	rjmp	.+126    	; 0x24cc <HLCD_voidWriteCmd+0x172>
	else if (__tmp > 65535)
    244e:	6d 89       	ldd	r22, Y+21	; 0x15
    2450:	7e 89       	ldd	r23, Y+22	; 0x16
    2452:	8f 89       	ldd	r24, Y+23	; 0x17
    2454:	98 8d       	ldd	r25, Y+24	; 0x18
    2456:	20 e0       	ldi	r18, 0x00	; 0
    2458:	3f ef       	ldi	r19, 0xFF	; 255
    245a:	4f e7       	ldi	r20, 0x7F	; 127
    245c:	57 e4       	ldi	r21, 0x47	; 71
    245e:	0e 94 19 03 	call	0x632	; 0x632 <__gtsf2>
    2462:	18 16       	cp	r1, r24
    2464:	4c f5       	brge	.+82     	; 0x24b8 <HLCD_voidWriteCmd+0x15e>
	{
		//	__ticks = requested delay in 1/10 ms
		__ticks = (uint16_t) (__ms * 10.0);
    2466:	69 8d       	ldd	r22, Y+25	; 0x19
    2468:	7a 8d       	ldd	r23, Y+26	; 0x1a
    246a:	8b 8d       	ldd	r24, Y+27	; 0x1b
    246c:	9c 8d       	ldd	r25, Y+28	; 0x1c
    246e:	20 e0       	ldi	r18, 0x00	; 0
    2470:	30 e0       	ldi	r19, 0x00	; 0
    2472:	40 e2       	ldi	r20, 0x20	; 32
    2474:	51 e4       	ldi	r21, 0x41	; 65
    2476:	0e 94 1f 02 	call	0x43e	; 0x43e <__mulsf3>
    247a:	dc 01       	movw	r26, r24
    247c:	cb 01       	movw	r24, r22
    247e:	bc 01       	movw	r22, r24
    2480:	cd 01       	movw	r24, r26
    2482:	0e 94 49 00 	call	0x92	; 0x92 <__fixunssfsi>
    2486:	dc 01       	movw	r26, r24
    2488:	cb 01       	movw	r24, r22
    248a:	9c 8b       	std	Y+20, r25	; 0x14
    248c:	8b 8b       	std	Y+19, r24	; 0x13
    248e:	0f c0       	rjmp	.+30     	; 0x24ae <HLCD_voidWriteCmd+0x154>
    2490:	88 ec       	ldi	r24, 0xC8	; 200
    2492:	90 e0       	ldi	r25, 0x00	; 0
    2494:	9a 8b       	std	Y+18, r25	; 0x12
    2496:	89 8b       	std	Y+17, r24	; 0x11
    2498:	89 89       	ldd	r24, Y+17	; 0x11
    249a:	9a 89       	ldd	r25, Y+18	; 0x12
    249c:	01 97       	sbiw	r24, 0x01	; 1
    249e:	f1 f7       	brne	.-4      	; 0x249c <HLCD_voidWriteCmd+0x142>
    24a0:	9a 8b       	std	Y+18, r25	; 0x12
    24a2:	89 8b       	std	Y+17, r24	; 0x11
		while(__ticks)
		{
			// wait 1/10 ms
			_delay_loop_2(((F_CPU) / 4e3) / 10);
			__ticks --;
    24a4:	8b 89       	ldd	r24, Y+19	; 0x13
    24a6:	9c 89       	ldd	r25, Y+20	; 0x14
    24a8:	01 97       	sbiw	r24, 0x01	; 1
    24aa:	9c 8b       	std	Y+20, r25	; 0x14
    24ac:	8b 8b       	std	Y+19, r24	; 0x13
		__ticks = 1;
	else if (__tmp > 65535)
	{
		//	__ticks = requested delay in 1/10 ms
		__ticks = (uint16_t) (__ms * 10.0);
		while(__ticks)
    24ae:	8b 89       	ldd	r24, Y+19	; 0x13
    24b0:	9c 89       	ldd	r25, Y+20	; 0x14
    24b2:	00 97       	sbiw	r24, 0x00	; 0
    24b4:	69 f7       	brne	.-38     	; 0x2490 <HLCD_voidWriteCmd+0x136>
    24b6:	14 c0       	rjmp	.+40     	; 0x24e0 <HLCD_voidWriteCmd+0x186>
			__ticks --;
		}
		return;
	}
	else
		__ticks = (uint16_t)__tmp;
    24b8:	6d 89       	ldd	r22, Y+21	; 0x15
    24ba:	7e 89       	ldd	r23, Y+22	; 0x16
    24bc:	8f 89       	ldd	r24, Y+23	; 0x17
    24be:	98 8d       	ldd	r25, Y+24	; 0x18
    24c0:	0e 94 49 00 	call	0x92	; 0x92 <__fixunssfsi>
    24c4:	dc 01       	movw	r26, r24
    24c6:	cb 01       	movw	r24, r22
    24c8:	9c 8b       	std	Y+20, r25	; 0x14
    24ca:	8b 8b       	std	Y+19, r24	; 0x13
    24cc:	8b 89       	ldd	r24, Y+19	; 0x13
    24ce:	9c 89       	ldd	r25, Y+20	; 0x14
    24d0:	98 8b       	std	Y+16, r25	; 0x10
    24d2:	8f 87       	std	Y+15, r24	; 0x0f
    24d4:	8f 85       	ldd	r24, Y+15	; 0x0f
    24d6:	98 89       	ldd	r25, Y+16	; 0x10
    24d8:	01 97       	sbiw	r24, 0x01	; 1
    24da:	f1 f7       	brne	.-4      	; 0x24d8 <HLCD_voidWriteCmd+0x17e>
    24dc:	98 8b       	std	Y+16, r25	; 0x10
    24de:	8f 87       	std	Y+15, r24	; 0x0f
	_delay_ms(1) ;
	MDIO_voidSetPinValue(EN_PORT, EN_PIN, DIO_LOW) ;
    24e0:	80 e0       	ldi	r24, 0x00	; 0
    24e2:	62 e0       	ldi	r22, 0x02	; 2
    24e4:	40 e0       	ldi	r20, 0x00	; 0
    24e6:	0e 94 11 08 	call	0x1022	; 0x1022 <MDIO_voidSetPinValue>

	MDIO_voidSetPinValue(RS_PORT, RS_PIN, DIO_LOW) ;
    24ea:	80 e0       	ldi	r24, 0x00	; 0
    24ec:	63 e0       	ldi	r22, 0x03	; 3
    24ee:	40 e0       	ldi	r20, 0x00	; 0
    24f0:	0e 94 11 08 	call	0x1022	; 0x1022 <MDIO_voidSetPinValue>
	MDIO_voidSetPinValue(LCD_PORT, D4_PIN, READ_BIT(L_u8LowNibble , 0)) ;
    24f4:	8d 8d       	ldd	r24, Y+29	; 0x1d
    24f6:	98 2f       	mov	r25, r24
    24f8:	91 70       	andi	r25, 0x01	; 1
    24fa:	81 e0       	ldi	r24, 0x01	; 1
    24fc:	60 e0       	ldi	r22, 0x00	; 0
    24fe:	49 2f       	mov	r20, r25
    2500:	0e 94 11 08 	call	0x1022	; 0x1022 <MDIO_voidSetPinValue>
	MDIO_voidSetPinValue(LCD_PORT, D5_PIN, READ_BIT(L_u8LowNibble , 1)) ;
    2504:	8d 8d       	ldd	r24, Y+29	; 0x1d
    2506:	88 2f       	mov	r24, r24
    2508:	90 e0       	ldi	r25, 0x00	; 0
    250a:	82 70       	andi	r24, 0x02	; 2
    250c:	90 70       	andi	r25, 0x00	; 0
    250e:	95 95       	asr	r25
    2510:	87 95       	ror	r24
    2512:	98 2f       	mov	r25, r24
    2514:	81 e0       	ldi	r24, 0x01	; 1
    2516:	61 e0       	ldi	r22, 0x01	; 1
    2518:	49 2f       	mov	r20, r25
    251a:	0e 94 11 08 	call	0x1022	; 0x1022 <MDIO_voidSetPinValue>
	MDIO_voidSetPinValue(LCD_PORT, D6_PIN, READ_BIT(L_u8LowNibble , 2)) ;
    251e:	8d 8d       	ldd	r24, Y+29	; 0x1d
    2520:	88 2f       	mov	r24, r24
    2522:	90 e0       	ldi	r25, 0x00	; 0
    2524:	84 70       	andi	r24, 0x04	; 4
    2526:	90 70       	andi	r25, 0x00	; 0
    2528:	95 95       	asr	r25
    252a:	87 95       	ror	r24
    252c:	95 95       	asr	r25
    252e:	87 95       	ror	r24
    2530:	98 2f       	mov	r25, r24
    2532:	81 e0       	ldi	r24, 0x01	; 1
    2534:	62 e0       	ldi	r22, 0x02	; 2
    2536:	49 2f       	mov	r20, r25
    2538:	0e 94 11 08 	call	0x1022	; 0x1022 <MDIO_voidSetPinValue>
	MDIO_voidSetPinValue(LCD_PORT, D7_PIN, READ_BIT(L_u8LowNibble , 3)) ;
    253c:	8d 8d       	ldd	r24, Y+29	; 0x1d
    253e:	88 2f       	mov	r24, r24
    2540:	90 e0       	ldi	r25, 0x00	; 0
    2542:	88 70       	andi	r24, 0x08	; 8
    2544:	90 70       	andi	r25, 0x00	; 0
    2546:	95 95       	asr	r25
    2548:	87 95       	ror	r24
    254a:	95 95       	asr	r25
    254c:	87 95       	ror	r24
    254e:	95 95       	asr	r25
    2550:	87 95       	ror	r24
    2552:	98 2f       	mov	r25, r24
    2554:	81 e0       	ldi	r24, 0x01	; 1
    2556:	64 e0       	ldi	r22, 0x04	; 4
    2558:	49 2f       	mov	r20, r25
    255a:	0e 94 11 08 	call	0x1022	; 0x1022 <MDIO_voidSetPinValue>
	MDIO_voidSetPinValue(EN_PORT, EN_PIN, DIO_HIGH) ;
    255e:	80 e0       	ldi	r24, 0x00	; 0
    2560:	62 e0       	ldi	r22, 0x02	; 2
    2562:	41 e0       	ldi	r20, 0x01	; 1
    2564:	0e 94 11 08 	call	0x1022	; 0x1022 <MDIO_voidSetPinValue>
    2568:	80 e0       	ldi	r24, 0x00	; 0
    256a:	90 e0       	ldi	r25, 0x00	; 0
    256c:	a0 e8       	ldi	r26, 0x80	; 128
    256e:	bf e3       	ldi	r27, 0x3F	; 63
    2570:	8b 87       	std	Y+11, r24	; 0x0b
    2572:	9c 87       	std	Y+12, r25	; 0x0c
    2574:	ad 87       	std	Y+13, r26	; 0x0d
    2576:	be 87       	std	Y+14, r27	; 0x0e
 */
void
_delay_ms(double __ms)
{
	uint16_t __ticks;
	double __tmp = ((F_CPU) / 4e3) * __ms;
    2578:	6b 85       	ldd	r22, Y+11	; 0x0b
    257a:	7c 85       	ldd	r23, Y+12	; 0x0c
    257c:	8d 85       	ldd	r24, Y+13	; 0x0d
    257e:	9e 85       	ldd	r25, Y+14	; 0x0e
    2580:	20 e0       	ldi	r18, 0x00	; 0
    2582:	30 e0       	ldi	r19, 0x00	; 0
    2584:	4a ef       	ldi	r20, 0xFA	; 250
    2586:	54 e4       	ldi	r21, 0x44	; 68
    2588:	0e 94 1f 02 	call	0x43e	; 0x43e <__mulsf3>
    258c:	dc 01       	movw	r26, r24
    258e:	cb 01       	movw	r24, r22
    2590:	8f 83       	std	Y+7, r24	; 0x07
    2592:	98 87       	std	Y+8, r25	; 0x08
    2594:	a9 87       	std	Y+9, r26	; 0x09
    2596:	ba 87       	std	Y+10, r27	; 0x0a
	if (__tmp < 1.0)
    2598:	6f 81       	ldd	r22, Y+7	; 0x07
    259a:	78 85       	ldd	r23, Y+8	; 0x08
    259c:	89 85       	ldd	r24, Y+9	; 0x09
    259e:	9a 85       	ldd	r25, Y+10	; 0x0a
    25a0:	20 e0       	ldi	r18, 0x00	; 0
    25a2:	30 e0       	ldi	r19, 0x00	; 0
    25a4:	40 e8       	ldi	r20, 0x80	; 128
    25a6:	5f e3       	ldi	r21, 0x3F	; 63
    25a8:	0e 94 79 03 	call	0x6f2	; 0x6f2 <__ltsf2>
    25ac:	88 23       	and	r24, r24
    25ae:	2c f4       	brge	.+10     	; 0x25ba <HLCD_voidWriteCmd+0x260>
		__ticks = 1;
    25b0:	81 e0       	ldi	r24, 0x01	; 1
    25b2:	90 e0       	ldi	r25, 0x00	; 0
    25b4:	9e 83       	std	Y+6, r25	; 0x06
    25b6:	8d 83       	std	Y+5, r24	; 0x05
    25b8:	3f c0       	rjmp	.+126    	; 0x2638 <HLCD_voidWriteCmd+0x2de>
	else if (__tmp > 65535)
    25ba:	6f 81       	ldd	r22, Y+7	; 0x07
    25bc:	78 85       	ldd	r23, Y+8	; 0x08
    25be:	89 85       	ldd	r24, Y+9	; 0x09
    25c0:	9a 85       	ldd	r25, Y+10	; 0x0a
    25c2:	20 e0       	ldi	r18, 0x00	; 0
    25c4:	3f ef       	ldi	r19, 0xFF	; 255
    25c6:	4f e7       	ldi	r20, 0x7F	; 127
    25c8:	57 e4       	ldi	r21, 0x47	; 71
    25ca:	0e 94 19 03 	call	0x632	; 0x632 <__gtsf2>
    25ce:	18 16       	cp	r1, r24
    25d0:	4c f5       	brge	.+82     	; 0x2624 <HLCD_voidWriteCmd+0x2ca>
	{
		//	__ticks = requested delay in 1/10 ms
		__ticks = (uint16_t) (__ms * 10.0);
    25d2:	6b 85       	ldd	r22, Y+11	; 0x0b
    25d4:	7c 85       	ldd	r23, Y+12	; 0x0c
    25d6:	8d 85       	ldd	r24, Y+13	; 0x0d
    25d8:	9e 85       	ldd	r25, Y+14	; 0x0e
    25da:	20 e0       	ldi	r18, 0x00	; 0
    25dc:	30 e0       	ldi	r19, 0x00	; 0
    25de:	40 e2       	ldi	r20, 0x20	; 32
    25e0:	51 e4       	ldi	r21, 0x41	; 65
    25e2:	0e 94 1f 02 	call	0x43e	; 0x43e <__mulsf3>
    25e6:	dc 01       	movw	r26, r24
    25e8:	cb 01       	movw	r24, r22
    25ea:	bc 01       	movw	r22, r24
    25ec:	cd 01       	movw	r24, r26
    25ee:	0e 94 49 00 	call	0x92	; 0x92 <__fixunssfsi>
    25f2:	dc 01       	movw	r26, r24
    25f4:	cb 01       	movw	r24, r22
    25f6:	9e 83       	std	Y+6, r25	; 0x06
    25f8:	8d 83       	std	Y+5, r24	; 0x05
    25fa:	0f c0       	rjmp	.+30     	; 0x261a <HLCD_voidWriteCmd+0x2c0>
    25fc:	88 ec       	ldi	r24, 0xC8	; 200
    25fe:	90 e0       	ldi	r25, 0x00	; 0
    2600:	9c 83       	std	Y+4, r25	; 0x04
    2602:	8b 83       	std	Y+3, r24	; 0x03
    2604:	8b 81       	ldd	r24, Y+3	; 0x03
    2606:	9c 81       	ldd	r25, Y+4	; 0x04
    2608:	01 97       	sbiw	r24, 0x01	; 1
    260a:	f1 f7       	brne	.-4      	; 0x2608 <HLCD_voidWriteCmd+0x2ae>
    260c:	9c 83       	std	Y+4, r25	; 0x04
    260e:	8b 83       	std	Y+3, r24	; 0x03
		while(__ticks)
		{
			// wait 1/10 ms
			_delay_loop_2(((F_CPU) / 4e3) / 10);
			__ticks --;
    2610:	8d 81       	ldd	r24, Y+5	; 0x05
    2612:	9e 81       	ldd	r25, Y+6	; 0x06
    2614:	01 97       	sbiw	r24, 0x01	; 1
    2616:	9e 83       	std	Y+6, r25	; 0x06
    2618:	8d 83       	std	Y+5, r24	; 0x05
		__ticks = 1;
	else if (__tmp > 65535)
	{
		//	__ticks = requested delay in 1/10 ms
		__ticks = (uint16_t) (__ms * 10.0);
		while(__ticks)
    261a:	8d 81       	ldd	r24, Y+5	; 0x05
    261c:	9e 81       	ldd	r25, Y+6	; 0x06
    261e:	00 97       	sbiw	r24, 0x00	; 0
    2620:	69 f7       	brne	.-38     	; 0x25fc <HLCD_voidWriteCmd+0x2a2>
    2622:	14 c0       	rjmp	.+40     	; 0x264c <HLCD_voidWriteCmd+0x2f2>
			__ticks --;
		}
		return;
	}
	else
		__ticks = (uint16_t)__tmp;
    2624:	6f 81       	ldd	r22, Y+7	; 0x07
    2626:	78 85       	ldd	r23, Y+8	; 0x08
    2628:	89 85       	ldd	r24, Y+9	; 0x09
    262a:	9a 85       	ldd	r25, Y+10	; 0x0a
    262c:	0e 94 49 00 	call	0x92	; 0x92 <__fixunssfsi>
    2630:	dc 01       	movw	r26, r24
    2632:	cb 01       	movw	r24, r22
    2634:	9e 83       	std	Y+6, r25	; 0x06
    2636:	8d 83       	std	Y+5, r24	; 0x05
    2638:	8d 81       	ldd	r24, Y+5	; 0x05
    263a:	9e 81       	ldd	r25, Y+6	; 0x06
    263c:	9a 83       	std	Y+2, r25	; 0x02
    263e:	89 83       	std	Y+1, r24	; 0x01
    2640:	89 81       	ldd	r24, Y+1	; 0x01
    2642:	9a 81       	ldd	r25, Y+2	; 0x02
    2644:	01 97       	sbiw	r24, 0x01	; 1
    2646:	f1 f7       	brne	.-4      	; 0x2644 <HLCD_voidWriteCmd+0x2ea>
    2648:	9a 83       	std	Y+2, r25	; 0x02
    264a:	89 83       	std	Y+1, r24	; 0x01
	_delay_ms(1) ;
	MDIO_voidSetPinValue(EN_PORT, EN_PIN, DIO_LOW);
    264c:	80 e0       	ldi	r24, 0x00	; 0
    264e:	62 e0       	ldi	r22, 0x02	; 2
    2650:	40 e0       	ldi	r20, 0x00	; 0
    2652:	0e 94 11 08 	call	0x1022	; 0x1022 <MDIO_voidSetPinValue>
}
    2656:	6f 96       	adiw	r28, 0x1f	; 31
    2658:	0f b6       	in	r0, 0x3f	; 63
    265a:	f8 94       	cli
    265c:	de bf       	out	0x3e, r29	; 62
    265e:	0f be       	out	0x3f, r0	; 63
    2660:	cd bf       	out	0x3d, r28	; 61
    2662:	cf 91       	pop	r28
    2664:	df 91       	pop	r29
    2666:	08 95       	ret

00002668 <HLCD_voidWriteData>:
void HLCD_voidWriteData (u8 A_u8Data)
{
    2668:	df 93       	push	r29
    266a:	cf 93       	push	r28
    266c:	cd b7       	in	r28, 0x3d	; 61
    266e:	de b7       	in	r29, 0x3e	; 62
    2670:	6f 97       	sbiw	r28, 0x1f	; 31
    2672:	0f b6       	in	r0, 0x3f	; 63
    2674:	f8 94       	cli
    2676:	de bf       	out	0x3e, r29	; 62
    2678:	0f be       	out	0x3f, r0	; 63
    267a:	cd bf       	out	0x3d, r28	; 61
    267c:	8f 8f       	std	Y+31, r24	; 0x1f
	u8 L_u8HighNibble = A_u8Data>>4;
    267e:	8f 8d       	ldd	r24, Y+31	; 0x1f
    2680:	82 95       	swap	r24
    2682:	8f 70       	andi	r24, 0x0F	; 15
    2684:	8e 8f       	std	Y+30, r24	; 0x1e
	u8 L_u8LowNibble =  A_u8Data&(0x0f);
    2686:	8f 8d       	ldd	r24, Y+31	; 0x1f
    2688:	8f 70       	andi	r24, 0x0F	; 15
    268a:	8d 8f       	std	Y+29, r24	; 0x1d
	MDIO_voidSetPinValue(RS_PORT, RS_PIN, DIO_HIGH) ;
    268c:	80 e0       	ldi	r24, 0x00	; 0
    268e:	63 e0       	ldi	r22, 0x03	; 3
    2690:	41 e0       	ldi	r20, 0x01	; 1
    2692:	0e 94 11 08 	call	0x1022	; 0x1022 <MDIO_voidSetPinValue>
	MDIO_voidSetPinValue(LCD_PORT, D4_PIN, READ_BIT(L_u8HighNibble , 0)) ;
    2696:	8e 8d       	ldd	r24, Y+30	; 0x1e
    2698:	98 2f       	mov	r25, r24
    269a:	91 70       	andi	r25, 0x01	; 1
    269c:	81 e0       	ldi	r24, 0x01	; 1
    269e:	60 e0       	ldi	r22, 0x00	; 0
    26a0:	49 2f       	mov	r20, r25
    26a2:	0e 94 11 08 	call	0x1022	; 0x1022 <MDIO_voidSetPinValue>
	MDIO_voidSetPinValue(LCD_PORT, D5_PIN, READ_BIT(L_u8HighNibble , 1)) ;
    26a6:	8e 8d       	ldd	r24, Y+30	; 0x1e
    26a8:	88 2f       	mov	r24, r24
    26aa:	90 e0       	ldi	r25, 0x00	; 0
    26ac:	82 70       	andi	r24, 0x02	; 2
    26ae:	90 70       	andi	r25, 0x00	; 0
    26b0:	95 95       	asr	r25
    26b2:	87 95       	ror	r24
    26b4:	98 2f       	mov	r25, r24
    26b6:	81 e0       	ldi	r24, 0x01	; 1
    26b8:	61 e0       	ldi	r22, 0x01	; 1
    26ba:	49 2f       	mov	r20, r25
    26bc:	0e 94 11 08 	call	0x1022	; 0x1022 <MDIO_voidSetPinValue>
	MDIO_voidSetPinValue(LCD_PORT, D6_PIN, READ_BIT(L_u8HighNibble , 2)) ;
    26c0:	8e 8d       	ldd	r24, Y+30	; 0x1e
    26c2:	88 2f       	mov	r24, r24
    26c4:	90 e0       	ldi	r25, 0x00	; 0
    26c6:	84 70       	andi	r24, 0x04	; 4
    26c8:	90 70       	andi	r25, 0x00	; 0
    26ca:	95 95       	asr	r25
    26cc:	87 95       	ror	r24
    26ce:	95 95       	asr	r25
    26d0:	87 95       	ror	r24
    26d2:	98 2f       	mov	r25, r24
    26d4:	81 e0       	ldi	r24, 0x01	; 1
    26d6:	62 e0       	ldi	r22, 0x02	; 2
    26d8:	49 2f       	mov	r20, r25
    26da:	0e 94 11 08 	call	0x1022	; 0x1022 <MDIO_voidSetPinValue>
	MDIO_voidSetPinValue(LCD_PORT, D7_PIN, READ_BIT(L_u8HighNibble , 3)) ;
    26de:	8e 8d       	ldd	r24, Y+30	; 0x1e
    26e0:	88 2f       	mov	r24, r24
    26e2:	90 e0       	ldi	r25, 0x00	; 0
    26e4:	88 70       	andi	r24, 0x08	; 8
    26e6:	90 70       	andi	r25, 0x00	; 0
    26e8:	95 95       	asr	r25
    26ea:	87 95       	ror	r24
    26ec:	95 95       	asr	r25
    26ee:	87 95       	ror	r24
    26f0:	95 95       	asr	r25
    26f2:	87 95       	ror	r24
    26f4:	98 2f       	mov	r25, r24
    26f6:	81 e0       	ldi	r24, 0x01	; 1
    26f8:	64 e0       	ldi	r22, 0x04	; 4
    26fa:	49 2f       	mov	r20, r25
    26fc:	0e 94 11 08 	call	0x1022	; 0x1022 <MDIO_voidSetPinValue>
	MDIO_voidSetPinValue(EN_PORT, EN_PIN, DIO_HIGH) ;
    2700:	80 e0       	ldi	r24, 0x00	; 0
    2702:	62 e0       	ldi	r22, 0x02	; 2
    2704:	41 e0       	ldi	r20, 0x01	; 1
    2706:	0e 94 11 08 	call	0x1022	; 0x1022 <MDIO_voidSetPinValue>
    270a:	80 e0       	ldi	r24, 0x00	; 0
    270c:	90 e0       	ldi	r25, 0x00	; 0
    270e:	a0 e8       	ldi	r26, 0x80	; 128
    2710:	bf e3       	ldi	r27, 0x3F	; 63
    2712:	89 8f       	std	Y+25, r24	; 0x19
    2714:	9a 8f       	std	Y+26, r25	; 0x1a
    2716:	ab 8f       	std	Y+27, r26	; 0x1b
    2718:	bc 8f       	std	Y+28, r27	; 0x1c
 */
void
_delay_ms(double __ms)
{
	uint16_t __ticks;
	double __tmp = ((F_CPU) / 4e3) * __ms;
    271a:	69 8d       	ldd	r22, Y+25	; 0x19
    271c:	7a 8d       	ldd	r23, Y+26	; 0x1a
    271e:	8b 8d       	ldd	r24, Y+27	; 0x1b
    2720:	9c 8d       	ldd	r25, Y+28	; 0x1c
    2722:	20 e0       	ldi	r18, 0x00	; 0
    2724:	30 e0       	ldi	r19, 0x00	; 0
    2726:	4a ef       	ldi	r20, 0xFA	; 250
    2728:	54 e4       	ldi	r21, 0x44	; 68
    272a:	0e 94 1f 02 	call	0x43e	; 0x43e <__mulsf3>
    272e:	dc 01       	movw	r26, r24
    2730:	cb 01       	movw	r24, r22
    2732:	8d 8b       	std	Y+21, r24	; 0x15
    2734:	9e 8b       	std	Y+22, r25	; 0x16
    2736:	af 8b       	std	Y+23, r26	; 0x17
    2738:	b8 8f       	std	Y+24, r27	; 0x18
	if (__tmp < 1.0)
    273a:	6d 89       	ldd	r22, Y+21	; 0x15
    273c:	7e 89       	ldd	r23, Y+22	; 0x16
    273e:	8f 89       	ldd	r24, Y+23	; 0x17
    2740:	98 8d       	ldd	r25, Y+24	; 0x18
    2742:	20 e0       	ldi	r18, 0x00	; 0
    2744:	30 e0       	ldi	r19, 0x00	; 0
    2746:	40 e8       	ldi	r20, 0x80	; 128
    2748:	5f e3       	ldi	r21, 0x3F	; 63
    274a:	0e 94 79 03 	call	0x6f2	; 0x6f2 <__ltsf2>
    274e:	88 23       	and	r24, r24
    2750:	2c f4       	brge	.+10     	; 0x275c <HLCD_voidWriteData+0xf4>
		__ticks = 1;
    2752:	81 e0       	ldi	r24, 0x01	; 1
    2754:	90 e0       	ldi	r25, 0x00	; 0
    2756:	9c 8b       	std	Y+20, r25	; 0x14
    2758:	8b 8b       	std	Y+19, r24	; 0x13
    275a:	3f c0       	rjmp	.+126    	; 0x27da <HLCD_voidWriteData+0x172>
	else if (__tmp > 65535)
    275c:	6d 89       	ldd	r22, Y+21	; 0x15
    275e:	7e 89       	ldd	r23, Y+22	; 0x16
    2760:	8f 89       	ldd	r24, Y+23	; 0x17
    2762:	98 8d       	ldd	r25, Y+24	; 0x18
    2764:	20 e0       	ldi	r18, 0x00	; 0
    2766:	3f ef       	ldi	r19, 0xFF	; 255
    2768:	4f e7       	ldi	r20, 0x7F	; 127
    276a:	57 e4       	ldi	r21, 0x47	; 71
    276c:	0e 94 19 03 	call	0x632	; 0x632 <__gtsf2>
    2770:	18 16       	cp	r1, r24
    2772:	4c f5       	brge	.+82     	; 0x27c6 <HLCD_voidWriteData+0x15e>
	{
		//	__ticks = requested delay in 1/10 ms
		__ticks = (uint16_t) (__ms * 10.0);
    2774:	69 8d       	ldd	r22, Y+25	; 0x19
    2776:	7a 8d       	ldd	r23, Y+26	; 0x1a
    2778:	8b 8d       	ldd	r24, Y+27	; 0x1b
    277a:	9c 8d       	ldd	r25, Y+28	; 0x1c
    277c:	20 e0       	ldi	r18, 0x00	; 0
    277e:	30 e0       	ldi	r19, 0x00	; 0
    2780:	40 e2       	ldi	r20, 0x20	; 32
    2782:	51 e4       	ldi	r21, 0x41	; 65
    2784:	0e 94 1f 02 	call	0x43e	; 0x43e <__mulsf3>
    2788:	dc 01       	movw	r26, r24
    278a:	cb 01       	movw	r24, r22
    278c:	bc 01       	movw	r22, r24
    278e:	cd 01       	movw	r24, r26
    2790:	0e 94 49 00 	call	0x92	; 0x92 <__fixunssfsi>
    2794:	dc 01       	movw	r26, r24
    2796:	cb 01       	movw	r24, r22
    2798:	9c 8b       	std	Y+20, r25	; 0x14
    279a:	8b 8b       	std	Y+19, r24	; 0x13
    279c:	0f c0       	rjmp	.+30     	; 0x27bc <HLCD_voidWriteData+0x154>
    279e:	88 ec       	ldi	r24, 0xC8	; 200
    27a0:	90 e0       	ldi	r25, 0x00	; 0
    27a2:	9a 8b       	std	Y+18, r25	; 0x12
    27a4:	89 8b       	std	Y+17, r24	; 0x11
    27a6:	89 89       	ldd	r24, Y+17	; 0x11
    27a8:	9a 89       	ldd	r25, Y+18	; 0x12
    27aa:	01 97       	sbiw	r24, 0x01	; 1
    27ac:	f1 f7       	brne	.-4      	; 0x27aa <HLCD_voidWriteData+0x142>
    27ae:	9a 8b       	std	Y+18, r25	; 0x12
    27b0:	89 8b       	std	Y+17, r24	; 0x11
		while(__ticks)
		{
			// wait 1/10 ms
			_delay_loop_2(((F_CPU) / 4e3) / 10);
			__ticks --;
    27b2:	8b 89       	ldd	r24, Y+19	; 0x13
    27b4:	9c 89       	ldd	r25, Y+20	; 0x14
    27b6:	01 97       	sbiw	r24, 0x01	; 1
    27b8:	9c 8b       	std	Y+20, r25	; 0x14
    27ba:	8b 8b       	std	Y+19, r24	; 0x13
		__ticks = 1;
	else if (__tmp > 65535)
	{
		//	__ticks = requested delay in 1/10 ms
		__ticks = (uint16_t) (__ms * 10.0);
		while(__ticks)
    27bc:	8b 89       	ldd	r24, Y+19	; 0x13
    27be:	9c 89       	ldd	r25, Y+20	; 0x14
    27c0:	00 97       	sbiw	r24, 0x00	; 0
    27c2:	69 f7       	brne	.-38     	; 0x279e <HLCD_voidWriteData+0x136>
    27c4:	14 c0       	rjmp	.+40     	; 0x27ee <HLCD_voidWriteData+0x186>
			__ticks --;
		}
		return;
	}
	else
		__ticks = (uint16_t)__tmp;
    27c6:	6d 89       	ldd	r22, Y+21	; 0x15
    27c8:	7e 89       	ldd	r23, Y+22	; 0x16
    27ca:	8f 89       	ldd	r24, Y+23	; 0x17
    27cc:	98 8d       	ldd	r25, Y+24	; 0x18
    27ce:	0e 94 49 00 	call	0x92	; 0x92 <__fixunssfsi>
    27d2:	dc 01       	movw	r26, r24
    27d4:	cb 01       	movw	r24, r22
    27d6:	9c 8b       	std	Y+20, r25	; 0x14
    27d8:	8b 8b       	std	Y+19, r24	; 0x13
    27da:	8b 89       	ldd	r24, Y+19	; 0x13
    27dc:	9c 89       	ldd	r25, Y+20	; 0x14
    27de:	98 8b       	std	Y+16, r25	; 0x10
    27e0:	8f 87       	std	Y+15, r24	; 0x0f
    27e2:	8f 85       	ldd	r24, Y+15	; 0x0f
    27e4:	98 89       	ldd	r25, Y+16	; 0x10
    27e6:	01 97       	sbiw	r24, 0x01	; 1
    27e8:	f1 f7       	brne	.-4      	; 0x27e6 <HLCD_voidWriteData+0x17e>
    27ea:	98 8b       	std	Y+16, r25	; 0x10
    27ec:	8f 87       	std	Y+15, r24	; 0x0f
	_delay_ms(1) ;
	MDIO_voidSetPinValue(EN_PORT, EN_PIN, DIO_LOW) ;
    27ee:	80 e0       	ldi	r24, 0x00	; 0
    27f0:	62 e0       	ldi	r22, 0x02	; 2
    27f2:	40 e0       	ldi	r20, 0x00	; 0
    27f4:	0e 94 11 08 	call	0x1022	; 0x1022 <MDIO_voidSetPinValue>

	MDIO_voidSetPinValue(RS_PORT, RS_PIN, DIO_HIGH) ;
    27f8:	80 e0       	ldi	r24, 0x00	; 0
    27fa:	63 e0       	ldi	r22, 0x03	; 3
    27fc:	41 e0       	ldi	r20, 0x01	; 1
    27fe:	0e 94 11 08 	call	0x1022	; 0x1022 <MDIO_voidSetPinValue>
	MDIO_voidSetPinValue(LCD_PORT, D4_PIN, READ_BIT(L_u8LowNibble , 0)) ;
    2802:	8d 8d       	ldd	r24, Y+29	; 0x1d
    2804:	98 2f       	mov	r25, r24
    2806:	91 70       	andi	r25, 0x01	; 1
    2808:	81 e0       	ldi	r24, 0x01	; 1
    280a:	60 e0       	ldi	r22, 0x00	; 0
    280c:	49 2f       	mov	r20, r25
    280e:	0e 94 11 08 	call	0x1022	; 0x1022 <MDIO_voidSetPinValue>
	MDIO_voidSetPinValue(LCD_PORT, D5_PIN, READ_BIT(L_u8LowNibble , 1)) ;
    2812:	8d 8d       	ldd	r24, Y+29	; 0x1d
    2814:	88 2f       	mov	r24, r24
    2816:	90 e0       	ldi	r25, 0x00	; 0
    2818:	82 70       	andi	r24, 0x02	; 2
    281a:	90 70       	andi	r25, 0x00	; 0
    281c:	95 95       	asr	r25
    281e:	87 95       	ror	r24
    2820:	98 2f       	mov	r25, r24
    2822:	81 e0       	ldi	r24, 0x01	; 1
    2824:	61 e0       	ldi	r22, 0x01	; 1
    2826:	49 2f       	mov	r20, r25
    2828:	0e 94 11 08 	call	0x1022	; 0x1022 <MDIO_voidSetPinValue>
	MDIO_voidSetPinValue(LCD_PORT, D6_PIN, READ_BIT(L_u8LowNibble , 2)) ;
    282c:	8d 8d       	ldd	r24, Y+29	; 0x1d
    282e:	88 2f       	mov	r24, r24
    2830:	90 e0       	ldi	r25, 0x00	; 0
    2832:	84 70       	andi	r24, 0x04	; 4
    2834:	90 70       	andi	r25, 0x00	; 0
    2836:	95 95       	asr	r25
    2838:	87 95       	ror	r24
    283a:	95 95       	asr	r25
    283c:	87 95       	ror	r24
    283e:	98 2f       	mov	r25, r24
    2840:	81 e0       	ldi	r24, 0x01	; 1
    2842:	62 e0       	ldi	r22, 0x02	; 2
    2844:	49 2f       	mov	r20, r25
    2846:	0e 94 11 08 	call	0x1022	; 0x1022 <MDIO_voidSetPinValue>
	MDIO_voidSetPinValue(LCD_PORT, D7_PIN, READ_BIT(L_u8LowNibble , 3)) ;
    284a:	8d 8d       	ldd	r24, Y+29	; 0x1d
    284c:	88 2f       	mov	r24, r24
    284e:	90 e0       	ldi	r25, 0x00	; 0
    2850:	88 70       	andi	r24, 0x08	; 8
    2852:	90 70       	andi	r25, 0x00	; 0
    2854:	95 95       	asr	r25
    2856:	87 95       	ror	r24
    2858:	95 95       	asr	r25
    285a:	87 95       	ror	r24
    285c:	95 95       	asr	r25
    285e:	87 95       	ror	r24
    2860:	98 2f       	mov	r25, r24
    2862:	81 e0       	ldi	r24, 0x01	; 1
    2864:	64 e0       	ldi	r22, 0x04	; 4
    2866:	49 2f       	mov	r20, r25
    2868:	0e 94 11 08 	call	0x1022	; 0x1022 <MDIO_voidSetPinValue>
	MDIO_voidSetPinValue(EN_PORT, EN_PIN, DIO_HIGH) ;
    286c:	80 e0       	ldi	r24, 0x00	; 0
    286e:	62 e0       	ldi	r22, 0x02	; 2
    2870:	41 e0       	ldi	r20, 0x01	; 1
    2872:	0e 94 11 08 	call	0x1022	; 0x1022 <MDIO_voidSetPinValue>
    2876:	80 e0       	ldi	r24, 0x00	; 0
    2878:	90 e0       	ldi	r25, 0x00	; 0
    287a:	a0 e8       	ldi	r26, 0x80	; 128
    287c:	bf e3       	ldi	r27, 0x3F	; 63
    287e:	8b 87       	std	Y+11, r24	; 0x0b
    2880:	9c 87       	std	Y+12, r25	; 0x0c
    2882:	ad 87       	std	Y+13, r26	; 0x0d
    2884:	be 87       	std	Y+14, r27	; 0x0e
 */
void
_delay_ms(double __ms)
{
	uint16_t __ticks;
	double __tmp = ((F_CPU) / 4e3) * __ms;
    2886:	6b 85       	ldd	r22, Y+11	; 0x0b
    2888:	7c 85       	ldd	r23, Y+12	; 0x0c
    288a:	8d 85       	ldd	r24, Y+13	; 0x0d
    288c:	9e 85       	ldd	r25, Y+14	; 0x0e
    288e:	20 e0       	ldi	r18, 0x00	; 0
    2890:	30 e0       	ldi	r19, 0x00	; 0
    2892:	4a ef       	ldi	r20, 0xFA	; 250
    2894:	54 e4       	ldi	r21, 0x44	; 68
    2896:	0e 94 1f 02 	call	0x43e	; 0x43e <__mulsf3>
    289a:	dc 01       	movw	r26, r24
    289c:	cb 01       	movw	r24, r22
    289e:	8f 83       	std	Y+7, r24	; 0x07
    28a0:	98 87       	std	Y+8, r25	; 0x08
    28a2:	a9 87       	std	Y+9, r26	; 0x09
    28a4:	ba 87       	std	Y+10, r27	; 0x0a
	if (__tmp < 1.0)
    28a6:	6f 81       	ldd	r22, Y+7	; 0x07
    28a8:	78 85       	ldd	r23, Y+8	; 0x08
    28aa:	89 85       	ldd	r24, Y+9	; 0x09
    28ac:	9a 85       	ldd	r25, Y+10	; 0x0a
    28ae:	20 e0       	ldi	r18, 0x00	; 0
    28b0:	30 e0       	ldi	r19, 0x00	; 0
    28b2:	40 e8       	ldi	r20, 0x80	; 128
    28b4:	5f e3       	ldi	r21, 0x3F	; 63
    28b6:	0e 94 79 03 	call	0x6f2	; 0x6f2 <__ltsf2>
    28ba:	88 23       	and	r24, r24
    28bc:	2c f4       	brge	.+10     	; 0x28c8 <HLCD_voidWriteData+0x260>
		__ticks = 1;
    28be:	81 e0       	ldi	r24, 0x01	; 1
    28c0:	90 e0       	ldi	r25, 0x00	; 0
    28c2:	9e 83       	std	Y+6, r25	; 0x06
    28c4:	8d 83       	std	Y+5, r24	; 0x05
    28c6:	3f c0       	rjmp	.+126    	; 0x2946 <HLCD_voidWriteData+0x2de>
	else if (__tmp > 65535)
    28c8:	6f 81       	ldd	r22, Y+7	; 0x07
    28ca:	78 85       	ldd	r23, Y+8	; 0x08
    28cc:	89 85       	ldd	r24, Y+9	; 0x09
    28ce:	9a 85       	ldd	r25, Y+10	; 0x0a
    28d0:	20 e0       	ldi	r18, 0x00	; 0
    28d2:	3f ef       	ldi	r19, 0xFF	; 255
    28d4:	4f e7       	ldi	r20, 0x7F	; 127
    28d6:	57 e4       	ldi	r21, 0x47	; 71
    28d8:	0e 94 19 03 	call	0x632	; 0x632 <__gtsf2>
    28dc:	18 16       	cp	r1, r24
    28de:	4c f5       	brge	.+82     	; 0x2932 <HLCD_voidWriteData+0x2ca>
	{
		//	__ticks = requested delay in 1/10 ms
		__ticks = (uint16_t) (__ms * 10.0);
    28e0:	6b 85       	ldd	r22, Y+11	; 0x0b
    28e2:	7c 85       	ldd	r23, Y+12	; 0x0c
    28e4:	8d 85       	ldd	r24, Y+13	; 0x0d
    28e6:	9e 85       	ldd	r25, Y+14	; 0x0e
    28e8:	20 e0       	ldi	r18, 0x00	; 0
    28ea:	30 e0       	ldi	r19, 0x00	; 0
    28ec:	40 e2       	ldi	r20, 0x20	; 32
    28ee:	51 e4       	ldi	r21, 0x41	; 65
    28f0:	0e 94 1f 02 	call	0x43e	; 0x43e <__mulsf3>
    28f4:	dc 01       	movw	r26, r24
    28f6:	cb 01       	movw	r24, r22
    28f8:	bc 01       	movw	r22, r24
    28fa:	cd 01       	movw	r24, r26
    28fc:	0e 94 49 00 	call	0x92	; 0x92 <__fixunssfsi>
    2900:	dc 01       	movw	r26, r24
    2902:	cb 01       	movw	r24, r22
    2904:	9e 83       	std	Y+6, r25	; 0x06
    2906:	8d 83       	std	Y+5, r24	; 0x05
    2908:	0f c0       	rjmp	.+30     	; 0x2928 <HLCD_voidWriteData+0x2c0>
    290a:	88 ec       	ldi	r24, 0xC8	; 200
    290c:	90 e0       	ldi	r25, 0x00	; 0
    290e:	9c 83       	std	Y+4, r25	; 0x04
    2910:	8b 83       	std	Y+3, r24	; 0x03
    2912:	8b 81       	ldd	r24, Y+3	; 0x03
    2914:	9c 81       	ldd	r25, Y+4	; 0x04
    2916:	01 97       	sbiw	r24, 0x01	; 1
    2918:	f1 f7       	brne	.-4      	; 0x2916 <HLCD_voidWriteData+0x2ae>
    291a:	9c 83       	std	Y+4, r25	; 0x04
    291c:	8b 83       	std	Y+3, r24	; 0x03
		while(__ticks)
		{
			// wait 1/10 ms
			_delay_loop_2(((F_CPU) / 4e3) / 10);
			__ticks --;
    291e:	8d 81       	ldd	r24, Y+5	; 0x05
    2920:	9e 81       	ldd	r25, Y+6	; 0x06
    2922:	01 97       	sbiw	r24, 0x01	; 1
    2924:	9e 83       	std	Y+6, r25	; 0x06
    2926:	8d 83       	std	Y+5, r24	; 0x05
		__ticks = 1;
	else if (__tmp > 65535)
	{
		//	__ticks = requested delay in 1/10 ms
		__ticks = (uint16_t) (__ms * 10.0);
		while(__ticks)
    2928:	8d 81       	ldd	r24, Y+5	; 0x05
    292a:	9e 81       	ldd	r25, Y+6	; 0x06
    292c:	00 97       	sbiw	r24, 0x00	; 0
    292e:	69 f7       	brne	.-38     	; 0x290a <HLCD_voidWriteData+0x2a2>
    2930:	14 c0       	rjmp	.+40     	; 0x295a <HLCD_voidWriteData+0x2f2>
			__ticks --;
		}
		return;
	}
	else
		__ticks = (uint16_t)__tmp;
    2932:	6f 81       	ldd	r22, Y+7	; 0x07
    2934:	78 85       	ldd	r23, Y+8	; 0x08
    2936:	89 85       	ldd	r24, Y+9	; 0x09
    2938:	9a 85       	ldd	r25, Y+10	; 0x0a
    293a:	0e 94 49 00 	call	0x92	; 0x92 <__fixunssfsi>
    293e:	dc 01       	movw	r26, r24
    2940:	cb 01       	movw	r24, r22
    2942:	9e 83       	std	Y+6, r25	; 0x06
    2944:	8d 83       	std	Y+5, r24	; 0x05
    2946:	8d 81       	ldd	r24, Y+5	; 0x05
    2948:	9e 81       	ldd	r25, Y+6	; 0x06
    294a:	9a 83       	std	Y+2, r25	; 0x02
    294c:	89 83       	std	Y+1, r24	; 0x01
    294e:	89 81       	ldd	r24, Y+1	; 0x01
    2950:	9a 81       	ldd	r25, Y+2	; 0x02
    2952:	01 97       	sbiw	r24, 0x01	; 1
    2954:	f1 f7       	brne	.-4      	; 0x2952 <HLCD_voidWriteData+0x2ea>
    2956:	9a 83       	std	Y+2, r25	; 0x02
    2958:	89 83       	std	Y+1, r24	; 0x01
	_delay_ms(1) ;
	MDIO_voidSetPinValue(EN_PORT, EN_PIN, DIO_LOW) ;
    295a:	80 e0       	ldi	r24, 0x00	; 0
    295c:	62 e0       	ldi	r22, 0x02	; 2
    295e:	40 e0       	ldi	r20, 0x00	; 0
    2960:	0e 94 11 08 	call	0x1022	; 0x1022 <MDIO_voidSetPinValue>
}
    2964:	6f 96       	adiw	r28, 0x1f	; 31
    2966:	0f b6       	in	r0, 0x3f	; 63
    2968:	f8 94       	cli
    296a:	de bf       	out	0x3e, r29	; 62
    296c:	0f be       	out	0x3f, r0	; 63
    296e:	cd bf       	out	0x3d, r28	; 61
    2970:	cf 91       	pop	r28
    2972:	df 91       	pop	r29
    2974:	08 95       	ret

00002976 <HLCD_voidSendStr>:
void HLCD_voidSendStr   (u8*pstr)
{
    2976:	df 93       	push	r29
    2978:	cf 93       	push	r28
    297a:	00 d0       	rcall	.+0      	; 0x297c <HLCD_voidSendStr+0x6>
    297c:	0f 92       	push	r0
    297e:	cd b7       	in	r28, 0x3d	; 61
    2980:	de b7       	in	r29, 0x3e	; 62
    2982:	9b 83       	std	Y+3, r25	; 0x03
    2984:	8a 83       	std	Y+2, r24	; 0x02
	u8 L_u8Iterator = 0 ;
    2986:	19 82       	std	Y+1, r1	; 0x01
    2988:	0e c0       	rjmp	.+28     	; 0x29a6 <HLCD_voidSendStr+0x30>
	while (pstr[L_u8Iterator]!=0)
	{
		HLCD_voidWriteData (pstr[L_u8Iterator]) ;
    298a:	89 81       	ldd	r24, Y+1	; 0x01
    298c:	28 2f       	mov	r18, r24
    298e:	30 e0       	ldi	r19, 0x00	; 0
    2990:	8a 81       	ldd	r24, Y+2	; 0x02
    2992:	9b 81       	ldd	r25, Y+3	; 0x03
    2994:	fc 01       	movw	r30, r24
    2996:	e2 0f       	add	r30, r18
    2998:	f3 1f       	adc	r31, r19
    299a:	80 81       	ld	r24, Z
    299c:	0e 94 34 13 	call	0x2668	; 0x2668 <HLCD_voidWriteData>
		L_u8Iterator++ ;
    29a0:	89 81       	ldd	r24, Y+1	; 0x01
    29a2:	8f 5f       	subi	r24, 0xFF	; 255
    29a4:	89 83       	std	Y+1, r24	; 0x01
	MDIO_voidSetPinValue(EN_PORT, EN_PIN, DIO_LOW) ;
}
void HLCD_voidSendStr   (u8*pstr)
{
	u8 L_u8Iterator = 0 ;
	while (pstr[L_u8Iterator]!=0)
    29a6:	89 81       	ldd	r24, Y+1	; 0x01
    29a8:	28 2f       	mov	r18, r24
    29aa:	30 e0       	ldi	r19, 0x00	; 0
    29ac:	8a 81       	ldd	r24, Y+2	; 0x02
    29ae:	9b 81       	ldd	r25, Y+3	; 0x03
    29b0:	fc 01       	movw	r30, r24
    29b2:	e2 0f       	add	r30, r18
    29b4:	f3 1f       	adc	r31, r19
    29b6:	80 81       	ld	r24, Z
    29b8:	88 23       	and	r24, r24
    29ba:	39 f7       	brne	.-50     	; 0x298a <HLCD_voidSendStr+0x14>
	{
		HLCD_voidWriteData (pstr[L_u8Iterator]) ;
		L_u8Iterator++ ;
	}
}
    29bc:	0f 90       	pop	r0
    29be:	0f 90       	pop	r0
    29c0:	0f 90       	pop	r0
    29c2:	cf 91       	pop	r28
    29c4:	df 91       	pop	r29
    29c6:	08 95       	ret

000029c8 <HLCD_voidClearScreen>:
void HLCD_voidClearScreen (void)
{
    29c8:	df 93       	push	r29
    29ca:	cf 93       	push	r28
    29cc:	cd b7       	in	r28, 0x3d	; 61
    29ce:	de b7       	in	r29, 0x3e	; 62
    29d0:	2e 97       	sbiw	r28, 0x0e	; 14
    29d2:	0f b6       	in	r0, 0x3f	; 63
    29d4:	f8 94       	cli
    29d6:	de bf       	out	0x3e, r29	; 62
    29d8:	0f be       	out	0x3f, r0	; 63
    29da:	cd bf       	out	0x3d, r28	; 61
	HLCD_voidWriteCmd(0x01) ;//clear
    29dc:	81 e0       	ldi	r24, 0x01	; 1
    29de:	0e 94 ad 11 	call	0x235a	; 0x235a <HLCD_voidWriteCmd>
    29e2:	80 e0       	ldi	r24, 0x00	; 0
    29e4:	90 e0       	ldi	r25, 0x00	; 0
    29e6:	a0 ea       	ldi	r26, 0xA0	; 160
    29e8:	b0 e4       	ldi	r27, 0x40	; 64
    29ea:	8b 87       	std	Y+11, r24	; 0x0b
    29ec:	9c 87       	std	Y+12, r25	; 0x0c
    29ee:	ad 87       	std	Y+13, r26	; 0x0d
    29f0:	be 87       	std	Y+14, r27	; 0x0e
 */
void
_delay_ms(double __ms)
{
	uint16_t __ticks;
	double __tmp = ((F_CPU) / 4e3) * __ms;
    29f2:	6b 85       	ldd	r22, Y+11	; 0x0b
    29f4:	7c 85       	ldd	r23, Y+12	; 0x0c
    29f6:	8d 85       	ldd	r24, Y+13	; 0x0d
    29f8:	9e 85       	ldd	r25, Y+14	; 0x0e
    29fa:	20 e0       	ldi	r18, 0x00	; 0
    29fc:	30 e0       	ldi	r19, 0x00	; 0
    29fe:	4a ef       	ldi	r20, 0xFA	; 250
    2a00:	54 e4       	ldi	r21, 0x44	; 68
    2a02:	0e 94 1f 02 	call	0x43e	; 0x43e <__mulsf3>
    2a06:	dc 01       	movw	r26, r24
    2a08:	cb 01       	movw	r24, r22
    2a0a:	8f 83       	std	Y+7, r24	; 0x07
    2a0c:	98 87       	std	Y+8, r25	; 0x08
    2a0e:	a9 87       	std	Y+9, r26	; 0x09
    2a10:	ba 87       	std	Y+10, r27	; 0x0a
	if (__tmp < 1.0)
    2a12:	6f 81       	ldd	r22, Y+7	; 0x07
    2a14:	78 85       	ldd	r23, Y+8	; 0x08
    2a16:	89 85       	ldd	r24, Y+9	; 0x09
    2a18:	9a 85       	ldd	r25, Y+10	; 0x0a
    2a1a:	20 e0       	ldi	r18, 0x00	; 0
    2a1c:	30 e0       	ldi	r19, 0x00	; 0
    2a1e:	40 e8       	ldi	r20, 0x80	; 128
    2a20:	5f e3       	ldi	r21, 0x3F	; 63
    2a22:	0e 94 79 03 	call	0x6f2	; 0x6f2 <__ltsf2>
    2a26:	88 23       	and	r24, r24
    2a28:	2c f4       	brge	.+10     	; 0x2a34 <HLCD_voidClearScreen+0x6c>
		__ticks = 1;
    2a2a:	81 e0       	ldi	r24, 0x01	; 1
    2a2c:	90 e0       	ldi	r25, 0x00	; 0
    2a2e:	9e 83       	std	Y+6, r25	; 0x06
    2a30:	8d 83       	std	Y+5, r24	; 0x05
    2a32:	3f c0       	rjmp	.+126    	; 0x2ab2 <HLCD_voidClearScreen+0xea>
	else if (__tmp > 65535)
    2a34:	6f 81       	ldd	r22, Y+7	; 0x07
    2a36:	78 85       	ldd	r23, Y+8	; 0x08
    2a38:	89 85       	ldd	r24, Y+9	; 0x09
    2a3a:	9a 85       	ldd	r25, Y+10	; 0x0a
    2a3c:	20 e0       	ldi	r18, 0x00	; 0
    2a3e:	3f ef       	ldi	r19, 0xFF	; 255
    2a40:	4f e7       	ldi	r20, 0x7F	; 127
    2a42:	57 e4       	ldi	r21, 0x47	; 71
    2a44:	0e 94 19 03 	call	0x632	; 0x632 <__gtsf2>
    2a48:	18 16       	cp	r1, r24
    2a4a:	4c f5       	brge	.+82     	; 0x2a9e <HLCD_voidClearScreen+0xd6>
	{
		//	__ticks = requested delay in 1/10 ms
		__ticks = (uint16_t) (__ms * 10.0);
    2a4c:	6b 85       	ldd	r22, Y+11	; 0x0b
    2a4e:	7c 85       	ldd	r23, Y+12	; 0x0c
    2a50:	8d 85       	ldd	r24, Y+13	; 0x0d
    2a52:	9e 85       	ldd	r25, Y+14	; 0x0e
    2a54:	20 e0       	ldi	r18, 0x00	; 0
    2a56:	30 e0       	ldi	r19, 0x00	; 0
    2a58:	40 e2       	ldi	r20, 0x20	; 32
    2a5a:	51 e4       	ldi	r21, 0x41	; 65
    2a5c:	0e 94 1f 02 	call	0x43e	; 0x43e <__mulsf3>
    2a60:	dc 01       	movw	r26, r24
    2a62:	cb 01       	movw	r24, r22
    2a64:	bc 01       	movw	r22, r24
    2a66:	cd 01       	movw	r24, r26
    2a68:	0e 94 49 00 	call	0x92	; 0x92 <__fixunssfsi>
    2a6c:	dc 01       	movw	r26, r24
    2a6e:	cb 01       	movw	r24, r22
    2a70:	9e 83       	std	Y+6, r25	; 0x06
    2a72:	8d 83       	std	Y+5, r24	; 0x05
    2a74:	0f c0       	rjmp	.+30     	; 0x2a94 <HLCD_voidClearScreen+0xcc>
    2a76:	88 ec       	ldi	r24, 0xC8	; 200
    2a78:	90 e0       	ldi	r25, 0x00	; 0
    2a7a:	9c 83       	std	Y+4, r25	; 0x04
    2a7c:	8b 83       	std	Y+3, r24	; 0x03
    2a7e:	8b 81       	ldd	r24, Y+3	; 0x03
    2a80:	9c 81       	ldd	r25, Y+4	; 0x04
    2a82:	01 97       	sbiw	r24, 0x01	; 1
    2a84:	f1 f7       	brne	.-4      	; 0x2a82 <HLCD_voidClearScreen+0xba>
    2a86:	9c 83       	std	Y+4, r25	; 0x04
    2a88:	8b 83       	std	Y+3, r24	; 0x03
		while(__ticks)
		{
			// wait 1/10 ms
			_delay_loop_2(((F_CPU) / 4e3) / 10);
			__ticks --;
    2a8a:	8d 81       	ldd	r24, Y+5	; 0x05
    2a8c:	9e 81       	ldd	r25, Y+6	; 0x06
    2a8e:	01 97       	sbiw	r24, 0x01	; 1
    2a90:	9e 83       	std	Y+6, r25	; 0x06
    2a92:	8d 83       	std	Y+5, r24	; 0x05
		__ticks = 1;
	else if (__tmp > 65535)
	{
		//	__ticks = requested delay in 1/10 ms
		__ticks = (uint16_t) (__ms * 10.0);
		while(__ticks)
    2a94:	8d 81       	ldd	r24, Y+5	; 0x05
    2a96:	9e 81       	ldd	r25, Y+6	; 0x06
    2a98:	00 97       	sbiw	r24, 0x00	; 0
    2a9a:	69 f7       	brne	.-38     	; 0x2a76 <HLCD_voidClearScreen+0xae>
    2a9c:	14 c0       	rjmp	.+40     	; 0x2ac6 <HLCD_voidClearScreen+0xfe>
			__ticks --;
		}
		return;
	}
	else
		__ticks = (uint16_t)__tmp;
    2a9e:	6f 81       	ldd	r22, Y+7	; 0x07
    2aa0:	78 85       	ldd	r23, Y+8	; 0x08
    2aa2:	89 85       	ldd	r24, Y+9	; 0x09
    2aa4:	9a 85       	ldd	r25, Y+10	; 0x0a
    2aa6:	0e 94 49 00 	call	0x92	; 0x92 <__fixunssfsi>
    2aaa:	dc 01       	movw	r26, r24
    2aac:	cb 01       	movw	r24, r22
    2aae:	9e 83       	std	Y+6, r25	; 0x06
    2ab0:	8d 83       	std	Y+5, r24	; 0x05
    2ab2:	8d 81       	ldd	r24, Y+5	; 0x05
    2ab4:	9e 81       	ldd	r25, Y+6	; 0x06
    2ab6:	9a 83       	std	Y+2, r25	; 0x02
    2ab8:	89 83       	std	Y+1, r24	; 0x01
    2aba:	89 81       	ldd	r24, Y+1	; 0x01
    2abc:	9a 81       	ldd	r25, Y+2	; 0x02
    2abe:	01 97       	sbiw	r24, 0x01	; 1
    2ac0:	f1 f7       	brne	.-4      	; 0x2abe <HLCD_voidClearScreen+0xf6>
    2ac2:	9a 83       	std	Y+2, r25	; 0x02
    2ac4:	89 83       	std	Y+1, r24	; 0x01
	_delay_ms(5) ;
}
    2ac6:	2e 96       	adiw	r28, 0x0e	; 14
    2ac8:	0f b6       	in	r0, 0x3f	; 63
    2aca:	f8 94       	cli
    2acc:	de bf       	out	0x3e, r29	; 62
    2ace:	0f be       	out	0x3f, r0	; 63
    2ad0:	cd bf       	out	0x3d, r28	; 61
    2ad2:	cf 91       	pop	r28
    2ad4:	df 91       	pop	r29
    2ad6:	08 95       	ret

00002ad8 <HLCD_voidShiftLeft>:
void HLCD_voidShiftLeft (void)
{
    2ad8:	df 93       	push	r29
    2ada:	cf 93       	push	r28
    2adc:	cd b7       	in	r28, 0x3d	; 61
    2ade:	de b7       	in	r29, 0x3e	; 62
    2ae0:	2e 97       	sbiw	r28, 0x0e	; 14
    2ae2:	0f b6       	in	r0, 0x3f	; 63
    2ae4:	f8 94       	cli
    2ae6:	de bf       	out	0x3e, r29	; 62
    2ae8:	0f be       	out	0x3f, r0	; 63
    2aea:	cd bf       	out	0x3d, r28	; 61
	HLCD_voidWriteCmd(0x18) ;
    2aec:	88 e1       	ldi	r24, 0x18	; 24
    2aee:	0e 94 ad 11 	call	0x235a	; 0x235a <HLCD_voidWriteCmd>
    2af2:	80 e0       	ldi	r24, 0x00	; 0
    2af4:	90 e0       	ldi	r25, 0x00	; 0
    2af6:	a0 e8       	ldi	r26, 0x80	; 128
    2af8:	bf e3       	ldi	r27, 0x3F	; 63
    2afa:	8b 87       	std	Y+11, r24	; 0x0b
    2afc:	9c 87       	std	Y+12, r25	; 0x0c
    2afe:	ad 87       	std	Y+13, r26	; 0x0d
    2b00:	be 87       	std	Y+14, r27	; 0x0e
 */
void
_delay_ms(double __ms)
{
	uint16_t __ticks;
	double __tmp = ((F_CPU) / 4e3) * __ms;
    2b02:	6b 85       	ldd	r22, Y+11	; 0x0b
    2b04:	7c 85       	ldd	r23, Y+12	; 0x0c
    2b06:	8d 85       	ldd	r24, Y+13	; 0x0d
    2b08:	9e 85       	ldd	r25, Y+14	; 0x0e
    2b0a:	20 e0       	ldi	r18, 0x00	; 0
    2b0c:	30 e0       	ldi	r19, 0x00	; 0
    2b0e:	4a ef       	ldi	r20, 0xFA	; 250
    2b10:	54 e4       	ldi	r21, 0x44	; 68
    2b12:	0e 94 1f 02 	call	0x43e	; 0x43e <__mulsf3>
    2b16:	dc 01       	movw	r26, r24
    2b18:	cb 01       	movw	r24, r22
    2b1a:	8f 83       	std	Y+7, r24	; 0x07
    2b1c:	98 87       	std	Y+8, r25	; 0x08
    2b1e:	a9 87       	std	Y+9, r26	; 0x09
    2b20:	ba 87       	std	Y+10, r27	; 0x0a
	if (__tmp < 1.0)
    2b22:	6f 81       	ldd	r22, Y+7	; 0x07
    2b24:	78 85       	ldd	r23, Y+8	; 0x08
    2b26:	89 85       	ldd	r24, Y+9	; 0x09
    2b28:	9a 85       	ldd	r25, Y+10	; 0x0a
    2b2a:	20 e0       	ldi	r18, 0x00	; 0
    2b2c:	30 e0       	ldi	r19, 0x00	; 0
    2b2e:	40 e8       	ldi	r20, 0x80	; 128
    2b30:	5f e3       	ldi	r21, 0x3F	; 63
    2b32:	0e 94 79 03 	call	0x6f2	; 0x6f2 <__ltsf2>
    2b36:	88 23       	and	r24, r24
    2b38:	2c f4       	brge	.+10     	; 0x2b44 <HLCD_voidShiftLeft+0x6c>
		__ticks = 1;
    2b3a:	81 e0       	ldi	r24, 0x01	; 1
    2b3c:	90 e0       	ldi	r25, 0x00	; 0
    2b3e:	9e 83       	std	Y+6, r25	; 0x06
    2b40:	8d 83       	std	Y+5, r24	; 0x05
    2b42:	3f c0       	rjmp	.+126    	; 0x2bc2 <HLCD_voidShiftLeft+0xea>
	else if (__tmp > 65535)
    2b44:	6f 81       	ldd	r22, Y+7	; 0x07
    2b46:	78 85       	ldd	r23, Y+8	; 0x08
    2b48:	89 85       	ldd	r24, Y+9	; 0x09
    2b4a:	9a 85       	ldd	r25, Y+10	; 0x0a
    2b4c:	20 e0       	ldi	r18, 0x00	; 0
    2b4e:	3f ef       	ldi	r19, 0xFF	; 255
    2b50:	4f e7       	ldi	r20, 0x7F	; 127
    2b52:	57 e4       	ldi	r21, 0x47	; 71
    2b54:	0e 94 19 03 	call	0x632	; 0x632 <__gtsf2>
    2b58:	18 16       	cp	r1, r24
    2b5a:	4c f5       	brge	.+82     	; 0x2bae <HLCD_voidShiftLeft+0xd6>
	{
		//	__ticks = requested delay in 1/10 ms
		__ticks = (uint16_t) (__ms * 10.0);
    2b5c:	6b 85       	ldd	r22, Y+11	; 0x0b
    2b5e:	7c 85       	ldd	r23, Y+12	; 0x0c
    2b60:	8d 85       	ldd	r24, Y+13	; 0x0d
    2b62:	9e 85       	ldd	r25, Y+14	; 0x0e
    2b64:	20 e0       	ldi	r18, 0x00	; 0
    2b66:	30 e0       	ldi	r19, 0x00	; 0
    2b68:	40 e2       	ldi	r20, 0x20	; 32
    2b6a:	51 e4       	ldi	r21, 0x41	; 65
    2b6c:	0e 94 1f 02 	call	0x43e	; 0x43e <__mulsf3>
    2b70:	dc 01       	movw	r26, r24
    2b72:	cb 01       	movw	r24, r22
    2b74:	bc 01       	movw	r22, r24
    2b76:	cd 01       	movw	r24, r26
    2b78:	0e 94 49 00 	call	0x92	; 0x92 <__fixunssfsi>
    2b7c:	dc 01       	movw	r26, r24
    2b7e:	cb 01       	movw	r24, r22
    2b80:	9e 83       	std	Y+6, r25	; 0x06
    2b82:	8d 83       	std	Y+5, r24	; 0x05
    2b84:	0f c0       	rjmp	.+30     	; 0x2ba4 <HLCD_voidShiftLeft+0xcc>
    2b86:	88 ec       	ldi	r24, 0xC8	; 200
    2b88:	90 e0       	ldi	r25, 0x00	; 0
    2b8a:	9c 83       	std	Y+4, r25	; 0x04
    2b8c:	8b 83       	std	Y+3, r24	; 0x03
    2b8e:	8b 81       	ldd	r24, Y+3	; 0x03
    2b90:	9c 81       	ldd	r25, Y+4	; 0x04
    2b92:	01 97       	sbiw	r24, 0x01	; 1
    2b94:	f1 f7       	brne	.-4      	; 0x2b92 <HLCD_voidShiftLeft+0xba>
    2b96:	9c 83       	std	Y+4, r25	; 0x04
    2b98:	8b 83       	std	Y+3, r24	; 0x03
		while(__ticks)
		{
			// wait 1/10 ms
			_delay_loop_2(((F_CPU) / 4e3) / 10);
			__ticks --;
    2b9a:	8d 81       	ldd	r24, Y+5	; 0x05
    2b9c:	9e 81       	ldd	r25, Y+6	; 0x06
    2b9e:	01 97       	sbiw	r24, 0x01	; 1
    2ba0:	9e 83       	std	Y+6, r25	; 0x06
    2ba2:	8d 83       	std	Y+5, r24	; 0x05
		__ticks = 1;
	else if (__tmp > 65535)
	{
		//	__ticks = requested delay in 1/10 ms
		__ticks = (uint16_t) (__ms * 10.0);
		while(__ticks)
    2ba4:	8d 81       	ldd	r24, Y+5	; 0x05
    2ba6:	9e 81       	ldd	r25, Y+6	; 0x06
    2ba8:	00 97       	sbiw	r24, 0x00	; 0
    2baa:	69 f7       	brne	.-38     	; 0x2b86 <HLCD_voidShiftLeft+0xae>
    2bac:	14 c0       	rjmp	.+40     	; 0x2bd6 <HLCD_voidShiftLeft+0xfe>
			__ticks --;
		}
		return;
	}
	else
		__ticks = (uint16_t)__tmp;
    2bae:	6f 81       	ldd	r22, Y+7	; 0x07
    2bb0:	78 85       	ldd	r23, Y+8	; 0x08
    2bb2:	89 85       	ldd	r24, Y+9	; 0x09
    2bb4:	9a 85       	ldd	r25, Y+10	; 0x0a
    2bb6:	0e 94 49 00 	call	0x92	; 0x92 <__fixunssfsi>
    2bba:	dc 01       	movw	r26, r24
    2bbc:	cb 01       	movw	r24, r22
    2bbe:	9e 83       	std	Y+6, r25	; 0x06
    2bc0:	8d 83       	std	Y+5, r24	; 0x05
    2bc2:	8d 81       	ldd	r24, Y+5	; 0x05
    2bc4:	9e 81       	ldd	r25, Y+6	; 0x06
    2bc6:	9a 83       	std	Y+2, r25	; 0x02
    2bc8:	89 83       	std	Y+1, r24	; 0x01
    2bca:	89 81       	ldd	r24, Y+1	; 0x01
    2bcc:	9a 81       	ldd	r25, Y+2	; 0x02
    2bce:	01 97       	sbiw	r24, 0x01	; 1
    2bd0:	f1 f7       	brne	.-4      	; 0x2bce <HLCD_voidShiftLeft+0xf6>
    2bd2:	9a 83       	std	Y+2, r25	; 0x02
    2bd4:	89 83       	std	Y+1, r24	; 0x01
	_delay_ms(1) ;
}
    2bd6:	2e 96       	adiw	r28, 0x0e	; 14
    2bd8:	0f b6       	in	r0, 0x3f	; 63
    2bda:	f8 94       	cli
    2bdc:	de bf       	out	0x3e, r29	; 62
    2bde:	0f be       	out	0x3f, r0	; 63
    2be0:	cd bf       	out	0x3d, r28	; 61
    2be2:	cf 91       	pop	r28
    2be4:	df 91       	pop	r29
    2be6:	08 95       	ret

00002be8 <HLCD_voidShiftRight>:
void HLCD_voidShiftRight (void)
{
    2be8:	df 93       	push	r29
    2bea:	cf 93       	push	r28
    2bec:	cd b7       	in	r28, 0x3d	; 61
    2bee:	de b7       	in	r29, 0x3e	; 62
    2bf0:	2e 97       	sbiw	r28, 0x0e	; 14
    2bf2:	0f b6       	in	r0, 0x3f	; 63
    2bf4:	f8 94       	cli
    2bf6:	de bf       	out	0x3e, r29	; 62
    2bf8:	0f be       	out	0x3f, r0	; 63
    2bfa:	cd bf       	out	0x3d, r28	; 61
	HLCD_voidWriteCmd(0x1C) ;
    2bfc:	8c e1       	ldi	r24, 0x1C	; 28
    2bfe:	0e 94 ad 11 	call	0x235a	; 0x235a <HLCD_voidWriteCmd>
    2c02:	80 e0       	ldi	r24, 0x00	; 0
    2c04:	90 e0       	ldi	r25, 0x00	; 0
    2c06:	a0 e8       	ldi	r26, 0x80	; 128
    2c08:	bf e3       	ldi	r27, 0x3F	; 63
    2c0a:	8b 87       	std	Y+11, r24	; 0x0b
    2c0c:	9c 87       	std	Y+12, r25	; 0x0c
    2c0e:	ad 87       	std	Y+13, r26	; 0x0d
    2c10:	be 87       	std	Y+14, r27	; 0x0e
 */
void
_delay_ms(double __ms)
{
	uint16_t __ticks;
	double __tmp = ((F_CPU) / 4e3) * __ms;
    2c12:	6b 85       	ldd	r22, Y+11	; 0x0b
    2c14:	7c 85       	ldd	r23, Y+12	; 0x0c
    2c16:	8d 85       	ldd	r24, Y+13	; 0x0d
    2c18:	9e 85       	ldd	r25, Y+14	; 0x0e
    2c1a:	20 e0       	ldi	r18, 0x00	; 0
    2c1c:	30 e0       	ldi	r19, 0x00	; 0
    2c1e:	4a ef       	ldi	r20, 0xFA	; 250
    2c20:	54 e4       	ldi	r21, 0x44	; 68
    2c22:	0e 94 1f 02 	call	0x43e	; 0x43e <__mulsf3>
    2c26:	dc 01       	movw	r26, r24
    2c28:	cb 01       	movw	r24, r22
    2c2a:	8f 83       	std	Y+7, r24	; 0x07
    2c2c:	98 87       	std	Y+8, r25	; 0x08
    2c2e:	a9 87       	std	Y+9, r26	; 0x09
    2c30:	ba 87       	std	Y+10, r27	; 0x0a
	if (__tmp < 1.0)
    2c32:	6f 81       	ldd	r22, Y+7	; 0x07
    2c34:	78 85       	ldd	r23, Y+8	; 0x08
    2c36:	89 85       	ldd	r24, Y+9	; 0x09
    2c38:	9a 85       	ldd	r25, Y+10	; 0x0a
    2c3a:	20 e0       	ldi	r18, 0x00	; 0
    2c3c:	30 e0       	ldi	r19, 0x00	; 0
    2c3e:	40 e8       	ldi	r20, 0x80	; 128
    2c40:	5f e3       	ldi	r21, 0x3F	; 63
    2c42:	0e 94 79 03 	call	0x6f2	; 0x6f2 <__ltsf2>
    2c46:	88 23       	and	r24, r24
    2c48:	2c f4       	brge	.+10     	; 0x2c54 <HLCD_voidShiftRight+0x6c>
		__ticks = 1;
    2c4a:	81 e0       	ldi	r24, 0x01	; 1
    2c4c:	90 e0       	ldi	r25, 0x00	; 0
    2c4e:	9e 83       	std	Y+6, r25	; 0x06
    2c50:	8d 83       	std	Y+5, r24	; 0x05
    2c52:	3f c0       	rjmp	.+126    	; 0x2cd2 <HLCD_voidShiftRight+0xea>
	else if (__tmp > 65535)
    2c54:	6f 81       	ldd	r22, Y+7	; 0x07
    2c56:	78 85       	ldd	r23, Y+8	; 0x08
    2c58:	89 85       	ldd	r24, Y+9	; 0x09
    2c5a:	9a 85       	ldd	r25, Y+10	; 0x0a
    2c5c:	20 e0       	ldi	r18, 0x00	; 0
    2c5e:	3f ef       	ldi	r19, 0xFF	; 255
    2c60:	4f e7       	ldi	r20, 0x7F	; 127
    2c62:	57 e4       	ldi	r21, 0x47	; 71
    2c64:	0e 94 19 03 	call	0x632	; 0x632 <__gtsf2>
    2c68:	18 16       	cp	r1, r24
    2c6a:	4c f5       	brge	.+82     	; 0x2cbe <HLCD_voidShiftRight+0xd6>
	{
		//	__ticks = requested delay in 1/10 ms
		__ticks = (uint16_t) (__ms * 10.0);
    2c6c:	6b 85       	ldd	r22, Y+11	; 0x0b
    2c6e:	7c 85       	ldd	r23, Y+12	; 0x0c
    2c70:	8d 85       	ldd	r24, Y+13	; 0x0d
    2c72:	9e 85       	ldd	r25, Y+14	; 0x0e
    2c74:	20 e0       	ldi	r18, 0x00	; 0
    2c76:	30 e0       	ldi	r19, 0x00	; 0
    2c78:	40 e2       	ldi	r20, 0x20	; 32
    2c7a:	51 e4       	ldi	r21, 0x41	; 65
    2c7c:	0e 94 1f 02 	call	0x43e	; 0x43e <__mulsf3>
    2c80:	dc 01       	movw	r26, r24
    2c82:	cb 01       	movw	r24, r22
    2c84:	bc 01       	movw	r22, r24
    2c86:	cd 01       	movw	r24, r26
    2c88:	0e 94 49 00 	call	0x92	; 0x92 <__fixunssfsi>
    2c8c:	dc 01       	movw	r26, r24
    2c8e:	cb 01       	movw	r24, r22
    2c90:	9e 83       	std	Y+6, r25	; 0x06
    2c92:	8d 83       	std	Y+5, r24	; 0x05
    2c94:	0f c0       	rjmp	.+30     	; 0x2cb4 <HLCD_voidShiftRight+0xcc>
    2c96:	88 ec       	ldi	r24, 0xC8	; 200
    2c98:	90 e0       	ldi	r25, 0x00	; 0
    2c9a:	9c 83       	std	Y+4, r25	; 0x04
    2c9c:	8b 83       	std	Y+3, r24	; 0x03
    2c9e:	8b 81       	ldd	r24, Y+3	; 0x03
    2ca0:	9c 81       	ldd	r25, Y+4	; 0x04
    2ca2:	01 97       	sbiw	r24, 0x01	; 1
    2ca4:	f1 f7       	brne	.-4      	; 0x2ca2 <HLCD_voidShiftRight+0xba>
    2ca6:	9c 83       	std	Y+4, r25	; 0x04
    2ca8:	8b 83       	std	Y+3, r24	; 0x03
		while(__ticks)
		{
			// wait 1/10 ms
			_delay_loop_2(((F_CPU) / 4e3) / 10);
			__ticks --;
    2caa:	8d 81       	ldd	r24, Y+5	; 0x05
    2cac:	9e 81       	ldd	r25, Y+6	; 0x06
    2cae:	01 97       	sbiw	r24, 0x01	; 1
    2cb0:	9e 83       	std	Y+6, r25	; 0x06
    2cb2:	8d 83       	std	Y+5, r24	; 0x05
		__ticks = 1;
	else if (__tmp > 65535)
	{
		//	__ticks = requested delay in 1/10 ms
		__ticks = (uint16_t) (__ms * 10.0);
		while(__ticks)
    2cb4:	8d 81       	ldd	r24, Y+5	; 0x05
    2cb6:	9e 81       	ldd	r25, Y+6	; 0x06
    2cb8:	00 97       	sbiw	r24, 0x00	; 0
    2cba:	69 f7       	brne	.-38     	; 0x2c96 <HLCD_voidShiftRight+0xae>
    2cbc:	14 c0       	rjmp	.+40     	; 0x2ce6 <HLCD_voidShiftRight+0xfe>
			__ticks --;
		}
		return;
	}
	else
		__ticks = (uint16_t)__tmp;
    2cbe:	6f 81       	ldd	r22, Y+7	; 0x07
    2cc0:	78 85       	ldd	r23, Y+8	; 0x08
    2cc2:	89 85       	ldd	r24, Y+9	; 0x09
    2cc4:	9a 85       	ldd	r25, Y+10	; 0x0a
    2cc6:	0e 94 49 00 	call	0x92	; 0x92 <__fixunssfsi>
    2cca:	dc 01       	movw	r26, r24
    2ccc:	cb 01       	movw	r24, r22
    2cce:	9e 83       	std	Y+6, r25	; 0x06
    2cd0:	8d 83       	std	Y+5, r24	; 0x05
    2cd2:	8d 81       	ldd	r24, Y+5	; 0x05
    2cd4:	9e 81       	ldd	r25, Y+6	; 0x06
    2cd6:	9a 83       	std	Y+2, r25	; 0x02
    2cd8:	89 83       	std	Y+1, r24	; 0x01
    2cda:	89 81       	ldd	r24, Y+1	; 0x01
    2cdc:	9a 81       	ldd	r25, Y+2	; 0x02
    2cde:	01 97       	sbiw	r24, 0x01	; 1
    2ce0:	f1 f7       	brne	.-4      	; 0x2cde <HLCD_voidShiftRight+0xf6>
    2ce2:	9a 83       	std	Y+2, r25	; 0x02
    2ce4:	89 83       	std	Y+1, r24	; 0x01
	_delay_ms(1) ;
}
    2ce6:	2e 96       	adiw	r28, 0x0e	; 14
    2ce8:	0f b6       	in	r0, 0x3f	; 63
    2cea:	f8 94       	cli
    2cec:	de bf       	out	0x3e, r29	; 62
    2cee:	0f be       	out	0x3f, r0	; 63
    2cf0:	cd bf       	out	0x3d, r28	; 61
    2cf2:	cf 91       	pop	r28
    2cf4:	df 91       	pop	r29
    2cf6:	08 95       	ret

00002cf8 <HLCD_voidMoveCursor>:
void HLCD_voidMoveCursor (u8 A_u8Row , u8 A_u8Col)
{
    2cf8:	df 93       	push	r29
    2cfa:	cf 93       	push	r28
    2cfc:	00 d0       	rcall	.+0      	; 0x2cfe <HLCD_voidMoveCursor+0x6>
    2cfe:	00 d0       	rcall	.+0      	; 0x2d00 <HLCD_voidMoveCursor+0x8>
    2d00:	0f 92       	push	r0
    2d02:	cd b7       	in	r28, 0x3d	; 61
    2d04:	de b7       	in	r29, 0x3e	; 62
    2d06:	8a 83       	std	Y+2, r24	; 0x02
    2d08:	6b 83       	std	Y+3, r22	; 0x03
	u8 L_u8Address = 0 ;
    2d0a:	19 82       	std	Y+1, r1	; 0x01

	switch (A_u8Row)
    2d0c:	8a 81       	ldd	r24, Y+2	; 0x02
    2d0e:	28 2f       	mov	r18, r24
    2d10:	30 e0       	ldi	r19, 0x00	; 0
    2d12:	3d 83       	std	Y+5, r19	; 0x05
    2d14:	2c 83       	std	Y+4, r18	; 0x04
    2d16:	8c 81       	ldd	r24, Y+4	; 0x04
    2d18:	9d 81       	ldd	r25, Y+5	; 0x05
    2d1a:	81 30       	cpi	r24, 0x01	; 1
    2d1c:	91 05       	cpc	r25, r1
    2d1e:	c9 f0       	breq	.+50     	; 0x2d52 <HLCD_voidMoveCursor+0x5a>
    2d20:	2c 81       	ldd	r18, Y+4	; 0x04
    2d22:	3d 81       	ldd	r19, Y+5	; 0x05
    2d24:	22 30       	cpi	r18, 0x02	; 2
    2d26:	31 05       	cpc	r19, r1
    2d28:	2c f4       	brge	.+10     	; 0x2d34 <HLCD_voidMoveCursor+0x3c>
    2d2a:	8c 81       	ldd	r24, Y+4	; 0x04
    2d2c:	9d 81       	ldd	r25, Y+5	; 0x05
    2d2e:	00 97       	sbiw	r24, 0x00	; 0
    2d30:	61 f0       	breq	.+24     	; 0x2d4a <HLCD_voidMoveCursor+0x52>
    2d32:	1a c0       	rjmp	.+52     	; 0x2d68 <HLCD_voidMoveCursor+0x70>
    2d34:	2c 81       	ldd	r18, Y+4	; 0x04
    2d36:	3d 81       	ldd	r19, Y+5	; 0x05
    2d38:	22 30       	cpi	r18, 0x02	; 2
    2d3a:	31 05       	cpc	r19, r1
    2d3c:	71 f0       	breq	.+28     	; 0x2d5a <HLCD_voidMoveCursor+0x62>
    2d3e:	8c 81       	ldd	r24, Y+4	; 0x04
    2d40:	9d 81       	ldd	r25, Y+5	; 0x05
    2d42:	83 30       	cpi	r24, 0x03	; 3
    2d44:	91 05       	cpc	r25, r1
    2d46:	69 f0       	breq	.+26     	; 0x2d62 <HLCD_voidMoveCursor+0x6a>
    2d48:	0f c0       	rjmp	.+30     	; 0x2d68 <HLCD_voidMoveCursor+0x70>
	{
	case 0 : L_u8Address = A_u8Col + 0x80 + 0x00; break ;
    2d4a:	8b 81       	ldd	r24, Y+3	; 0x03
    2d4c:	80 58       	subi	r24, 0x80	; 128
    2d4e:	89 83       	std	Y+1, r24	; 0x01
    2d50:	0b c0       	rjmp	.+22     	; 0x2d68 <HLCD_voidMoveCursor+0x70>
	case 1 : L_u8Address = A_u8Col + 0x80 + 0x40; break ;
    2d52:	8b 81       	ldd	r24, Y+3	; 0x03
    2d54:	80 54       	subi	r24, 0x40	; 64
    2d56:	89 83       	std	Y+1, r24	; 0x01
    2d58:	07 c0       	rjmp	.+14     	; 0x2d68 <HLCD_voidMoveCursor+0x70>
	case 2 : L_u8Address = A_u8Col + 0x80 + 0x14; break ;
    2d5a:	8b 81       	ldd	r24, Y+3	; 0x03
    2d5c:	8c 56       	subi	r24, 0x6C	; 108
    2d5e:	89 83       	std	Y+1, r24	; 0x01
    2d60:	03 c0       	rjmp	.+6      	; 0x2d68 <HLCD_voidMoveCursor+0x70>
	case 3 : L_u8Address = A_u8Col + 0x80 + 0x54; break ;
    2d62:	8b 81       	ldd	r24, Y+3	; 0x03
    2d64:	8c 52       	subi	r24, 0x2C	; 44
    2d66:	89 83       	std	Y+1, r24	; 0x01
	}
	HLCD_voidWriteCmd(L_u8Address) ;
    2d68:	89 81       	ldd	r24, Y+1	; 0x01
    2d6a:	0e 94 ad 11 	call	0x235a	; 0x235a <HLCD_voidWriteCmd>
}
    2d6e:	0f 90       	pop	r0
    2d70:	0f 90       	pop	r0
    2d72:	0f 90       	pop	r0
    2d74:	0f 90       	pop	r0
    2d76:	0f 90       	pop	r0
    2d78:	cf 91       	pop	r28
    2d7a:	df 91       	pop	r29
    2d7c:	08 95       	ret

00002d7e <HKP_voidInit>:
		{'C','0','=','+'}
};


void HKP_voidInit   (void)
{
    2d7e:	df 93       	push	r29
    2d80:	cf 93       	push	r28
    2d82:	cd b7       	in	r28, 0x3d	; 61
    2d84:	de b7       	in	r29, 0x3e	; 62
	//all ROWS output
	MDIO_voidInitPin(ROWS_PORT, ROW1_PIN, DIO_OUTPUT) ;
    2d86:	82 e0       	ldi	r24, 0x02	; 2
    2d88:	65 e0       	ldi	r22, 0x05	; 5
    2d8a:	41 e0       	ldi	r20, 0x01	; 1
    2d8c:	0e 94 38 07 	call	0xe70	; 0xe70 <MDIO_voidInitPin>
	MDIO_voidInitPin(ROWS_PORT, ROW2_PIN, DIO_OUTPUT) ;
    2d90:	82 e0       	ldi	r24, 0x02	; 2
    2d92:	64 e0       	ldi	r22, 0x04	; 4
    2d94:	41 e0       	ldi	r20, 0x01	; 1
    2d96:	0e 94 38 07 	call	0xe70	; 0xe70 <MDIO_voidInitPin>
	MDIO_voidInitPin(ROWS_PORT, ROW3_PIN, DIO_OUTPUT) ;
    2d9a:	82 e0       	ldi	r24, 0x02	; 2
    2d9c:	63 e0       	ldi	r22, 0x03	; 3
    2d9e:	41 e0       	ldi	r20, 0x01	; 1
    2da0:	0e 94 38 07 	call	0xe70	; 0xe70 <MDIO_voidInitPin>
	MDIO_voidInitPin(ROWS_PORT, ROW4_PIN, DIO_OUTPUT) ;
    2da4:	82 e0       	ldi	r24, 0x02	; 2
    2da6:	62 e0       	ldi	r22, 0x02	; 2
    2da8:	41 e0       	ldi	r20, 0x01	; 1
    2daa:	0e 94 38 07 	call	0xe70	; 0xe70 <MDIO_voidInitPin>

	//all COLS input
	MDIO_voidInitPin(COLS_PORT, COL1_PIN, DIO_INPUT) ;
    2dae:	83 e0       	ldi	r24, 0x03	; 3
    2db0:	67 e0       	ldi	r22, 0x07	; 7
    2db2:	40 e0       	ldi	r20, 0x00	; 0
    2db4:	0e 94 38 07 	call	0xe70	; 0xe70 <MDIO_voidInitPin>
	MDIO_voidInitPin(COLS_PORT, COL2_PIN, DIO_INPUT) ;
    2db8:	83 e0       	ldi	r24, 0x03	; 3
    2dba:	66 e0       	ldi	r22, 0x06	; 6
    2dbc:	40 e0       	ldi	r20, 0x00	; 0
    2dbe:	0e 94 38 07 	call	0xe70	; 0xe70 <MDIO_voidInitPin>
	MDIO_voidInitPin(COLS_PORT, COL3_PIN, DIO_INPUT) ;
    2dc2:	83 e0       	ldi	r24, 0x03	; 3
    2dc4:	65 e0       	ldi	r22, 0x05	; 5
    2dc6:	40 e0       	ldi	r20, 0x00	; 0
    2dc8:	0e 94 38 07 	call	0xe70	; 0xe70 <MDIO_voidInitPin>
	MDIO_voidInitPin(COLS_PORT, COL4_PIN, DIO_INPUT) ;
    2dcc:	83 e0       	ldi	r24, 0x03	; 3
    2dce:	63 e0       	ldi	r22, 0x03	; 3
    2dd0:	40 e0       	ldi	r20, 0x00	; 0
    2dd2:	0e 94 38 07 	call	0xe70	; 0xe70 <MDIO_voidInitPin>

	//disable all ROWS
	MDIO_voidSetPinValue(ROWS_PORT, ROW1_PIN, DIO_HIGH) ;
    2dd6:	82 e0       	ldi	r24, 0x02	; 2
    2dd8:	65 e0       	ldi	r22, 0x05	; 5
    2dda:	41 e0       	ldi	r20, 0x01	; 1
    2ddc:	0e 94 11 08 	call	0x1022	; 0x1022 <MDIO_voidSetPinValue>
	MDIO_voidSetPinValue(ROWS_PORT, ROW2_PIN, DIO_HIGH) ;
    2de0:	82 e0       	ldi	r24, 0x02	; 2
    2de2:	64 e0       	ldi	r22, 0x04	; 4
    2de4:	41 e0       	ldi	r20, 0x01	; 1
    2de6:	0e 94 11 08 	call	0x1022	; 0x1022 <MDIO_voidSetPinValue>
	MDIO_voidSetPinValue(ROWS_PORT, ROW3_PIN, DIO_HIGH) ;
    2dea:	82 e0       	ldi	r24, 0x02	; 2
    2dec:	63 e0       	ldi	r22, 0x03	; 3
    2dee:	41 e0       	ldi	r20, 0x01	; 1
    2df0:	0e 94 11 08 	call	0x1022	; 0x1022 <MDIO_voidSetPinValue>
	MDIO_voidSetPinValue(ROWS_PORT, ROW4_PIN, DIO_HIGH) ;
    2df4:	82 e0       	ldi	r24, 0x02	; 2
    2df6:	62 e0       	ldi	r22, 0x02	; 2
    2df8:	41 e0       	ldi	r20, 0x01	; 1
    2dfa:	0e 94 11 08 	call	0x1022	; 0x1022 <MDIO_voidSetPinValue>

	//enable  internal pull up to COLS
	MDIO_voidSetPinValue(COLS_PORT, COL1_PIN, DIO_HIGH) ;
    2dfe:	83 e0       	ldi	r24, 0x03	; 3
    2e00:	67 e0       	ldi	r22, 0x07	; 7
    2e02:	41 e0       	ldi	r20, 0x01	; 1
    2e04:	0e 94 11 08 	call	0x1022	; 0x1022 <MDIO_voidSetPinValue>
	MDIO_voidSetPinValue(COLS_PORT, COL2_PIN, DIO_HIGH) ;
    2e08:	83 e0       	ldi	r24, 0x03	; 3
    2e0a:	66 e0       	ldi	r22, 0x06	; 6
    2e0c:	41 e0       	ldi	r20, 0x01	; 1
    2e0e:	0e 94 11 08 	call	0x1022	; 0x1022 <MDIO_voidSetPinValue>
	MDIO_voidSetPinValue(COLS_PORT, COL3_PIN, DIO_HIGH) ;
    2e12:	83 e0       	ldi	r24, 0x03	; 3
    2e14:	65 e0       	ldi	r22, 0x05	; 5
    2e16:	41 e0       	ldi	r20, 0x01	; 1
    2e18:	0e 94 11 08 	call	0x1022	; 0x1022 <MDIO_voidSetPinValue>
	MDIO_voidSetPinValue(COLS_PORT, COL4_PIN, DIO_HIGH) ;
    2e1c:	83 e0       	ldi	r24, 0x03	; 3
    2e1e:	63 e0       	ldi	r22, 0x03	; 3
    2e20:	41 e0       	ldi	r20, 0x01	; 1
    2e22:	0e 94 11 08 	call	0x1022	; 0x1022 <MDIO_voidSetPinValue>
}
    2e26:	cf 91       	pop	r28
    2e28:	df 91       	pop	r29
    2e2a:	08 95       	ret

00002e2c <HKP_u8GetValue>:
u8   HKP_u8GetValue (void)
{
    2e2c:	df 93       	push	r29
    2e2e:	cf 93       	push	r28
    2e30:	cd b7       	in	r28, 0x3d	; 61
    2e32:	de b7       	in	r29, 0x3e	; 62
    2e34:	a1 97       	sbiw	r28, 0x21	; 33
    2e36:	0f b6       	in	r0, 0x3f	; 63
    2e38:	f8 94       	cli
    2e3a:	de bf       	out	0x3e, r29	; 62
    2e3c:	0f be       	out	0x3f, r0	; 63
    2e3e:	cd bf       	out	0x3d, r28	; 61
	u8 L_u8Col , L_u8Row , L_u8PressedValue = KP_NOT_PRESSED ;
    2e40:	8f ef       	ldi	r24, 0xFF	; 255
    2e42:	8f 8f       	std	Y+31, r24	; 0x1f
	for (L_u8Row = 0 ; L_u8Row < 4 ; L_u8Row ++)
    2e44:	18 a2       	std	Y+32, r1	; 0x20
    2e46:	30 c1       	rjmp	.+608    	; 0x30a8 <HKP_u8GetValue+0x27c>
	{
		u8 L_u8RowNumb = 5-L_u8Row ;
    2e48:	85 e0       	ldi	r24, 0x05	; 5
    2e4a:	98 a1       	ldd	r25, Y+32	; 0x20
    2e4c:	89 1b       	sub	r24, r25
    2e4e:	8e 8f       	std	Y+30, r24	; 0x1e
		MDIO_voidSetPinValue(ROWS_PORT, L_u8RowNumb, DIO_LOW) ;
    2e50:	82 e0       	ldi	r24, 0x02	; 2
    2e52:	6e 8d       	ldd	r22, Y+30	; 0x1e
    2e54:	40 e0       	ldi	r20, 0x00	; 0
    2e56:	0e 94 11 08 	call	0x1022	; 0x1022 <MDIO_voidSetPinValue>
		for (L_u8Col = 0 ; L_u8Col < 4 ; L_u8Col ++)
    2e5a:	19 a2       	std	Y+33, r1	; 0x21
    2e5c:	19 c1       	rjmp	.+562    	; 0x3090 <HKP_u8GetValue+0x264>
		{
			u8 L_u8ColNumb = 7-L_u8Col;
    2e5e:	97 e0       	ldi	r25, 0x07	; 7
    2e60:	89 a1       	ldd	r24, Y+33	; 0x21
    2e62:	29 2f       	mov	r18, r25
    2e64:	28 1b       	sub	r18, r24
    2e66:	82 2f       	mov	r24, r18
    2e68:	8d 8f       	std	Y+29, r24	; 0x1d
			if (L_u8Col == 3)
    2e6a:	89 a1       	ldd	r24, Y+33	; 0x21
    2e6c:	83 30       	cpi	r24, 0x03	; 3
    2e6e:	19 f4       	brne	.+6      	; 0x2e76 <HKP_u8GetValue+0x4a>
			{
				L_u8ColNumb -- ;
    2e70:	8d 8d       	ldd	r24, Y+29	; 0x1d
    2e72:	81 50       	subi	r24, 0x01	; 1
    2e74:	8d 8f       	std	Y+29, r24	; 0x1d
			}
			if (MDIO_u8ReadPinValue(COLS_PORT, L_u8ColNumb) == 0)
    2e76:	83 e0       	ldi	r24, 0x03	; 3
    2e78:	6d 8d       	ldd	r22, Y+29	; 0x1d
    2e7a:	0e 94 51 09 	call	0x12a2	; 0x12a2 <MDIO_u8ReadPinValue>
    2e7e:	88 23       	and	r24, r24
    2e80:	09 f0       	breq	.+2      	; 0x2e84 <HKP_u8GetValue+0x58>
    2e82:	03 c1       	rjmp	.+518    	; 0x308a <HKP_u8GetValue+0x25e>
    2e84:	80 e0       	ldi	r24, 0x00	; 0
    2e86:	90 e0       	ldi	r25, 0x00	; 0
    2e88:	a8 e4       	ldi	r26, 0x48	; 72
    2e8a:	b2 e4       	ldi	r27, 0x42	; 66
    2e8c:	89 8f       	std	Y+25, r24	; 0x19
    2e8e:	9a 8f       	std	Y+26, r25	; 0x1a
    2e90:	ab 8f       	std	Y+27, r26	; 0x1b
    2e92:	bc 8f       	std	Y+28, r27	; 0x1c
 */
void
_delay_ms(double __ms)
{
	uint16_t __ticks;
	double __tmp = ((F_CPU) / 4e3) * __ms;
    2e94:	69 8d       	ldd	r22, Y+25	; 0x19
    2e96:	7a 8d       	ldd	r23, Y+26	; 0x1a
    2e98:	8b 8d       	ldd	r24, Y+27	; 0x1b
    2e9a:	9c 8d       	ldd	r25, Y+28	; 0x1c
    2e9c:	20 e0       	ldi	r18, 0x00	; 0
    2e9e:	30 e0       	ldi	r19, 0x00	; 0
    2ea0:	4a ef       	ldi	r20, 0xFA	; 250
    2ea2:	54 e4       	ldi	r21, 0x44	; 68
    2ea4:	0e 94 1f 02 	call	0x43e	; 0x43e <__mulsf3>
    2ea8:	dc 01       	movw	r26, r24
    2eaa:	cb 01       	movw	r24, r22
    2eac:	8d 8b       	std	Y+21, r24	; 0x15
    2eae:	9e 8b       	std	Y+22, r25	; 0x16
    2eb0:	af 8b       	std	Y+23, r26	; 0x17
    2eb2:	b8 8f       	std	Y+24, r27	; 0x18
	if (__tmp < 1.0)
    2eb4:	6d 89       	ldd	r22, Y+21	; 0x15
    2eb6:	7e 89       	ldd	r23, Y+22	; 0x16
    2eb8:	8f 89       	ldd	r24, Y+23	; 0x17
    2eba:	98 8d       	ldd	r25, Y+24	; 0x18
    2ebc:	20 e0       	ldi	r18, 0x00	; 0
    2ebe:	30 e0       	ldi	r19, 0x00	; 0
    2ec0:	40 e8       	ldi	r20, 0x80	; 128
    2ec2:	5f e3       	ldi	r21, 0x3F	; 63
    2ec4:	0e 94 79 03 	call	0x6f2	; 0x6f2 <__ltsf2>
    2ec8:	88 23       	and	r24, r24
    2eca:	2c f4       	brge	.+10     	; 0x2ed6 <HKP_u8GetValue+0xaa>
		__ticks = 1;
    2ecc:	81 e0       	ldi	r24, 0x01	; 1
    2ece:	90 e0       	ldi	r25, 0x00	; 0
    2ed0:	9c 8b       	std	Y+20, r25	; 0x14
    2ed2:	8b 8b       	std	Y+19, r24	; 0x13
    2ed4:	3f c0       	rjmp	.+126    	; 0x2f54 <HKP_u8GetValue+0x128>
	else if (__tmp > 65535)
    2ed6:	6d 89       	ldd	r22, Y+21	; 0x15
    2ed8:	7e 89       	ldd	r23, Y+22	; 0x16
    2eda:	8f 89       	ldd	r24, Y+23	; 0x17
    2edc:	98 8d       	ldd	r25, Y+24	; 0x18
    2ede:	20 e0       	ldi	r18, 0x00	; 0
    2ee0:	3f ef       	ldi	r19, 0xFF	; 255
    2ee2:	4f e7       	ldi	r20, 0x7F	; 127
    2ee4:	57 e4       	ldi	r21, 0x47	; 71
    2ee6:	0e 94 19 03 	call	0x632	; 0x632 <__gtsf2>
    2eea:	18 16       	cp	r1, r24
    2eec:	4c f5       	brge	.+82     	; 0x2f40 <HKP_u8GetValue+0x114>
	{
		//	__ticks = requested delay in 1/10 ms
		__ticks = (uint16_t) (__ms * 10.0);
    2eee:	69 8d       	ldd	r22, Y+25	; 0x19
    2ef0:	7a 8d       	ldd	r23, Y+26	; 0x1a
    2ef2:	8b 8d       	ldd	r24, Y+27	; 0x1b
    2ef4:	9c 8d       	ldd	r25, Y+28	; 0x1c
    2ef6:	20 e0       	ldi	r18, 0x00	; 0
    2ef8:	30 e0       	ldi	r19, 0x00	; 0
    2efa:	40 e2       	ldi	r20, 0x20	; 32
    2efc:	51 e4       	ldi	r21, 0x41	; 65
    2efe:	0e 94 1f 02 	call	0x43e	; 0x43e <__mulsf3>
    2f02:	dc 01       	movw	r26, r24
    2f04:	cb 01       	movw	r24, r22
    2f06:	bc 01       	movw	r22, r24
    2f08:	cd 01       	movw	r24, r26
    2f0a:	0e 94 49 00 	call	0x92	; 0x92 <__fixunssfsi>
    2f0e:	dc 01       	movw	r26, r24
    2f10:	cb 01       	movw	r24, r22
    2f12:	9c 8b       	std	Y+20, r25	; 0x14
    2f14:	8b 8b       	std	Y+19, r24	; 0x13
    2f16:	0f c0       	rjmp	.+30     	; 0x2f36 <HKP_u8GetValue+0x10a>
    2f18:	88 ec       	ldi	r24, 0xC8	; 200
    2f1a:	90 e0       	ldi	r25, 0x00	; 0
    2f1c:	9a 8b       	std	Y+18, r25	; 0x12
    2f1e:	89 8b       	std	Y+17, r24	; 0x11
    2f20:	89 89       	ldd	r24, Y+17	; 0x11
    2f22:	9a 89       	ldd	r25, Y+18	; 0x12
    2f24:	01 97       	sbiw	r24, 0x01	; 1
    2f26:	f1 f7       	brne	.-4      	; 0x2f24 <HKP_u8GetValue+0xf8>
    2f28:	9a 8b       	std	Y+18, r25	; 0x12
    2f2a:	89 8b       	std	Y+17, r24	; 0x11
		while(__ticks)
		{
			// wait 1/10 ms
			_delay_loop_2(((F_CPU) / 4e3) / 10);
			__ticks --;
    2f2c:	8b 89       	ldd	r24, Y+19	; 0x13
    2f2e:	9c 89       	ldd	r25, Y+20	; 0x14
    2f30:	01 97       	sbiw	r24, 0x01	; 1
    2f32:	9c 8b       	std	Y+20, r25	; 0x14
    2f34:	8b 8b       	std	Y+19, r24	; 0x13
		__ticks = 1;
	else if (__tmp > 65535)
	{
		//	__ticks = requested delay in 1/10 ms
		__ticks = (uint16_t) (__ms * 10.0);
		while(__ticks)
    2f36:	8b 89       	ldd	r24, Y+19	; 0x13
    2f38:	9c 89       	ldd	r25, Y+20	; 0x14
    2f3a:	00 97       	sbiw	r24, 0x00	; 0
    2f3c:	69 f7       	brne	.-38     	; 0x2f18 <HKP_u8GetValue+0xec>
    2f3e:	14 c0       	rjmp	.+40     	; 0x2f68 <HKP_u8GetValue+0x13c>
			__ticks --;
		}
		return;
	}
	else
		__ticks = (uint16_t)__tmp;
    2f40:	6d 89       	ldd	r22, Y+21	; 0x15
    2f42:	7e 89       	ldd	r23, Y+22	; 0x16
    2f44:	8f 89       	ldd	r24, Y+23	; 0x17
    2f46:	98 8d       	ldd	r25, Y+24	; 0x18
    2f48:	0e 94 49 00 	call	0x92	; 0x92 <__fixunssfsi>
    2f4c:	dc 01       	movw	r26, r24
    2f4e:	cb 01       	movw	r24, r22
    2f50:	9c 8b       	std	Y+20, r25	; 0x14
    2f52:	8b 8b       	std	Y+19, r24	; 0x13
    2f54:	8b 89       	ldd	r24, Y+19	; 0x13
    2f56:	9c 89       	ldd	r25, Y+20	; 0x14
    2f58:	98 8b       	std	Y+16, r25	; 0x10
    2f5a:	8f 87       	std	Y+15, r24	; 0x0f
    2f5c:	8f 85       	ldd	r24, Y+15	; 0x0f
    2f5e:	98 89       	ldd	r25, Y+16	; 0x10
    2f60:	01 97       	sbiw	r24, 0x01	; 1
    2f62:	f1 f7       	brne	.-4      	; 0x2f60 <HKP_u8GetValue+0x134>
    2f64:	98 8b       	std	Y+16, r25	; 0x10
    2f66:	8f 87       	std	Y+15, r24	; 0x0f
			{
				_delay_ms(50) ;
				if (MDIO_u8ReadPinValue(COLS_PORT, L_u8ColNumb) == 0)
    2f68:	83 e0       	ldi	r24, 0x03	; 3
    2f6a:	6d 8d       	ldd	r22, Y+29	; 0x1d
    2f6c:	0e 94 51 09 	call	0x12a2	; 0x12a2 <MDIO_u8ReadPinValue>
    2f70:	88 23       	and	r24, r24
    2f72:	09 f0       	breq	.+2      	; 0x2f76 <HKP_u8GetValue+0x14a>
    2f74:	8a c0       	rjmp	.+276    	; 0x308a <HKP_u8GetValue+0x25e>
				{
					//getValue
					L_u8PressedValue = G_u8Array [L_u8Row][L_u8Col] ;
    2f76:	88 a1       	ldd	r24, Y+32	; 0x20
    2f78:	48 2f       	mov	r20, r24
    2f7a:	50 e0       	ldi	r21, 0x00	; 0
    2f7c:	89 a1       	ldd	r24, Y+33	; 0x21
    2f7e:	28 2f       	mov	r18, r24
    2f80:	30 e0       	ldi	r19, 0x00	; 0
    2f82:	ca 01       	movw	r24, r20
    2f84:	88 0f       	add	r24, r24
    2f86:	99 1f       	adc	r25, r25
    2f88:	88 0f       	add	r24, r24
    2f8a:	99 1f       	adc	r25, r25
    2f8c:	82 0f       	add	r24, r18
    2f8e:	93 1f       	adc	r25, r19
    2f90:	fc 01       	movw	r30, r24
    2f92:	e5 56       	subi	r30, 0x65	; 101
    2f94:	ff 4f       	sbci	r31, 0xFF	; 255
    2f96:	80 81       	ld	r24, Z
    2f98:	8f 8f       	std	Y+31, r24	; 0x1f
					while (MDIO_u8ReadPinValue(COLS_PORT, L_u8ColNumb) == 0);
    2f9a:	83 e0       	ldi	r24, 0x03	; 3
    2f9c:	6d 8d       	ldd	r22, Y+29	; 0x1d
    2f9e:	0e 94 51 09 	call	0x12a2	; 0x12a2 <MDIO_u8ReadPinValue>
    2fa2:	88 23       	and	r24, r24
    2fa4:	d1 f3       	breq	.-12     	; 0x2f9a <HKP_u8GetValue+0x16e>
    2fa6:	80 e0       	ldi	r24, 0x00	; 0
    2fa8:	90 e0       	ldi	r25, 0x00	; 0
    2faa:	a8 e4       	ldi	r26, 0x48	; 72
    2fac:	b2 e4       	ldi	r27, 0x42	; 66
    2fae:	8b 87       	std	Y+11, r24	; 0x0b
    2fb0:	9c 87       	std	Y+12, r25	; 0x0c
    2fb2:	ad 87       	std	Y+13, r26	; 0x0d
    2fb4:	be 87       	std	Y+14, r27	; 0x0e
 */
void
_delay_ms(double __ms)
{
	uint16_t __ticks;
	double __tmp = ((F_CPU) / 4e3) * __ms;
    2fb6:	6b 85       	ldd	r22, Y+11	; 0x0b
    2fb8:	7c 85       	ldd	r23, Y+12	; 0x0c
    2fba:	8d 85       	ldd	r24, Y+13	; 0x0d
    2fbc:	9e 85       	ldd	r25, Y+14	; 0x0e
    2fbe:	20 e0       	ldi	r18, 0x00	; 0
    2fc0:	30 e0       	ldi	r19, 0x00	; 0
    2fc2:	4a ef       	ldi	r20, 0xFA	; 250
    2fc4:	54 e4       	ldi	r21, 0x44	; 68
    2fc6:	0e 94 1f 02 	call	0x43e	; 0x43e <__mulsf3>
    2fca:	dc 01       	movw	r26, r24
    2fcc:	cb 01       	movw	r24, r22
    2fce:	8f 83       	std	Y+7, r24	; 0x07
    2fd0:	98 87       	std	Y+8, r25	; 0x08
    2fd2:	a9 87       	std	Y+9, r26	; 0x09
    2fd4:	ba 87       	std	Y+10, r27	; 0x0a
	if (__tmp < 1.0)
    2fd6:	6f 81       	ldd	r22, Y+7	; 0x07
    2fd8:	78 85       	ldd	r23, Y+8	; 0x08
    2fda:	89 85       	ldd	r24, Y+9	; 0x09
    2fdc:	9a 85       	ldd	r25, Y+10	; 0x0a
    2fde:	20 e0       	ldi	r18, 0x00	; 0
    2fe0:	30 e0       	ldi	r19, 0x00	; 0
    2fe2:	40 e8       	ldi	r20, 0x80	; 128
    2fe4:	5f e3       	ldi	r21, 0x3F	; 63
    2fe6:	0e 94 79 03 	call	0x6f2	; 0x6f2 <__ltsf2>
    2fea:	88 23       	and	r24, r24
    2fec:	2c f4       	brge	.+10     	; 0x2ff8 <HKP_u8GetValue+0x1cc>
		__ticks = 1;
    2fee:	81 e0       	ldi	r24, 0x01	; 1
    2ff0:	90 e0       	ldi	r25, 0x00	; 0
    2ff2:	9e 83       	std	Y+6, r25	; 0x06
    2ff4:	8d 83       	std	Y+5, r24	; 0x05
    2ff6:	3f c0       	rjmp	.+126    	; 0x3076 <HKP_u8GetValue+0x24a>
	else if (__tmp > 65535)
    2ff8:	6f 81       	ldd	r22, Y+7	; 0x07
    2ffa:	78 85       	ldd	r23, Y+8	; 0x08
    2ffc:	89 85       	ldd	r24, Y+9	; 0x09
    2ffe:	9a 85       	ldd	r25, Y+10	; 0x0a
    3000:	20 e0       	ldi	r18, 0x00	; 0
    3002:	3f ef       	ldi	r19, 0xFF	; 255
    3004:	4f e7       	ldi	r20, 0x7F	; 127
    3006:	57 e4       	ldi	r21, 0x47	; 71
    3008:	0e 94 19 03 	call	0x632	; 0x632 <__gtsf2>
    300c:	18 16       	cp	r1, r24
    300e:	4c f5       	brge	.+82     	; 0x3062 <HKP_u8GetValue+0x236>
	{
		//	__ticks = requested delay in 1/10 ms
		__ticks = (uint16_t) (__ms * 10.0);
    3010:	6b 85       	ldd	r22, Y+11	; 0x0b
    3012:	7c 85       	ldd	r23, Y+12	; 0x0c
    3014:	8d 85       	ldd	r24, Y+13	; 0x0d
    3016:	9e 85       	ldd	r25, Y+14	; 0x0e
    3018:	20 e0       	ldi	r18, 0x00	; 0
    301a:	30 e0       	ldi	r19, 0x00	; 0
    301c:	40 e2       	ldi	r20, 0x20	; 32
    301e:	51 e4       	ldi	r21, 0x41	; 65
    3020:	0e 94 1f 02 	call	0x43e	; 0x43e <__mulsf3>
    3024:	dc 01       	movw	r26, r24
    3026:	cb 01       	movw	r24, r22
    3028:	bc 01       	movw	r22, r24
    302a:	cd 01       	movw	r24, r26
    302c:	0e 94 49 00 	call	0x92	; 0x92 <__fixunssfsi>
    3030:	dc 01       	movw	r26, r24
    3032:	cb 01       	movw	r24, r22
    3034:	9e 83       	std	Y+6, r25	; 0x06
    3036:	8d 83       	std	Y+5, r24	; 0x05
    3038:	0f c0       	rjmp	.+30     	; 0x3058 <HKP_u8GetValue+0x22c>
    303a:	88 ec       	ldi	r24, 0xC8	; 200
    303c:	90 e0       	ldi	r25, 0x00	; 0
    303e:	9c 83       	std	Y+4, r25	; 0x04
    3040:	8b 83       	std	Y+3, r24	; 0x03
    3042:	8b 81       	ldd	r24, Y+3	; 0x03
    3044:	9c 81       	ldd	r25, Y+4	; 0x04
    3046:	01 97       	sbiw	r24, 0x01	; 1
    3048:	f1 f7       	brne	.-4      	; 0x3046 <HKP_u8GetValue+0x21a>
    304a:	9c 83       	std	Y+4, r25	; 0x04
    304c:	8b 83       	std	Y+3, r24	; 0x03
		while(__ticks)
		{
			// wait 1/10 ms
			_delay_loop_2(((F_CPU) / 4e3) / 10);
			__ticks --;
    304e:	8d 81       	ldd	r24, Y+5	; 0x05
    3050:	9e 81       	ldd	r25, Y+6	; 0x06
    3052:	01 97       	sbiw	r24, 0x01	; 1
    3054:	9e 83       	std	Y+6, r25	; 0x06
    3056:	8d 83       	std	Y+5, r24	; 0x05
		__ticks = 1;
	else if (__tmp > 65535)
	{
		//	__ticks = requested delay in 1/10 ms
		__ticks = (uint16_t) (__ms * 10.0);
		while(__ticks)
    3058:	8d 81       	ldd	r24, Y+5	; 0x05
    305a:	9e 81       	ldd	r25, Y+6	; 0x06
    305c:	00 97       	sbiw	r24, 0x00	; 0
    305e:	69 f7       	brne	.-38     	; 0x303a <HKP_u8GetValue+0x20e>
    3060:	14 c0       	rjmp	.+40     	; 0x308a <HKP_u8GetValue+0x25e>
			__ticks --;
		}
		return;
	}
	else
		__ticks = (uint16_t)__tmp;
    3062:	6f 81       	ldd	r22, Y+7	; 0x07
    3064:	78 85       	ldd	r23, Y+8	; 0x08
    3066:	89 85       	ldd	r24, Y+9	; 0x09
    3068:	9a 85       	ldd	r25, Y+10	; 0x0a
    306a:	0e 94 49 00 	call	0x92	; 0x92 <__fixunssfsi>
    306e:	dc 01       	movw	r26, r24
    3070:	cb 01       	movw	r24, r22
    3072:	9e 83       	std	Y+6, r25	; 0x06
    3074:	8d 83       	std	Y+5, r24	; 0x05
    3076:	8d 81       	ldd	r24, Y+5	; 0x05
    3078:	9e 81       	ldd	r25, Y+6	; 0x06
    307a:	9a 83       	std	Y+2, r25	; 0x02
    307c:	89 83       	std	Y+1, r24	; 0x01
    307e:	89 81       	ldd	r24, Y+1	; 0x01
    3080:	9a 81       	ldd	r25, Y+2	; 0x02
    3082:	01 97       	sbiw	r24, 0x01	; 1
    3084:	f1 f7       	brne	.-4      	; 0x3082 <HKP_u8GetValue+0x256>
    3086:	9a 83       	std	Y+2, r25	; 0x02
    3088:	89 83       	std	Y+1, r24	; 0x01
	u8 L_u8Col , L_u8Row , L_u8PressedValue = KP_NOT_PRESSED ;
	for (L_u8Row = 0 ; L_u8Row < 4 ; L_u8Row ++)
	{
		u8 L_u8RowNumb = 5-L_u8Row ;
		MDIO_voidSetPinValue(ROWS_PORT, L_u8RowNumb, DIO_LOW) ;
		for (L_u8Col = 0 ; L_u8Col < 4 ; L_u8Col ++)
    308a:	89 a1       	ldd	r24, Y+33	; 0x21
    308c:	8f 5f       	subi	r24, 0xFF	; 255
    308e:	89 a3       	std	Y+33, r24	; 0x21
    3090:	89 a1       	ldd	r24, Y+33	; 0x21
    3092:	84 30       	cpi	r24, 0x04	; 4
    3094:	08 f4       	brcc	.+2      	; 0x3098 <HKP_u8GetValue+0x26c>
    3096:	e3 ce       	rjmp	.-570    	; 0x2e5e <HKP_u8GetValue+0x32>
					while (MDIO_u8ReadPinValue(COLS_PORT, L_u8ColNumb) == 0);
					_delay_ms(50) ;
				}
			}
		}
		MDIO_voidSetPinValue(ROWS_PORT, L_u8RowNumb, DIO_HIGH) ;
    3098:	82 e0       	ldi	r24, 0x02	; 2
    309a:	6e 8d       	ldd	r22, Y+30	; 0x1e
    309c:	41 e0       	ldi	r20, 0x01	; 1
    309e:	0e 94 11 08 	call	0x1022	; 0x1022 <MDIO_voidSetPinValue>
	MDIO_voidSetPinValue(COLS_PORT, COL4_PIN, DIO_HIGH) ;
}
u8   HKP_u8GetValue (void)
{
	u8 L_u8Col , L_u8Row , L_u8PressedValue = KP_NOT_PRESSED ;
	for (L_u8Row = 0 ; L_u8Row < 4 ; L_u8Row ++)
    30a2:	88 a1       	ldd	r24, Y+32	; 0x20
    30a4:	8f 5f       	subi	r24, 0xFF	; 255
    30a6:	88 a3       	std	Y+32, r24	; 0x20
    30a8:	88 a1       	ldd	r24, Y+32	; 0x20
    30aa:	84 30       	cpi	r24, 0x04	; 4
    30ac:	08 f4       	brcc	.+2      	; 0x30b0 <HKP_u8GetValue+0x284>
    30ae:	cc ce       	rjmp	.-616    	; 0x2e48 <HKP_u8GetValue+0x1c>
				}
			}
		}
		MDIO_voidSetPinValue(ROWS_PORT, L_u8RowNumb, DIO_HIGH) ;
	}
	return L_u8PressedValue ;
    30b0:	8f 8d       	ldd	r24, Y+31	; 0x1f
}
    30b2:	a1 96       	adiw	r28, 0x21	; 33
    30b4:	0f b6       	in	r0, 0x3f	; 63
    30b6:	f8 94       	cli
    30b8:	de bf       	out	0x3e, r29	; 62
    30ba:	0f be       	out	0x3f, r0	; 63
    30bc:	cd bf       	out	0x3d, r28	; 61
    30be:	cf 91       	pop	r28
    30c0:	df 91       	pop	r29
    30c2:	08 95       	ret

000030c4 <HBuzzer_InitBuzzer>:
#include"../../LIB/STD_TYPES.h"
#include"../../MCAL/DIO/DIO.h"
#include"BUZZER.h"

void HBuzzer_InitBuzzer    (void)
{
    30c4:	df 93       	push	r29
    30c6:	cf 93       	push	r28
    30c8:	cd b7       	in	r28, 0x3d	; 61
    30ca:	de b7       	in	r29, 0x3e	; 62
	MDIO_voidInitPin(BUZZER_PORT, BUZZER_PIN, DIO_OUTPUT) ;
    30cc:	82 e0       	ldi	r24, 0x02	; 2
    30ce:	66 e0       	ldi	r22, 0x06	; 6
    30d0:	41 e0       	ldi	r20, 0x01	; 1
    30d2:	0e 94 38 07 	call	0xe70	; 0xe70 <MDIO_voidInitPin>
}
    30d6:	cf 91       	pop	r28
    30d8:	df 91       	pop	r29
    30da:	08 95       	ret

000030dc <HBuzzer_TurnOnBuzzer>:
void HBuzzer_TurnOnBuzzer  (void)
{
    30dc:	df 93       	push	r29
    30de:	cf 93       	push	r28
    30e0:	cd b7       	in	r28, 0x3d	; 61
    30e2:	de b7       	in	r29, 0x3e	; 62
	MDIO_voidSetPinValue(BUZZER_PORT, BUZZER_PIN, DIO_HIGH) ;
    30e4:	82 e0       	ldi	r24, 0x02	; 2
    30e6:	66 e0       	ldi	r22, 0x06	; 6
    30e8:	41 e0       	ldi	r20, 0x01	; 1
    30ea:	0e 94 11 08 	call	0x1022	; 0x1022 <MDIO_voidSetPinValue>
}
    30ee:	cf 91       	pop	r28
    30f0:	df 91       	pop	r29
    30f2:	08 95       	ret

000030f4 <HBuzzer_TurnOffBuzzer>:
void HBuzzer_TurnOffBuzzer (void)
{
    30f4:	df 93       	push	r29
    30f6:	cf 93       	push	r28
    30f8:	cd b7       	in	r28, 0x3d	; 61
    30fa:	de b7       	in	r29, 0x3e	; 62
	MDIO_voidSetPinValue(BUZZER_PORT, BUZZER_PIN, DIO_LOW) ;
    30fc:	82 e0       	ldi	r24, 0x02	; 2
    30fe:	66 e0       	ldi	r22, 0x06	; 6
    3100:	40 e0       	ldi	r20, 0x00	; 0
    3102:	0e 94 11 08 	call	0x1022	; 0x1022 <MDIO_voidSetPinValue>
}
    3106:	cf 91       	pop	r28
    3108:	df 91       	pop	r29
    310a:	08 95       	ret

0000310c <HBuzzer_TogBuzzer>:
void HBuzzer_TogBuzzer     (void)
{
    310c:	df 93       	push	r29
    310e:	cf 93       	push	r28
    3110:	cd b7       	in	r28, 0x3d	; 61
    3112:	de b7       	in	r29, 0x3e	; 62
	MDIO_voidTogPinValue(BUZZER_PORT, BUZZER_PIN) ;
    3114:	82 e0       	ldi	r24, 0x02	; 2
    3116:	66 e0       	ldi	r22, 0x06	; 6
    3118:	0e 94 ea 08 	call	0x11d4	; 0x11d4 <MDIO_voidTogPinValue>
}
    311c:	cf 91       	pop	r28
    311e:	df 91       	pop	r29
    3120:	08 95       	ret

00003122 <LCD_PrintNumber>:

#include <util/delay.h>

// Function to print 2-digit number on LCD
void LCD_PrintNumber(u8 num)
{
    3122:	df 93       	push	r29
    3124:	cf 93       	push	r28
    3126:	00 d0       	rcall	.+0      	; 0x3128 <LCD_PrintNumber+0x6>
    3128:	0f 92       	push	r0
    312a:	cd b7       	in	r28, 0x3d	; 61
    312c:	de b7       	in	r29, 0x3e	; 62
    312e:	8b 83       	std	Y+3, r24	; 0x03
    u8 tens = num / 10;
    3130:	8b 81       	ldd	r24, Y+3	; 0x03
    3132:	9a e0       	ldi	r25, 0x0A	; 10
    3134:	69 2f       	mov	r22, r25
    3136:	0e 94 b4 19 	call	0x3368	; 0x3368 <__udivmodqi4>
    313a:	8a 83       	std	Y+2, r24	; 0x02
    u8 ones = num % 10;
    313c:	8b 81       	ldd	r24, Y+3	; 0x03
    313e:	9a e0       	ldi	r25, 0x0A	; 10
    3140:	69 2f       	mov	r22, r25
    3142:	0e 94 b4 19 	call	0x3368	; 0x3368 <__udivmodqi4>
    3146:	89 2f       	mov	r24, r25
    3148:	89 83       	std	Y+1, r24	; 0x01

    if(tens == 0)
    314a:	8a 81       	ldd	r24, Y+2	; 0x02
    314c:	88 23       	and	r24, r24
    314e:	21 f4       	brne	.+8      	; 0x3158 <LCD_PrintNumber+0x36>
        HLCD_voidWriteData(' ');  // Space for single digit
    3150:	80 e2       	ldi	r24, 0x20	; 32
    3152:	0e 94 34 13 	call	0x2668	; 0x2668 <HLCD_voidWriteData>
    3156:	04 c0       	rjmp	.+8      	; 0x3160 <LCD_PrintNumber+0x3e>
    else
        HLCD_voidWriteData(tens + '0');
    3158:	8a 81       	ldd	r24, Y+2	; 0x02
    315a:	80 5d       	subi	r24, 0xD0	; 208
    315c:	0e 94 34 13 	call	0x2668	; 0x2668 <HLCD_voidWriteData>

    HLCD_voidWriteData(ones + '0');
    3160:	89 81       	ldd	r24, Y+1	; 0x01
    3162:	80 5d       	subi	r24, 0xD0	; 208
    3164:	0e 94 34 13 	call	0x2668	; 0x2668 <HLCD_voidWriteData>
}
    3168:	0f 90       	pop	r0
    316a:	0f 90       	pop	r0
    316c:	0f 90       	pop	r0
    316e:	cf 91       	pop	r28
    3170:	df 91       	pop	r29
    3172:	08 95       	ret

00003174 <main>:

void main(void)
{
    3174:	df 93       	push	r29
    3176:	cf 93       	push	r28
    3178:	cd b7       	in	r28, 0x3d	; 61
    317a:	de b7       	in	r29, 0x3e	; 62
    317c:	62 97       	sbiw	r28, 0x12	; 18
    317e:	0f b6       	in	r0, 0x3f	; 63
    3180:	f8 94       	cli
    3182:	de bf       	out	0x3e, r29	; 62
    3184:	0f be       	out	0x3f, r0	; 63
    3186:	cd bf       	out	0x3d, r28	; 61
    u8 temp = 0;
    3188:	1a 8a       	std	Y+18, r1	; 0x12
    u8 prev_temp = 255;
    318a:	8f ef       	ldi	r24, 0xFF	; 255
    318c:	89 8b       	std	Y+17, r24	; 0x11
    u8 mode = 0;
    318e:	18 8a       	std	Y+16, r1	; 0x10
    u8 prev_mode = 255;
    3190:	8f ef       	ldi	r24, 0xFF	; 255
    3192:	8f 87       	std	Y+15, r24	; 0x0f

    // Initialize
    HLCD_voidInit();
    3194:	0e 94 67 0e 	call	0x1cce	; 0x1cce <HLCD_voidInit>
    HLM35_voidInit();
    3198:	0e 94 9f 0c 	call	0x193e	; 0x193e <HLM35_voidInit>
    HMotor_voidInit();
    319c:	0e 94 5b 0c 	call	0x18b6	; 0x18b6 <HMotor_voidInit>

    HLCD_voidClearScreen();
    31a0:	0e 94 e4 14 	call	0x29c8	; 0x29c8 <HLCD_voidClearScreen>

    // ============================================================
    // SETUP DISPLAY ONCE
    // ============================================================
    // Row 0: Welcome
    HLCD_voidMoveCursor(0, 0);
    31a4:	80 e0       	ldi	r24, 0x00	; 0
    31a6:	60 e0       	ldi	r22, 0x00	; 0
    31a8:	0e 94 7c 16 	call	0x2cf8	; 0x2cf8 <HLCD_voidMoveCursor>
    HLCD_voidSendStr((u8*)"Welcome Team 3");
    31ac:	80 e6       	ldi	r24, 0x60	; 96
    31ae:	90 e0       	ldi	r25, 0x00	; 0
    31b0:	0e 94 bb 14 	call	0x2976	; 0x2976 <HLCD_voidSendStr>

    // Row 1: Temperature label
    HLCD_voidMoveCursor(1, 0);
    31b4:	81 e0       	ldi	r24, 0x01	; 1
    31b6:	60 e0       	ldi	r22, 0x00	; 0
    31b8:	0e 94 7c 16 	call	0x2cf8	; 0x2cf8 <HLCD_voidMoveCursor>
    HLCD_voidSendStr((u8*)"Temp:    C");
    31bc:	8f e6       	ldi	r24, 0x6F	; 111
    31be:	90 e0       	ldi	r25, 0x00	; 0
    31c0:	0e 94 bb 14 	call	0x2976	; 0x2976 <HLCD_voidSendStr>

    // Row 2: Mode label
    HLCD_voidMoveCursor(0, 16);
    31c4:	80 e0       	ldi	r24, 0x00	; 0
    31c6:	60 e1       	ldi	r22, 0x10	; 16
    31c8:	0e 94 7c 16 	call	0x2cf8	; 0x2cf8 <HLCD_voidMoveCursor>
    HLCD_voidSendStr((u8*)"Mode: ");
    31cc:	8a e7       	ldi	r24, 0x7A	; 122
    31ce:	90 e0       	ldi	r25, 0x00	; 0
    31d0:	0e 94 bb 14 	call	0x2976	; 0x2976 <HLCD_voidSendStr>

    while(1)
    {
        // Read temperature
        temp = HLM35_u8GetTemp(CHANNEL_0);
    31d4:	80 e0       	ldi	r24, 0x00	; 0
    31d6:	0e 94 aa 0c 	call	0x1954	; 0x1954 <HLM35_u8GetTemp>
    31da:	8a 8b       	std	Y+18, r24	; 0x12

        // ============================================================
        // UPDATE TEMPERATURE (Row 1, Column 6)
        // ============================================================
        if(temp != prev_temp)
    31dc:	9a 89       	ldd	r25, Y+18	; 0x12
    31de:	89 89       	ldd	r24, Y+17	; 0x11
    31e0:	98 17       	cp	r25, r24
    31e2:	49 f0       	breq	.+18     	; 0x31f6 <main+0x82>
        {
            HLCD_voidMoveCursor(1, 6);
    31e4:	81 e0       	ldi	r24, 0x01	; 1
    31e6:	66 e0       	ldi	r22, 0x06	; 6
    31e8:	0e 94 7c 16 	call	0x2cf8	; 0x2cf8 <HLCD_voidMoveCursor>
            LCD_PrintNumber(temp);
    31ec:	8a 89       	ldd	r24, Y+18	; 0x12
    31ee:	0e 94 91 18 	call	0x3122	; 0x3122 <LCD_PrintNumber>
            prev_temp = temp;
    31f2:	8a 89       	ldd	r24, Y+18	; 0x12
    31f4:	89 8b       	std	Y+17, r24	; 0x11
        }

        // ============================================================
        // UPDATE MODE (Row 2, Column 6)
        // ============================================================
        if(temp < 10)
    31f6:	8a 89       	ldd	r24, Y+18	; 0x12
    31f8:	8a 30       	cpi	r24, 0x0A	; 10
    31fa:	10 f4       	brcc	.+4      	; 0x3200 <main+0x8c>
            mode = 0;   // Cooling
    31fc:	18 8a       	std	Y+16, r1	; 0x10
    31fe:	02 c0       	rjmp	.+4      	; 0x3204 <main+0x90>
        else
            mode = 1;   // Heating
    3200:	81 e0       	ldi	r24, 0x01	; 1
    3202:	88 8b       	std	Y+16, r24	; 0x10


        if(mode != prev_mode)
    3204:	98 89       	ldd	r25, Y+16	; 0x10
    3206:	8f 85       	ldd	r24, Y+15	; 0x0f
    3208:	98 17       	cp	r25, r24
    320a:	e1 f0       	breq	.+56     	; 0x3244 <main+0xd0>
        {
            HLCD_voidMoveCursor(2, 2);
    320c:	82 e0       	ldi	r24, 0x02	; 2
    320e:	62 e0       	ldi	r22, 0x02	; 2
    3210:	0e 94 7c 16 	call	0x2cf8	; 0x2cf8 <HLCD_voidMoveCursor>

            if(mode == 1)
    3214:	88 89       	ldd	r24, Y+16	; 0x10
    3216:	81 30       	cpi	r24, 0x01	; 1
    3218:	51 f4       	brne	.+20     	; 0x322e <main+0xba>
            {
                HLCD_voidSendStr((u8*)"Cooling ");
    321a:	81 e8       	ldi	r24, 0x81	; 129
    321c:	90 e0       	ldi	r25, 0x00	; 0
    321e:	0e 94 bb 14 	call	0x2976	; 0x2976 <HLCD_voidSendStr>
                HMotor_voidCCW();   // Cooling → Counter Clockwise
    3222:	0e 94 7d 0c 	call	0x18fa	; 0x18fa <HMotor_voidCCW>
                temp++;
    3226:	8a 89       	ldd	r24, Y+18	; 0x12
    3228:	8f 5f       	subi	r24, 0xFF	; 255
    322a:	8a 8b       	std	Y+18, r24	; 0x12
    322c:	09 c0       	rjmp	.+18     	; 0x3240 <main+0xcc>
            }
            else
            {
                HLCD_voidSendStr((u8*)"Heating ");
    322e:	8a e8       	ldi	r24, 0x8A	; 138
    3230:	90 e0       	ldi	r25, 0x00	; 0
    3232:	0e 94 bb 14 	call	0x2976	; 0x2976 <HLCD_voidSendStr>
                HMotor_voidCW();    // Heating → Clockwise
    3236:	0e 94 6c 0c 	call	0x18d8	; 0x18d8 <HMotor_voidCW>
                temp++;
    323a:	8a 89       	ldd	r24, Y+18	; 0x12
    323c:	8f 5f       	subi	r24, 0xFF	; 255
    323e:	8a 8b       	std	Y+18, r24	; 0x12
            }

            prev_mode = mode;
    3240:	88 89       	ldd	r24, Y+16	; 0x10
    3242:	8f 87       	std	Y+15, r24	; 0x0f
    3244:	80 e0       	ldi	r24, 0x00	; 0
    3246:	90 e0       	ldi	r25, 0x00	; 0
    3248:	aa ef       	ldi	r26, 0xFA	; 250
    324a:	b3 e4       	ldi	r27, 0x43	; 67
    324c:	8b 87       	std	Y+11, r24	; 0x0b
    324e:	9c 87       	std	Y+12, r25	; 0x0c
    3250:	ad 87       	std	Y+13, r26	; 0x0d
    3252:	be 87       	std	Y+14, r27	; 0x0e
 */
void
_delay_ms(double __ms)
{
	uint16_t __ticks;
	double __tmp = ((F_CPU) / 4e3) * __ms;
    3254:	6b 85       	ldd	r22, Y+11	; 0x0b
    3256:	7c 85       	ldd	r23, Y+12	; 0x0c
    3258:	8d 85       	ldd	r24, Y+13	; 0x0d
    325a:	9e 85       	ldd	r25, Y+14	; 0x0e
    325c:	20 e0       	ldi	r18, 0x00	; 0
    325e:	30 e0       	ldi	r19, 0x00	; 0
    3260:	4a ef       	ldi	r20, 0xFA	; 250
    3262:	54 e4       	ldi	r21, 0x44	; 68
    3264:	0e 94 1f 02 	call	0x43e	; 0x43e <__mulsf3>
    3268:	dc 01       	movw	r26, r24
    326a:	cb 01       	movw	r24, r22
    326c:	8f 83       	std	Y+7, r24	; 0x07
    326e:	98 87       	std	Y+8, r25	; 0x08
    3270:	a9 87       	std	Y+9, r26	; 0x09
    3272:	ba 87       	std	Y+10, r27	; 0x0a
	if (__tmp < 1.0)
    3274:	6f 81       	ldd	r22, Y+7	; 0x07
    3276:	78 85       	ldd	r23, Y+8	; 0x08
    3278:	89 85       	ldd	r24, Y+9	; 0x09
    327a:	9a 85       	ldd	r25, Y+10	; 0x0a
    327c:	20 e0       	ldi	r18, 0x00	; 0
    327e:	30 e0       	ldi	r19, 0x00	; 0
    3280:	40 e8       	ldi	r20, 0x80	; 128
    3282:	5f e3       	ldi	r21, 0x3F	; 63
    3284:	0e 94 79 03 	call	0x6f2	; 0x6f2 <__ltsf2>
    3288:	88 23       	and	r24, r24
    328a:	2c f4       	brge	.+10     	; 0x3296 <main+0x122>
		__ticks = 1;
    328c:	81 e0       	ldi	r24, 0x01	; 1
    328e:	90 e0       	ldi	r25, 0x00	; 0
    3290:	9e 83       	std	Y+6, r25	; 0x06
    3292:	8d 83       	std	Y+5, r24	; 0x05
    3294:	3f c0       	rjmp	.+126    	; 0x3314 <main+0x1a0>
	else if (__tmp > 65535)
    3296:	6f 81       	ldd	r22, Y+7	; 0x07
    3298:	78 85       	ldd	r23, Y+8	; 0x08
    329a:	89 85       	ldd	r24, Y+9	; 0x09
    329c:	9a 85       	ldd	r25, Y+10	; 0x0a
    329e:	20 e0       	ldi	r18, 0x00	; 0
    32a0:	3f ef       	ldi	r19, 0xFF	; 255
    32a2:	4f e7       	ldi	r20, 0x7F	; 127
    32a4:	57 e4       	ldi	r21, 0x47	; 71
    32a6:	0e 94 19 03 	call	0x632	; 0x632 <__gtsf2>
    32aa:	18 16       	cp	r1, r24
    32ac:	4c f5       	brge	.+82     	; 0x3300 <main+0x18c>
	{
		//	__ticks = requested delay in 1/10 ms
		__ticks = (uint16_t) (__ms * 10.0);
    32ae:	6b 85       	ldd	r22, Y+11	; 0x0b
    32b0:	7c 85       	ldd	r23, Y+12	; 0x0c
    32b2:	8d 85       	ldd	r24, Y+13	; 0x0d
    32b4:	9e 85       	ldd	r25, Y+14	; 0x0e
    32b6:	20 e0       	ldi	r18, 0x00	; 0
    32b8:	30 e0       	ldi	r19, 0x00	; 0
    32ba:	40 e2       	ldi	r20, 0x20	; 32
    32bc:	51 e4       	ldi	r21, 0x41	; 65
    32be:	0e 94 1f 02 	call	0x43e	; 0x43e <__mulsf3>
    32c2:	dc 01       	movw	r26, r24
    32c4:	cb 01       	movw	r24, r22
    32c6:	bc 01       	movw	r22, r24
    32c8:	cd 01       	movw	r24, r26
    32ca:	0e 94 49 00 	call	0x92	; 0x92 <__fixunssfsi>
    32ce:	dc 01       	movw	r26, r24
    32d0:	cb 01       	movw	r24, r22
    32d2:	9e 83       	std	Y+6, r25	; 0x06
    32d4:	8d 83       	std	Y+5, r24	; 0x05
    32d6:	0f c0       	rjmp	.+30     	; 0x32f6 <main+0x182>
    32d8:	88 ec       	ldi	r24, 0xC8	; 200
    32da:	90 e0       	ldi	r25, 0x00	; 0
    32dc:	9c 83       	std	Y+4, r25	; 0x04
    32de:	8b 83       	std	Y+3, r24	; 0x03
    32e0:	8b 81       	ldd	r24, Y+3	; 0x03
    32e2:	9c 81       	ldd	r25, Y+4	; 0x04
    32e4:	01 97       	sbiw	r24, 0x01	; 1
    32e6:	f1 f7       	brne	.-4      	; 0x32e4 <main+0x170>
    32e8:	9c 83       	std	Y+4, r25	; 0x04
    32ea:	8b 83       	std	Y+3, r24	; 0x03
		while(__ticks)
		{
			// wait 1/10 ms
			_delay_loop_2(((F_CPU) / 4e3) / 10);
			__ticks --;
    32ec:	8d 81       	ldd	r24, Y+5	; 0x05
    32ee:	9e 81       	ldd	r25, Y+6	; 0x06
    32f0:	01 97       	sbiw	r24, 0x01	; 1
    32f2:	9e 83       	std	Y+6, r25	; 0x06
    32f4:	8d 83       	std	Y+5, r24	; 0x05
		__ticks = 1;
	else if (__tmp > 65535)
	{
		//	__ticks = requested delay in 1/10 ms
		__ticks = (uint16_t) (__ms * 10.0);
		while(__ticks)
    32f6:	8d 81       	ldd	r24, Y+5	; 0x05
    32f8:	9e 81       	ldd	r25, Y+6	; 0x06
    32fa:	00 97       	sbiw	r24, 0x00	; 0
    32fc:	69 f7       	brne	.-38     	; 0x32d8 <main+0x164>
    32fe:	6a cf       	rjmp	.-300    	; 0x31d4 <main+0x60>
			__ticks --;
		}
		return;
	}
	else
		__ticks = (uint16_t)__tmp;
    3300:	6f 81       	ldd	r22, Y+7	; 0x07
    3302:	78 85       	ldd	r23, Y+8	; 0x08
    3304:	89 85       	ldd	r24, Y+9	; 0x09
    3306:	9a 85       	ldd	r25, Y+10	; 0x0a
    3308:	0e 94 49 00 	call	0x92	; 0x92 <__fixunssfsi>
    330c:	dc 01       	movw	r26, r24
    330e:	cb 01       	movw	r24, r22
    3310:	9e 83       	std	Y+6, r25	; 0x06
    3312:	8d 83       	std	Y+5, r24	; 0x05
    3314:	8d 81       	ldd	r24, Y+5	; 0x05
    3316:	9e 81       	ldd	r25, Y+6	; 0x06
    3318:	9a 83       	std	Y+2, r25	; 0x02
    331a:	89 83       	std	Y+1, r24	; 0x01
    331c:	89 81       	ldd	r24, Y+1	; 0x01
    331e:	9a 81       	ldd	r25, Y+2	; 0x02
    3320:	01 97       	sbiw	r24, 0x01	; 1
    3322:	f1 f7       	brne	.-4      	; 0x3320 <main+0x1ac>
    3324:	9a 83       	std	Y+2, r25	; 0x02
    3326:	89 83       	std	Y+1, r24	; 0x01
    3328:	55 cf       	rjmp	.-342    	; 0x31d4 <main+0x60>

0000332a <__mulsi3>:
    332a:	62 9f       	mul	r22, r18
    332c:	d0 01       	movw	r26, r0
    332e:	73 9f       	mul	r23, r19
    3330:	f0 01       	movw	r30, r0
    3332:	82 9f       	mul	r24, r18
    3334:	e0 0d       	add	r30, r0
    3336:	f1 1d       	adc	r31, r1
    3338:	64 9f       	mul	r22, r20
    333a:	e0 0d       	add	r30, r0
    333c:	f1 1d       	adc	r31, r1
    333e:	92 9f       	mul	r25, r18
    3340:	f0 0d       	add	r31, r0
    3342:	83 9f       	mul	r24, r19
    3344:	f0 0d       	add	r31, r0
    3346:	74 9f       	mul	r23, r20
    3348:	f0 0d       	add	r31, r0
    334a:	65 9f       	mul	r22, r21
    334c:	f0 0d       	add	r31, r0
    334e:	99 27       	eor	r25, r25
    3350:	72 9f       	mul	r23, r18
    3352:	b0 0d       	add	r27, r0
    3354:	e1 1d       	adc	r30, r1
    3356:	f9 1f       	adc	r31, r25
    3358:	63 9f       	mul	r22, r19
    335a:	b0 0d       	add	r27, r0
    335c:	e1 1d       	adc	r30, r1
    335e:	f9 1f       	adc	r31, r25
    3360:	bd 01       	movw	r22, r26
    3362:	cf 01       	movw	r24, r30
    3364:	11 24       	eor	r1, r1
    3366:	08 95       	ret

00003368 <__udivmodqi4>:
    3368:	99 1b       	sub	r25, r25
    336a:	79 e0       	ldi	r23, 0x09	; 9
    336c:	04 c0       	rjmp	.+8      	; 0x3376 <__udivmodqi4_ep>

0000336e <__udivmodqi4_loop>:
    336e:	99 1f       	adc	r25, r25
    3370:	96 17       	cp	r25, r22
    3372:	08 f0       	brcs	.+2      	; 0x3376 <__udivmodqi4_ep>
    3374:	96 1b       	sub	r25, r22

00003376 <__udivmodqi4_ep>:
    3376:	88 1f       	adc	r24, r24
    3378:	7a 95       	dec	r23
    337a:	c9 f7       	brne	.-14     	; 0x336e <__udivmodqi4_loop>
    337c:	80 95       	com	r24
    337e:	08 95       	ret

00003380 <__udivmodsi4>:
    3380:	a1 e2       	ldi	r26, 0x21	; 33
    3382:	1a 2e       	mov	r1, r26
    3384:	aa 1b       	sub	r26, r26
    3386:	bb 1b       	sub	r27, r27
    3388:	fd 01       	movw	r30, r26
    338a:	0d c0       	rjmp	.+26     	; 0x33a6 <__udivmodsi4_ep>

0000338c <__udivmodsi4_loop>:
    338c:	aa 1f       	adc	r26, r26
    338e:	bb 1f       	adc	r27, r27
    3390:	ee 1f       	adc	r30, r30
    3392:	ff 1f       	adc	r31, r31
    3394:	a2 17       	cp	r26, r18
    3396:	b3 07       	cpc	r27, r19
    3398:	e4 07       	cpc	r30, r20
    339a:	f5 07       	cpc	r31, r21
    339c:	20 f0       	brcs	.+8      	; 0x33a6 <__udivmodsi4_ep>
    339e:	a2 1b       	sub	r26, r18
    33a0:	b3 0b       	sbc	r27, r19
    33a2:	e4 0b       	sbc	r30, r20
    33a4:	f5 0b       	sbc	r31, r21

000033a6 <__udivmodsi4_ep>:
    33a6:	66 1f       	adc	r22, r22
    33a8:	77 1f       	adc	r23, r23
    33aa:	88 1f       	adc	r24, r24
    33ac:	99 1f       	adc	r25, r25
    33ae:	1a 94       	dec	r1
    33b0:	69 f7       	brne	.-38     	; 0x338c <__udivmodsi4_loop>
    33b2:	60 95       	com	r22
    33b4:	70 95       	com	r23
    33b6:	80 95       	com	r24
    33b8:	90 95       	com	r25
    33ba:	9b 01       	movw	r18, r22
    33bc:	ac 01       	movw	r20, r24
    33be:	bd 01       	movw	r22, r26
    33c0:	cf 01       	movw	r24, r30
    33c2:	08 95       	ret

000033c4 <__prologue_saves__>:
    33c4:	2f 92       	push	r2
    33c6:	3f 92       	push	r3
    33c8:	4f 92       	push	r4
    33ca:	5f 92       	push	r5
    33cc:	6f 92       	push	r6
    33ce:	7f 92       	push	r7
    33d0:	8f 92       	push	r8
    33d2:	9f 92       	push	r9
    33d4:	af 92       	push	r10
    33d6:	bf 92       	push	r11
    33d8:	cf 92       	push	r12
    33da:	df 92       	push	r13
    33dc:	ef 92       	push	r14
    33de:	ff 92       	push	r15
    33e0:	0f 93       	push	r16
    33e2:	1f 93       	push	r17
    33e4:	cf 93       	push	r28
    33e6:	df 93       	push	r29
    33e8:	cd b7       	in	r28, 0x3d	; 61
    33ea:	de b7       	in	r29, 0x3e	; 62
    33ec:	ca 1b       	sub	r28, r26
    33ee:	db 0b       	sbc	r29, r27
    33f0:	0f b6       	in	r0, 0x3f	; 63
    33f2:	f8 94       	cli
    33f4:	de bf       	out	0x3e, r29	; 62
    33f6:	0f be       	out	0x3f, r0	; 63
    33f8:	cd bf       	out	0x3d, r28	; 61
    33fa:	09 94       	ijmp

000033fc <__epilogue_restores__>:
    33fc:	2a 88       	ldd	r2, Y+18	; 0x12
    33fe:	39 88       	ldd	r3, Y+17	; 0x11
    3400:	48 88       	ldd	r4, Y+16	; 0x10
    3402:	5f 84       	ldd	r5, Y+15	; 0x0f
    3404:	6e 84       	ldd	r6, Y+14	; 0x0e
    3406:	7d 84       	ldd	r7, Y+13	; 0x0d
    3408:	8c 84       	ldd	r8, Y+12	; 0x0c
    340a:	9b 84       	ldd	r9, Y+11	; 0x0b
    340c:	aa 84       	ldd	r10, Y+10	; 0x0a
    340e:	b9 84       	ldd	r11, Y+9	; 0x09
    3410:	c8 84       	ldd	r12, Y+8	; 0x08
    3412:	df 80       	ldd	r13, Y+7	; 0x07
    3414:	ee 80       	ldd	r14, Y+6	; 0x06
    3416:	fd 80       	ldd	r15, Y+5	; 0x05
    3418:	0c 81       	ldd	r16, Y+4	; 0x04
    341a:	1b 81       	ldd	r17, Y+3	; 0x03
    341c:	aa 81       	ldd	r26, Y+2	; 0x02
    341e:	b9 81       	ldd	r27, Y+1	; 0x01
    3420:	ce 0f       	add	r28, r30
    3422:	d1 1d       	adc	r29, r1
    3424:	0f b6       	in	r0, 0x3f	; 63
    3426:	f8 94       	cli
    3428:	de bf       	out	0x3e, r29	; 62
    342a:	0f be       	out	0x3f, r0	; 63
    342c:	cd bf       	out	0x3d, r28	; 61
    342e:	ed 01       	movw	r28, r26
    3430:	08 95       	ret

00003432 <_exit>:
    3432:	f8 94       	cli

00003434 <__stop_program>:
    3434:	ff cf       	rjmp	.-2      	; 0x3434 <__stop_program>
